{"stats":{"minecraft:broken":{"minecraft:stone_pickaxe":1,"minecraft:iron_pickaxe":1},"minecraft:crafted":{"minecraft:oak_planks":8,"minecraft:fishing_rod":1,"minecraft:furnace":3,"minecraft:iron_boots":1,"minecraft:iron_axe":1,"minecraft:stone_pickaxe":1,"createindustry:lead_pickaxe":1,"minecraft:cooked_cod":2,"minecraft:crafting_table":3,"minecraft:wooden_pickaxe":1,"minecraft:iron_helmet":1,"minecraft:iron_sword":2,"minecraft:cooked_salmon":2,"minecraft:bucket":1,"minecraft:air":0,"minecraft:iron_chestplate":1,"minecraft:shield":1,"minecraft:stick":8,"minecraft:iron_ingot":40,"minecraft:iron_pickaxe":2,"createindustry:lead_ingot":3,"minecraft:iron_leggings":1,"minecraft:acacia_planks":64,"minecraft:torch":48},"minecraft:mined":{"create:zinc_ore":4,"create:deepslate_zinc_ore":1,"minecraft:tuff":20,"biomesoplenty:glowshroom":1,"minecraft:deepslate_diamond_ore":5,"biomesoplenty:desert_grass":5,"minecraft:granite":24,"minecraft:acacia_log":1,"minecraft:grass_block":3,"biomesoplenty:dead_grass":3,"biomesoplenty:orange_sandstone":17,"biomesoplenty:dune_grass":3,"minecraft:spawner":1,"minecraft:furnace":10,"minecraft:iron_ore":82,"createindustry:nickel_ore":1,"minecraft:andesite":30,"createindustry:galena":1,"createindustry:lead_ore":11,"minecraft:deepslate_iron_ore":6,"createindustry:deepslate_nickel_ore":4,"minecraft:stone":130,"create:veridium":10,"biomesoplenty:glowing_moss_carpet":1,"biomesoplenty:orange_sand":3,"create_new_age:magnetite_block":4,"minecraft:crafting_table":4,"minecraft:torch":3,"minecraft:cobblestone":7,"minecraft:deepslate_coal_ore":3,"biomesoplenty:sprout":3,"minecraft:deepslate_gold_ore":2,"minecraft:oak_planks":5,"supplementaries:urn":12,"createindustry:deepslate_lead_ore":3,"farmersdelight:sandy_shrub":1,"minecraft:oak_log":2,"minecraft:coal_ore":40,"createindustry:deepslate_lithium_ore":5,"minecraft:sand":9,"minecraft:dirt":5,"minecraft:cobweb":44,"minecraft:smooth_basalt":6,"minecraft:gold_ore":5,"minecraft:deepslate":26},"minecraft:picked_up":{"minecraft:crafting_table":4,"minecraft:string":47,"createindustry:raw_nickel":7,"minecraft:pufferfish":1,"irons_spellbooks:arcane_essence":2,"minecraft:cobbled_deepslate":27,"createindustry:raw_lead":14,"minecraft:iron_nugget":17,"minecraft:furnace":10,"minecraft:stick":20,"minecraft:raw_iron":97,"minecraft:torch":28,"minecraft:acacia_log":17,"minecraft:carrot":14,"minecraft:arrow":15,"minecraft:rotten_flesh":14,"minecraft:cooked_cod":33,"biomesoplenty:orange_sandstone":17,"supplementaries:antique_ink":2,"create:veridium":10,"supplementaries:ash":11,"minecraft:rail":1,"minecraft:cod":2,"biomesoplenty:orange_sand":13,"minecraft:cobblestone":131,"minecraft:andesite":30,"minecraft:salmon":2,"biomesoplenty:glowshroom":1,"minecraft:oak_log":2,"minecraft:tuff":20,"create:raw_zinc":5,"supplementaries:flax_seeds":2,"minecraft:gunpowder":2,"createindustry:galena":1,"minecraft:dirt":8,"biomesoplenty:glowing_moss_carpet":1,"minecraft:bone":15,"minecraft:raw_gold":7,"create_new_age:magnetite_block":4,"minecraft:iron_ingot":5,"spore:mutated_fiber":14,"minecraft:iron_sword":1,"minecraft:oak_planks":5,"minecraft:smooth_basalt":6,"minecraft:sand":9,"dynamictrees:acacia_seed":2,"createindustry:raw_lithium":5,"minecraft:ink_sac":20,"minecraft:spider_eye":4,"spore:claw_fragment":1,"minecraft:diamond":5,"minecraft:granite":24,"minecraft:emerald":3,"minecraft:coal":74},"minecraft:custom":{"minecraft:interact_with_smithing_table":1,"minecraft:mob_kills":32,"minecraft:interact_with_crafting_table":18,"minecraft:open_barrel":4,"minecraft:leave_game":3,"minecraft:time_since_death":63763,"minecraft:sprint_one_cm":172293,"minecraft:walk_one_cm":131898,"minecraft:damage_blocked_by_shield":405,"minecraft:drop":31,"minecraft:play_time":63763,"minecraft:sneak_time":7699,"minecraft:walk_under_water_one_cm":6466,"minecraft:jump":1576,"minecraft:interact_with_blast_furnace":1,"minecraft:walk_on_water_one_cm":17133,"minecraft:total_world_time":63763,"minecraft:interact_with_furnace":57,"minecraft:sleep_in_bed":1,"minecraft:time_since_rest":7779,"minecraft:damage_taken":1418,"minecraft:damage_dealt":6582,"minecraft:swim_one_cm":11077,"minecraft:fly_one_cm":230570,"minecraft:open_chest":12,"minecraft:crouch_one_cm":18662,"minecraft:fish_caught":5,"minecraft:fall_one_cm":28167},"minecraft:killed":{"minecraft:cave_spider":1,"irons_spellbooks:summoned_zombie":3,"minecraft:spider":1,"minecraft:skeleton":8,"minecraft:husk":3,"spore:inf_player":2,"minecraft:creeper":3,"spore:inf_villager":2,"minecraft:zombie":6,"spore:inf_human":3,"spore:busser":1},"minecraft:used":{"minecraft:acacia_log":1,"create:veridium":5,"minecraft:shield":8,"minecraft:iron_sword":189,"minecraft:cooked_salmon":2,"minecraft:torch":34,"minecraft:dirt":1,"minecraft:carrot":24,"minecraft:tuff":11,"minecraft:iron_axe":14,"biomesoplenty:orange_sand":3,"create_new_age:magnetite_block":1,"biomesoplenty:orange_sandstone":6,"minecraft:cooked_cod":24,"minecraft:furnace":10,"minecraft:cobbled_deepslate":22,"minecraft:water_bucket":6,"minecraft:stone_pickaxe":131,"minecraft:wooden_pickaxe":26,"minecraft:sand":9,"minecraft:rail":1,"minecraft:crafting_table":7,"createindustry:lead_pickaxe":4,"minecraft:iron_pickaxe":303,"minecraft:fishing_rod":18,"minecraft:cobblestone":112,"minecraft:bucket":7},"minecraft:dropped":{"createindustry:lead_pickaxe":1,"minecraft:pufferfish":1,"minecraft:dirt":7,"minecraft:ink_sac":20,"createindustry:raw_lead":4,"biomesoplenty:glowshroom":1,"dynamictrees:acacia_seed":2,"create:raw_zinc":5,"minecraft:smooth_basalt":6,"minecraft:cobbled_deepslate":1,"minecraft:rotten_flesh":9,"createindustry:raw_nickel":2,"biomesoplenty:glowing_moss_carpet":1,"supplementaries:flax_seeds":2,"minecraft:gunpowder":1,"create:veridium":5,"minecraft:andesite":30,"createindustry:galena":1,"minecraft:spider_eye":3,"biomesoplenty:orange_sandstone":11,"minecraft:wooden_pickaxe":1}},"DataVersion":3120}