{"stats":{"minecraft:broken":{"minecraft:stone_pickaxe":1},"minecraft:dropped":{"minecraft:wooden_pickaxe":1},"minecraft:mined":{"minecraft:tuff":11,"biomesoplenty:orange_sand":3,"biomesoplenty:desert_grass":2,"minecraft:crafting_table":4,"minecraft:granite":21,"minecraft:acacia_log":1,"minecraft:grass_block":3,"minecraft:deepslate_coal_ore":3,"biomesoplenty:sprout":2,"biomesoplenty:dead_grass":1,"biomesoplenty:orange_sandstone":11,"biomesoplenty:dune_grass":2,"farmersdelight:sandy_shrub":1,"minecraft:furnace":4,"minecraft:iron_ore":20,"createindustry:nickel_ore":1,"minecraft:andesite":16,"minecraft:coal_ore":19,"minecraft:deepslate_iron_ore":6,"minecraft:dirt":5,"minecraft:sand":9,"minecraft:smooth_basalt":6,"minecraft:stone":80,"create:veridium":10},"minecraft:killed":{"minecraft:creeper":1,"spore:inf_human":1},"minecraft:crafted":{"minecraft:crafting_table":2,"minecraft:wooden_pickaxe":1,"minecraft:iron_sword":1,"minecraft:furnace":3,"minecraft:bucket":1,"minecraft:air":0,"minecraft:iron_chestplate":1,"minecraft:iron_axe":1,"minecraft:stick":4,"minecraft:iron_ingot":26,"minecraft:iron_pickaxe":1,"minecraft:stone_pickaxe":1,"minecraft:iron_leggings":1,"minecraft:acacia_planks":64,"minecraft:torch":4},"minecraft:picked_up":{"minecraft:crafting_table":4,"minecraft:andesite":16,"minecraft:tuff":11,"minecraft:dirt":8,"createindustry:raw_nickel":1,"minecraft:iron_ingot":3,"minecraft:furnace":4,"minecraft:stick":20,"minecraft:raw_iron":26,"minecraft:smooth_basalt":6,"minecraft:torch":1,"minecraft:acacia_log":17,"minecraft:sand":9,"dynamictrees:acacia_seed":2,"minecraft:carrot":14,"biomesoplenty:orange_sandstone":11,"minecraft:granite":21,"create:veridium":10,"minecraft:coal":40,"biomesoplenty:orange_sand":3,"minecraft:cobblestone":80},"minecraft:custom":{"minecraft:interact_with_furnace":34,"minecraft:mob_kills":2,"minecraft:interact_with_crafting_table":12,"minecraft:time_since_death":16945,"minecraft:time_since_rest":16945,"minecraft:sprint_one_cm":19677,"minecraft:walk_one_cm":21027,"minecraft:damage_taken":60,"minecraft:drop":1,"minecraft:damage_dealt":366,"minecraft:swim_one_cm":8679,"minecraft:fly_one_cm":49126,"minecraft:crouch_one_cm":6338,"minecraft:play_time":16945,"minecraft:sneak_time":2931,"minecraft:walk_under_water_one_cm":208,"minecraft:jump":215,"minecraft:walk_on_water_one_cm":621,"minecraft:total_world_time":16945,"minecraft:fall_one_cm":3137},"minecraft:used":{"minecraft:acacia_log":1,"minecraft:stone_pickaxe":131,"create:veridium":5,"minecraft:wooden_pickaxe":26,"minecraft:iron_sword":4,"minecraft:torch":3,"minecraft:dirt":1,"minecraft:sand":9,"minecraft:crafting_table":5,"minecraft:carrot":6,"minecraft:tuff":7,"minecraft:iron_axe":7,"minecraft:iron_pickaxe":51,"biomesoplenty:orange_sand":3,"minecraft:cobblestone":2,"minecraft:furnace":4}},"DataVersion":3120}