{"stats":{"minecraft:mined":{"farmersdelight:sandy_shrub":1,"minecraft:sand":9,"biomesoplenty:orange_sand":3,"biomesoplenty:desert_grass":1,"biomesoplenty:sprout":2,"biomesoplenty:dead_grass":1,"biomesoplenty:dune_grass":2},"minecraft:crafted":{"minecraft:iron_axe":1},"minecraft:picked_up":{"minecraft:stick":20,"minecraft:acacia_log":16,"minecraft:iron_ingot":3,"minecraft:sand":9,"dynamictrees:acacia_seed":2,"minecraft:carrot":14,"biomesoplenty:orange_sand":3},"minecraft:custom":{"minecraft:time_since_rest":4945,"minecraft:crouch_one_cm":350,"minecraft:play_time":4945,"minecraft:sprint_one_cm":10788,"minecraft:walk_one_cm":7872,"minecraft:damage_taken":60,"minecraft:sneak_time":208,"minecraft:walk_under_water_one_cm":208,"minecraft:jump":149,"minecraft:damage_dealt":176,"minecraft:time_since_death":4945,"minecraft:walk_on_water_one_cm":621,"minecraft:total_world_time":4945,"minecraft:swim_one_cm":8679,"minecraft:interact_with_crafting_table":1,"minecraft:fall_one_cm":1672,"minecraft:fly_one_cm":36126},"minecraft:used":{"minecraft:sand":9,"minecraft:acacia_log":1,"minecraft:iron_axe":2,"minecraft:carrot":4}},"DataVersion":3120}