{"stats":{"minecraft:custom":{"minecraft:interact_with_furnace":56,"minecraft:mob_kills":21,"minecraft:interact_with_crafting_table":18,"minecraft:leave_game":2,"minecraft:time_since_death":50996,"minecraft:time_since_rest":50996,"minecraft:sprint_one_cm":132397,"minecraft:damage_taken":873,"minecraft:walk_one_cm":99609,"minecraft:drop":23,"minecraft:damage_dealt":4577,"minecraft:swim_one_cm":9895,"minecraft:fly_one_cm":157929,"minecraft:open_chest":4,"minecraft:crouch_one_cm":15725,"minecraft:play_time":50996,"minecraft:sneak_time":6729,"minecraft:walk_under_water_one_cm":1580,"minecraft:jump":1134,"minecraft:walk_on_water_one_cm":6741,"minecraft:total_world_time":50996,"minecraft:fish_caught":5,"minecraft:fall_one_cm":16899},"minecraft:killed":{"minecraft:husk":3,"minecraft:cave_spider":1,"irons_spellbooks:summoned_zombie":3,"minecraft:spider":1,"minecraft:creeper":3,"minecraft:skeleton":5,"spore:inf_human":1,"minecraft:zombie":4,"spore:busser":1},"minecraft:dropped":{"minecraft:cobbled_deepslate":1,"minecraft:rotten_flesh":7,"createindustry:raw_nickel":1,"minecraft:pufferfish":1,"supplementaries:flax_seeds":1,"minecraft:dirt":7,"minecraft:gunpowder":1,"create:veridium":5,"minecraft:ink_sac":20,"minecraft:andesite":30,"createindustry:galena":1,"minecraft:spider_eye":3,"biomesoplenty:orange_sandstone":11,"minecraft:wooden_pickaxe":1,"dynamictrees:acacia_seed":2,"create:raw_zinc":5,"minecraft:smooth_basalt":6},"minecraft:broken":{"minecraft:stone_pickaxe":1,"minecraft:iron_pickaxe":1},"minecraft:mined":{"create:zinc_ore":4,"create:deepslate_zinc_ore":1,"minecraft:tuff":11,"minecraft:deepslate_diamond_ore":2,"biomesoplenty:orange_sand":3,"biomesoplenty:desert_grass":5,"create_new_age:magnetite_block":4,"minecraft:torch":3,"minecraft:crafting_table":4,"minecraft:granite":24,"minecraft:acacia_log":1,"minecraft:grass_block":3,"minecraft:cobblestone":7,"minecraft:deepslate_coal_ore":3,"biomesoplenty:sprout":3,"biomesoplenty:dead_grass":3,"minecraft:deepslate_gold_ore":1,"biomesoplenty:orange_sandstone":17,"minecraft:oak_planks":5,"biomesoplenty:dune_grass":3,"minecraft:spawner":1,"supplementaries:urn":4,"farmersdelight:sandy_shrub":1,"minecraft:furnace":10,"minecraft:iron_ore":82,"createindustry:nickel_ore":1,"minecraft:andesite":30,"createindustry:galena":1,"createindustry:lead_ore":10,"minecraft:coal_ore":40,"minecraft:deepslate_iron_ore":6,"minecraft:sand":9,"minecraft:dirt":5,"minecraft:cobweb":44,"minecraft:smooth_basalt":6,"minecraft:stone":130,"create:veridium":10,"minecraft:gold_ore":5,"minecraft:deepslate":2},"minecraft:used":{"minecraft:water_bucket":1,"minecraft:acacia_log":1,"minecraft:stone_pickaxe":131,"create:veridium":5,"minecraft:wooden_pickaxe":26,"minecraft:iron_sword":141,"minecraft:cooked_salmon":2,"minecraft:torch":12,"minecraft:dirt":1,"minecraft:sand":9,"minecraft:rail":1,"minecraft:crafting_table":7,"minecraft:carrot":24,"minecraft:tuff":11,"createindustry:lead_pickaxe":4,"minecraft:iron_axe":12,"minecraft:iron_pickaxe":253,"create_new_age:magnetite_block":1,"biomesoplenty:orange_sand":3,"biomesoplenty:orange_sandstone":6,"minecraft:fishing_rod":18,"minecraft:cobblestone":80,"minecraft:furnace":10,"minecraft:cooked_cod":12,"minecraft:bucket":2,"minecraft:cobbled_deepslate":1},"minecraft:picked_up":{"minecraft:crafting_table":4,"minecraft:andesite":30,"minecraft:salmon":2,"minecraft:tuff":11,"create:raw_zinc":5,"supplementaries:flax_seeds":1,"minecraft:gunpowder":2,"minecraft:dirt":8,"minecraft:string":47,"createindustry:galena":1,"createindustry:raw_nickel":1,"minecraft:pufferfish":1,"minecraft:bone":5,"minecraft:cobbled_deepslate":2,"minecraft:raw_gold":6,"create_new_age:magnetite_block":4,"minecraft:iron_nugget":17,"minecraft:iron_ingot":5,"createindustry:raw_lead":10,"spore:mutated_fiber":2,"minecraft:iron_sword":1,"minecraft:oak_planks":5,"minecraft:furnace":10,"minecraft:stick":20,"minecraft:raw_iron":97,"minecraft:smooth_basalt":6,"minecraft:torch":17,"minecraft:acacia_log":17,"minecraft:sand":9,"dynamictrees:acacia_seed":2,"minecraft:ink_sac":20,"minecraft:carrot":14,"minecraft:spider_eye":4,"spore:claw_fragment":1,"minecraft:arrow":8,"minecraft:rotten_flesh":12,"minecraft:cooked_cod":33,"minecraft:diamond":2,"biomesoplenty:orange_sandstone":17,"minecraft:granite":24,"create:veridium":10,"minecraft:emerald":3,"minecraft:cod":2,"minecraft:coal":74,"biomesoplenty:orange_sand":13,"minecraft:rail":1,"minecraft:cobblestone":130},"minecraft:crafted":{"createindustry:lead_pickaxe":1,"minecraft:cooked_cod":2,"minecraft:fishing_rod":1,"minecraft:crafting_table":3,"minecraft:wooden_pickaxe":1,"minecraft:iron_helmet":1,"minecraft:iron_sword":2,"minecraft:furnace":3,"minecraft:cooked_salmon":2,"minecraft:bucket":1,"minecraft:air":0,"minecraft:iron_boots":1,"minecraft:iron_chestplate":1,"minecraft:shield":1,"minecraft:iron_axe":1,"minecraft:stick":4,"minecraft:iron_ingot":40,"minecraft:iron_pickaxe":2,"minecraft:stone_pickaxe":1,"createindustry:lead_ingot":3,"minecraft:iron_leggings":1,"minecraft:acacia_planks":64,"minecraft:torch":20}},"DataVersion":3120}