{"stats":{"minecraft:picked_up":{"minecraft:crafting_table":3,"minecraft:leather":19,"minecraft:brown_wool":1,"minecraft:wooden_pickaxe":2,"minecraft:wooden_hoe":2,"minecraft:string":1,"minecraft:dirt":11,"minecraft:bone":2,"minecraft:kelp":8,"minecraft:wheat_seeds":5,"minecraft:beef":61,"minecraft:sugar_cane":22,"minecraft:acacia_sapling":1,"minecraft:furnace":2,"minecraft:egg":4,"minecraft:dark_oak_door":2,"minecraft:stick":2,"minecraft:raw_iron":1,"minecraft:dandelion":1,"minecraft:acacia_log":8,"minecraft:porkchop":50,"minecraft:sand":9,"minecraft:diorite":19,"minecraft:white_bed":2,"minecraft:arrow":2,"minecraft:rotten_flesh":2,"minecraft:stone_axe":3,"minecraft:granite":2,"minecraft:gray_wool":3,"minecraft:mutton":25,"minecraft:coal":37,"minecraft:white_wool":13,"minecraft:cobblestone":141},"minecraft:dropped":{"minecraft:stone_axe":4,"minecraft:wheat_seeds":5,"minecraft:rotten_flesh":2,"minecraft:granite":2,"minecraft:dirt":1,"minecraft:gray_wool":3,"minecraft:diorite":18,"minecraft:wooden_hoe":3,"minecraft:brown_wool":1,"minecraft:acacia_sapling":1,"minecraft:pumpkin":1,"minecraft:sand":9,"minecraft:arrow":2,"minecraft:wooden_pickaxe":3,"minecraft:string":1,"minecraft:white_wool":1,"minecraft:bone":2},"minecraft:used":{"minecraft:diorite":1,"minecraft:leather_leggings":1,"minecraft:stone_pickaxe":185,"minecraft:wooden_pickaxe":34,"minecraft:dirt":10,"minecraft:crafting_table":3,"minecraft:white_bed":2,"minecraft:dark_oak_door":1,"minecraft:wooden_axe":35,"minecraft:stone_axe":90,"minecraft:cobblestone":17,"minecraft:beef":1,"minecraft:furnace":2,"minecraft:porkchop":13,"minecraft:egg":4,"minecraft:cooked_beef":5,"minecraft:dandelion":1},"minecraft:custom":{"minecraft:interact_with_furnace":9,"minecraft:mob_kills":74,"minecraft:interact_with_crafting_table":6,"minecraft:leave_game":1,"minecraft:time_since_death":41057,"minecraft:sleep_in_bed":2,"minecraft:time_since_rest":16410,"minecraft:sprint_one_cm":162418,"minecraft:damage_taken":260,"minecraft:walk_one_cm":32266,"minecraft:drop":41,"minecraft:damage_dealt":7422,"minecraft:swim_one_cm":35802,"minecraft:fly_one_cm":224961,"minecraft:open_chest":3,"minecraft:crouch_one_cm":6447,"minecraft:play_time":41057,"minecraft:sneak_time":3136,"minecraft:walk_under_water_one_cm":4525,"minecraft:jump":1081,"minecraft:walk_on_water_one_cm":17566,"minecraft:total_world_time":41057,"minecraft:fall_one_cm":34103},"minecraft:mined":{"minecraft:acacia_leaves":2,"minecraft:white_bed":2,"minecraft:kelp_plant":2,"minecraft:dandelion":1,"minecraft:crafting_table":3,"minecraft:granite":3,"minecraft:acacia_log":8,"minecraft:grass_block":4,"minecraft:tall_grass":12,"minecraft:cobblestone":4,"minecraft:sugar_cane":10,"minecraft:diorite":20,"minecraft:seagrass":3,"minecraft:tall_seagrass":3,"minecraft:furnace":2,"minecraft:dark_oak_door":2,"minecraft:iron_ore":1,"minecraft:grass":41,"minecraft:coal_ore":37,"minecraft:sand":10,"minecraft:dirt":7,"minecraft:stone":147},"minecraft:broken":{"minecraft:stone_pickaxe":1,"minecraft:wooden_axe":1},"minecraft:killed":{"minecraft:pig":28,"minecraft:spider":1,"minecraft:creeper":1,"minecraft:skeleton":1,"minecraft:sheep":17,"minecraft:zombie":2,"minecraft:cow":23},"minecraft:crafted":{"minecraft:cooked_beef":32,"minecraft:crafting_table":2,"minecraft:wooden_pickaxe":1,"minecraft:furnace":2,"minecraft:stone_axe":2,"minecraft:cooked_mutton":25,"minecraft:air":0,"minecraft:wooden_hoe":1,"minecraft:stick":16,"minecraft:stone_pickaxe":2,"minecraft:wooden_axe":1,"minecraft:white_bed":1,"minecraft:acacia_planks":32}},"DataVersion":3120}