{"stats":{"minecraft:picked_up":{"minecraft:crafting_table":2,"minecraft:coarse_dirt":2,"minecraft:brown_mushroom":1,"minecraft:enchanted_book":1,"minecraft:stone_brick_stairs":2,"tombstone:grave_key":1,"minecraft:string":6,"vampirism:obi_belt":1,"minecraft:beef":11,"dynamictrees:oak_seed":14,"minecraft:egg":1,"minecraft:stick":34,"minecraft:sandstone":1,"minecraft:porkchop":4,"vampirism:holy_water_bottle_enhanced":7,"tombstone:grave_dust":2,"vampirism:vampire_fang":1,"vampirism:amulet":2,"vampirism:blood_bottle":4,"minecraft:rotten_flesh":5,"vampirism:altar_inspiration":1,"minecraft:mutton":1,"minecraft:snowball":21,"minecraft:white_wool":2,"minecraft:cobblestone":15,"vampirism:vampire_blood_bottle":3,"vampirism:item_tent":2,"minecraft:leather":7,"minecraft:oak_log":33,"minecraft:blue_bed":2,"minecraft:dirt":45,"minecraft:bone":1,"vampirism:human_heart":19,"minecraft:wheat_seeds":21,"minecraft:iron_ingot":5,"minecraft:glass_bottle":6,"minecraft:oak_planks":2,"sophisticatedbackpacks:diamond_backpack":1,"minecraft:black_candle":1,"minecraft:sweet_berries":3,"vampirism:fire_place":1,"vampirism:ring":2,"minecraft:sand":16,"minecraft:spider_eye":2,"minecraft:bread":10},"minecraft:killed_by":{"minecraft:player":10},"minecraft:crafted":{"minecraft:oak_planks":132,"minecraft:furnace":1,"minecraft:glass":5,"minecraft:wooden_shovel":1,"minecraft:crafting_table":1,"minecraft:wooden_pickaxe":1,"minecraft:stone_axe":1,"minecraft:air":0,"minecraft:stick":4},"minecraft:used":{"dynamictrees:oak_seed":12,"minecraft:wooden_shovel":4,"minecraft:rotten_flesh":1,"epicpaladins:moonlight_shovel":62,"mores:tanzanite_shield":17,"minecraft:dirt":15,"minecraft:mutton":1,"minecraft:snowball":20,"vampirism:item_tent":2,"epicpaladins:moonlight_axe":93,"minecraft:beef":1,"minecraft:sweet_berries":3,"minecraft:furnace":1,"tombstone:gift":6,"minecraft:egg":1,"epicpaladins:moonlight_sword":442,"vampirism:fire_place":1,"vampirism:altar_inspiration":1,"minecraft:oak_planks":23,"minecraft:wooden_pickaxe":3,"vampirism:human_heart":15,"minecraft:blue_bed":2,"minecraft:golden_apple":1,"minecraft:crafting_table":3,"minecraft:spider_eye":1,"epicpaladins:moonlight_pickaxe":16,"minecraft:painting":1,"minecraft:bread":42,"minecraft:stone_axe":24,"minecraft:cobblestone":2,"minecraft:black_candle":1},"minecraft:dropped":{"minecraft:enchanted_book":1,"minecraft:brown_mushroom":1,"minecraft:wheat_seeds":21,"minecraft:glass_bottle":5,"minecraft:cobblestone":2,"minecraft:leather":7,"minecraft:dirt":30,"mores:sapphire_leggings":1,"tombstone:grave_key":1,"tombstone:grave_dust":4,"vampirism:ring":1,"minecraft:string":6,"minecraft:white_wool":2,"mores:sapphire_helmet":1,"minecraft:bone":1,"mores:sapphire_chestplate":1,"minecraft:stone_axe":1,"mores:sapphire_boots":1,"dynamictrees:oak_seed":2,"minecraft:coarse_dirt":2,"vampirism:holy_water_bottle_enhanced":7,"minecraft:rotten_flesh":4,"vampirism:vampire_blood_bottle":1,"minecraft:wooden_shovel":1,"minecraft:spider_eye":1,"tombstone:essence_of_undeath":1,"minecraft:sandstone":1,"minecraft:beef":7,"minecraft:wooden_pickaxe":1,"minecraft:stone_brick_stairs":2},"minecraft:custom":{"minecraft:mob_kills":114,"minecraft:interact_with_crafting_table":9,"minecraft:open_barrel":1,"vampirism:action_time_bat":40834,"minecraft:damage_dealt_resisted":4946,"minecraft:eat_cake_slice":7,"minecraft:leave_game":3,"minecraft:time_since_death":100311,"minecraft:climb_one_cm":433,"minecraft:damage_resisted":141,"vampirism:amount_bitten":259,"minecraft:sprint_one_cm":356455,"minecraft:walk_one_cm":645516,"minecraft:damage_blocked_by_shield":470,"minecraft:drop":65,"vampirism:action_time_regen":3301,"vampirism:skills_unlocked":34,"minecraft:damage_dealt_absorbed":160,"minecraft:talked_to_villager":7,"vampirism:infected_creatures":24,"minecraft:play_time":240189,"vampirism:interact_with_altar_inspiration":13,"minecraft:deaths":14,"minecraft:sneak_time":5419,"minecraft:walk_under_water_one_cm":9868,"minecraft:jump":4084,"minecraft:walk_on_water_one_cm":7544,"minecraft:total_world_time":240189,"vampirism:blood_drunk":76500,"vampirism:altar_of_inspiration_rituals_performed":236,"minecraft:interact_with_furnace":9,"tombstone:raider_killed":1,"vampirism:action_used_bat":97,"minecraft:sleep_in_bed":3,"vampirism:actions_used":130,"minecraft:time_since_rest":7038,"vampirism:action_used_regen":9,"minecraft:damage_taken":1010554,"minecraft:damage_absorbed":39,"minecraft:damage_dealt":35741,"minecraft:player_kills":4,"minecraft:swim_one_cm":37157,"minecraft:fly_one_cm":947030,"minecraft:open_chest":14,"minecraft:crouch_one_cm":8813,"tombstone:undead_killed":11,"vampirism:action_used_infect":24,"minecraft:fall_one_cm":137513},"minecraft:mined":{"vampirism:altar_inspiration":1,"minecraft:gray_stained_glass_pane":1,"minecraft:grass_block":4,"minecraft:spruce_leaves":5,"dynamictrees:oak_leaves":1,"minecraft:snow":1,"vampirism:tent":1,"biomesoplenty:sea_oats":2,"minecraft:stone":13,"minecraft:snow_block":5,"minecraft:dandelion":1,"vampirism:tent_main":1,"minecraft:powder_snow":35,"minecraft:crafting_table":2,"minecraft:tall_grass":58,"minecraft:oak_planks":2,"minecraft:blue_bed":2,"minecraft:coarse_dirt":1,"sophisticatedbackpacks:diamond_backpack":1,"minecraft:stone_brick_stairs":2,"minecraft:grass":33,"vampirism:fire_place":1,"minecraft:dirt":12,"minecraft:sand":16,"minecraft:gravel":1,"minecraft:oak_leaves":3},"minecraft:killed":{"vampirism:vampire":8,"minecraft:witch":1,"vampirism:advanced_vampire":3,"minecraft:spider":5,"vampirism:blinding_bat":1,"minecraft:skeleton":2,"vampirism:advanced_hunter":10,"minecraft:wolf":2,"minecraft:pig":2,"naturalist:firefly":1,"naturalist:snake":1,"minecraft:iron_golem":1,"vampirism:hunter":53,"minecraft:zombie":9,"minecraft:cow":4}},"DataVersion":3465}