{"stats":{"minecraft:used":{"moonsweaponry:diamond_greatsword":82,"epicpaladins:bloodstone_pickaxe":87,"minecraft:beetroot":3,"minecraft:iron_shovel":17,"minecraft:spruce_slab":6,"born_in_chaos_v1:intoxicating_decoction":1,"mores:tin_pickaxe":13,"minecraft:shield":12,"minecraft:rotten_flesh":2,"epicpaladins:bloodstone_axe":13,"born_in_chaos_v1:corpse_maggot":24,"born_in_chaos_v1:smoked_flesh":31,"minecraft:iron_helmet":1,"minecraft:sweet_berries":273,"minecraft:furnace":6,"mores:tourmaline_shield":5,"minecraft:gold_block":2,"minecraft:egg":5,"minecraft:potato":6,"minecraft:stone_pickaxe":5,"minecraft:oak_planks":19,"minecraft:blackstone":9,"minecraft:wooden_pickaxe":3,"tombstone:tablet_of_guard":1,"mores:tin_boots":1,"minecraft:golden_apple":1,"minecraft:sand":1,"mores:tin_leggings":1,"minecraft:dark_oak_log":1,"minecraft:stone_button":1,"minecraft:bread":41,"minecraft:gravel":6,"securitycraft:mine":3,"born_in_chaos_v1:rotten_fish":1,"minecraft:andesite":6,"minecraft:chain":1,"minecraft:flint_and_steel":1,"minecraft:spruce_planks":19,"mores:tourmaline_pickaxe":90,"minecraft:netherrack":2,"minecraft:torch":2,"minecraft:dirt":10,"moonsweaponry:diamond_warglaive":2,"biomesoplenty:maple_sapling":3,"mores:tin_sword":52,"minecraft:iron_axe":108,"moonsweaponry:iron_greatsword":192,"minecraft:minecart":1,"tombstone:gift":6,"minecraft:cobbled_deepslate":2,"minecraft:cooked_mutton":9,"tombstone:scroll_of_mercy":1,"minecraft:cobblestone_stairs":1,"minecraft:rail":1,"minecraft:oak_slab":47,"minecraft:crafting_table":10,"minecraft:white_bed":1,"minecraft:spruce_log":1,"minecraft:smoker":2,"tombstone:bag_of_seeds":2,"minecraft:cornflower":6,"minecraft:iron_pickaxe":68,"minecraft:detector_rail":6,"tombstone:magic_scroll":1,"minecraft:spruce_trapdoor":2,"minecraft:fishing_rod":22,"minecraft:cobblestone":12,"minecraft:purple_bed":3,"mores:tin_chestplate":1,"minecraft:cooked_porkchop":3,"minecraft:porkchop":5,"born_in_chaos_v1:wood_splitter_axe":4,"mores:emerald_shield":28},"minecraft:dropped":{"minecraft:lapis_lazuli":47,"minecraft:oak_log":5,"minecraft:glow_ink_sac":4,"minecraft:diamond":1,"minecraft:glass_bottle":1,"minecraft:dark_oak_slab":2,"moonsweaponry:diamond_halberd":1,"minecraft:jungle_planks":3,"dynamictrees:spruce_seed":1,"mores:tin_ingot":12,"minecraft:rail":2,"minecraft:cobblestone_stairs":4,"mores:tin_helmet":1,"mores:cobalt_leggings":1,"moonsweaponry:iron_greatsword":6,"mores:topaz_chestplate":2,"born_in_chaos_v1:monster_skin":4,"minecraft:cornflower":1,"minecraft:mutton":1,"mores:cobalt_boots":3,"minecraft:chain":2,"minecraft:iron_pickaxe":2,"minecraft:dark_oak_planks":4,"mores:tourmaline_boots":1,"minecraft:bone":4,"minecraft:gravel":8,"mores:anthracite":4,"minecraft:blackstone":41,"minecraft:detector_rail":1,"born_in_chaos_v1:fire_dust":2,"minecraft:cobbled_deepslate":6,"mores:topaz_leggings":1,"born_in_chaos_v1:ethereal_spirit":1,"minecraft:rotten_flesh":12,"born_in_chaos_v1:smoked_flesh":5,"minecraft:oak_planks":5,"mores:tin_pickaxe":1,"minecraft:tipped_arrow":1,"born_in_chaos_v1:seedof_chaos":7,"minecraft:skeleton_skull":1,"minecraft:melon_seeds":3,"born_in_chaos_v1:corpse_maggot":16,"mores:emerald_chestplate":1,"minecraft:spruce_slab":2,"minecraft:arrow":7,"born_in_chaos_v1:dark_rod":2,"minecraft:iron_ingot":1,"born_in_chaos_v1:intoxicating_decoction":2,"minecraft:oak_slab":20,"born_in_chaos_v1:shattered_skull":1,"minecraft:wheat_seeds":12,"dynamictrees:birch_seed":2,"createoreexcavation:drill":1,"biomesoplenty:maple_sapling":7,"mores:topaz_gem":2,"minecraft:iron_helmet":1,"minecraft:cobblestone":21,"mores:emerald_shield":2,"minecraft:spruce_door":1,"minecraft:acacia_log":1,"mores:tin_sword":1,"minecraft:pufferfish":2,"minecraft:stick":8,"minecraft:ink_sac":4,"minecraft:torch":2,"minecraft:rabbit":2,"epicpaladins:cryorium_gem":1,"minecraft:diamond_helmet":1,"tombstone:grave_dust":18,"minecraft:iron_axe":3,"minecraft:string":19,"minecraft:lily_pad":2,"create:raw_zinc":2,"minecraft:smooth_basalt":3,"minecraft:redstone":4,"minecraft:furnace":1,"mores:emerald_boots":3,"minecraft:cocoa_beans":3,"mores:raw_tin":249,"born_in_chaos_v1:rotten_fish":2,"born_in_chaos_v1:smoked_monster_flesh":1,"sophisticatedbackpacks:backpack":1,"born_in_chaos_v1:spiritual_dust":5,"mores:tin_boots":2,"minecraft:pumpkin_seeds":6,"minecraft:potato":10,"minecraft:shield":1,"mores:tin_chestplate":1,"mores:cobalt_helmet":2,"moonsweaponry:diamond_warglaive":1,"mores:emerald_sword":1,"minecraft:spruce_planks":7,"minecraft:iron_chestplate":1,"minecraft:andesite":20,"minecraft:yellow_bed":2,"moonsweaponry:diamond_katana":1,"minecraft:barrel":5,"minecraft:bow":3,"minecraft:stone_pickaxe":1,"minecraft:wooden_pickaxe":1,"mores:tin_leggings":1,"minecraft:magma_block":4},"minecraft:crafted":{"securitycraft:mine":3,"minecraft:oak_planks":164,"mores:ruby_sword":1,"moonsweaponry:diamond_greatsword":1,"minecraft:stone":2,"epicpaladins:bloodstone_axe":1,"minecraft:cooked_mutton":9,"mores:tin_ingot":53,"minecraft:stone_pressure_plate":1,"moonsweaponry:diamond_warglaive":1,"minecraft:oak_slab":54,"mores:tin_block":1,"mores:tourmaline_chestplate":1,"mores:tin_chestplate":2,"minecraft:crafting_table":3,"mores:tourmaline_boots":2,"createoreexcavation:drill":1,"minecraft:spruce_planks":24,"minecraft:wooden_pickaxe":1,"minecraft:iron_helmet":1,"mores:tin_helmet":2,"minecraft:gold_block":2,"moonsweaponry:iron_greatsword":2,"minecraft:charcoal":13,"mores:tourmaline_pickaxe":1,"sophisticatedbackpacks:diamond_backpack":1,"minecraft:stick":28,"born_in_chaos_v1:smoked_flesh":26,"minecraft:iron_ingot":5,"minecraft:iron_block":2,"minecraft:gold_ingot":1,"minecraft:redstone_torch":4,"moonsweaponry:diamond_halberd":1,"mores:raw_tin_block":1,"mores:tourmaline_helmet":1,"mores:tin_pickaxe":1,"mores:cobalt_boots":1,"minecraft:bone_meal":48,"minecraft:flint_and_steel":1,"mores:cobalt_helmet":1,"minecraft:detector_rail":6,"minecraft:iron_axe":1,"minecraft:spruce_slab":6,"minecraft:stone_pickaxe":1,"mores:tourmaline_leggings":1,"minecraft:dark_oak_planks":4,"minecraft:minecart":1,"minecraft:wheat":171,"sophisticatedbackpacks:iron_backpack":1,"mores:tourmaline_shield":1,"mores:cobalt_ingot":20,"sophisticatedbackpacks:gold_backpack":1,"mores:tin_leggings":2,"minecraft:bread":57,"minecraft:air":0,"mores:tin_sword":1,"mores:tin_boots":2,"epicpaladins:bloodstone_pickaxe":1,"mores:cobalt_leggings":1,"minecraft:iron_shovel":1},"minecraft:killed":{"minecraft:cave_spider":1,"born_in_chaos_v1:restless_spirit":3,"born_in_chaos_v1:zombie_lumberjack":1,"minecraft:spider":1,"born_in_chaos_v1:siamese_skeletonsright":1,"born_in_chaos_v1:baby_skeleton_minion":6,"minecraft:skeleton":2,"born_in_chaos_v1:supreme_bonescaller_stage_2":1,"born_in_chaos_v1:firelight_not_despawn":2,"born_in_chaos_v1:bonescaller":1,"minecraft:pig":2,"minecraft:creeper":1,"minecraft:pillager":5,"born_in_chaos_v1:dread_hound":7,"minecraft:zombie":21,"born_in_chaos_v1:corpse_fly":6,"minecraft:stray":1,"born_in_chaos_v1:door_knight":1,"born_in_chaos_v1:siamese_skeletonsleft":1,"minecraft:vindicator":1,"born_in_chaos_v1:skeleton_thrasher_not_despawn":1,"born_in_chaos_v1:maggot":15,"minecraft:horse":1,"minecraft:drowned":1,"born_in_chaos_v1:corpse_fish":3,"born_in_chaos_v1:baby_skeleton":3,"born_in_chaos_v1:swarmer":1,"minecraft:rabbit":1,"minecraft:ravager":1,"born_in_chaos_v1:decrepit_skeleton":5,"born_in_chaos_v1:bonescaller_not_despawn":2,"born_in_chaos_v1:dark_vortex":1,"tombstone:spectral_wolf":1,"born_in_chaos_v1:controlled_baby_skeleton":3,"minecraft:villager":1,"minecraft:enderman":1},"minecraft:custom":{"minecraft:interact_with_crafting_table":90,"minecraft:open_barrel":21,"minecraft:bell_ring":1,"minecraft:eat_cake_slice":2,"minecraft:leave_game":1,"minecraft:time_since_death":203287,"minecraft:sprint_one_cm":891730,"minecraft:damage_blocked_by_shield":1300,"minecraft:drop":258,"minecraft:talked_to_villager":2,"minecraft:play_time":322280,"minecraft:deaths":5,"minecraft:jump":3689,"minecraft:walk_on_water_one_cm":24370,"minecraft:interact_with_furnace":81,"minecraft:sleep_in_bed":3,"minecraft:damage_dealt":19976,"minecraft:player_kills":3,"minecraft:crouch_one_cm":32415,"tombstone:undead_killed":53,"tombstone:villager_killed":1,"minecraft:interact_with_smoker":36,"minecraft:horse_one_cm":3638,"minecraft:mob_kills":108,"minecraft:damage_dealt_resisted":4258,"minecraft:climb_one_cm":4205,"minecraft:walk_one_cm":1316736,"minecraft:raid_win":1,"minecraft:sneak_time":13067,"minecraft:walk_under_water_one_cm":8897,"minecraft:boat_one_cm":184957,"minecraft:interact_with_blast_furnace":4,"minecraft:total_world_time":322280,"tombstone:raider_killed":7,"minecraft:pot_flower":1,"minecraft:time_since_rest":12569,"minecraft:damage_taken":6561,"tombstone:cast_on_ally":2,"minecraft:swim_one_cm":10511,"minecraft:fly_one_cm":628699,"minecraft:open_chest":20,"minecraft:fish_caught":5,"minecraft:fall_one_cm":139809},"minecraft:broken":{"mores:tin_leggings":1,"mores:tin_helmet":1,"mores:tin_boots":1,"mores:tin_chestplate":1},"minecraft:picked_up":{"minecraft:iron_chestplate":1,"minecraft:string":11,"mores:tourmaline_gem":37,"epicpaladins:bloodstone_gem":14,"minecraft:pufferfish":2,"minecraft:gold_nugget":12,"minecraft:cobbled_deepslate":8,"moonsweaponry:iron_greatsword":4,"minecraft:spruce_planks":12,"minecraft:iron_pickaxe":2,"mores:emerald_sword":1,"minecraft:furnace":7,"minecraft:tipped_arrow":2,"minecraft:stick":11,"born_in_chaos_v1:shattered_skull":1,"minecraft:torch":4,"minecraft:acacia_log":1,"minecraft:spruce_stairs":1,"mores:emerald_chestplate":1,"minecraft:porkchop":5,"mores:topaz_gem":17,"tombstone:grave_dust":16,"mores:topaz_leggings":1,"mores:tin_boots":1,"mores:raw_tin":352,"mores:cobalt_helmet":1,"moonsweaponry:diamond_katana":1,"epicpaladins:cryorium_gem":1,"minecraft:rotten_flesh":56,"minecraft:cod":3,"minecraft:cobblestone":37,"minecraft:magma_block":4,"born_in_chaos_v1:spiritual_dust":5,"minecraft:andesite":26,"minecraft:smoker":3,"minecraft:flint":1,"create:raw_zinc":2,"minecraft:lapis_lazuli":94,"minecraft:dirt":10,"minecraft:lantern":1,"born_in_chaos_v1:monster_skin":4,"minecraft:bone":35,"minecraft:bow":3,"minecraft:wheat_seeds":12,"minecraft:grindstone":2,"minecraft:diamond_helmet":1,"minecraft:rabbit":2,"minecraft:oak_planks":3,"moonsweaponry:diamond_warglaive":1,"minecraft:cooked_porkchop":3,"minecraft:jungle_planks":3,"minecraft:sand":1,"mores:raw_cobalt":11,"minecraft:ink_sac":4,"minecraft:dark_oak_log":2,"minecraft:barrel":5,"tombstone:scroll_of_mercy":1,"minecraft:bundle":2,"born_in_chaos_v1:fire_dust":2,"minecraft:diamond":26,"minecraft:bread":7,"minecraft:netherrack":8,"born_in_chaos_v1:rotten_fish":3,"mores:raw_silver":3,"minecraft:fishing_rod":1,"minecraft:cocoa_beans":3,"minecraft:charcoal":16,"minecraft:crafting_table":7,"born_in_chaos_v1:smoked_monster_flesh":1,"born_in_chaos_v1:seedof_chaos":7,"dynamictrees:spruce_seed":1,"minecraft:gold_block":2,"minecraft:chain":3,"minecraft:shield":1,"minecraft:cornflower":7,"minecraft:iron_axe":2,"born_in_chaos_v1:intoxicating_decoction":5,"minecraft:blackstone":50,"minecraft:detector_rail":1,"minecraft:spruce_slab":4,"mores:emerald_boots":3,"minecraft:birch_sapling":1,"minecraft:spruce_trapdoor":3,"minecraft:egg":5,"mores:topaz_chestplate":2,"minecraft:raw_iron":8,"sophisticatedbackpacks:backpack":2,"minecraft:stone_button":1,"minecraft:redstone":24,"minecraft:dark_oak_planks":2,"minecraft:arrow":9,"born_in_chaos_v1:wood_splitter_axe":1,"minecraft:hay_block":19,"minecraft:gold_ingot":34,"mores:cobalt_boots":2,"minecraft:mutton":1,"minecraft:skeleton_skull":1,"minecraft:rail":3,"born_in_chaos_v1:corpse_maggot":39,"born_in_chaos_v1:monster_flesh":2,"minecraft:glow_ink_sac":4,"mores:emerald_shield":2,"minecraft:oak_log":46,"minecraft:lily_pad":2,"minecraft:yellow_bed":2,"minecraft:gunpowder":11,"minecraft:cobblestone_stairs":5,"born_in_chaos_v1:smoked_flesh":10,"minecraft:iron_ingot":85,"dynamictrees:birch_seed":2,"minecraft:book":12,"minecraft:oak_slab":13,"minecraft:smooth_basalt":3,"minecraft:dark_oak_slab":2,"minecraft:sweet_berries":245,"born_in_chaos_v1:ethereal_spirit":3,"minecraft:gravel":14,"mores:ruby_gem":2,"born_in_chaos_v1:dark_rod":2,"minecraft:white_bed":2,"minecraft:spruce_log":8,"minecraft:spruce_door":1,"mores:tin_ingot":12,"minecraft:pumpkin_seeds":3,"biomesoplenty:maple_sapling":10,"minecraft:purple_bed":3,"mores:anthracite":4,"tombstone:magic_scroll":1,"minecraft:melon_seeds":1,"minecraft:coal":13},"minecraft:killed_by":{"minecraft:player":1},"minecraft:mined":{"minecraft:dark_oak_planks":2,"minecraft:spruce_planks":6,"minecraft:white_bed":2,"minecraft:cobblestone_stairs":4,"minecraft:spruce_trapdoor":3,"minecraft:spawner":5,"minecraft:magma_block":2,"mores:deepslate_tourmaline_ore":17,"minecraft:fire":3,"minecraft:deepslate_lapis_ore":6,"minecraft:dirt_path":10,"minecraft:blue_orchid":1,"minecraft:spruce_slab":5,"minecraft:deepslate_redstone_ore":1,"minecraft:blackstone":55,"minecraft:smoker":3,"mores:tourmaline_ore":2,"minecraft:cobblestone":8,"minecraft:oak_planks":3,"minecraft:grindstone":2,"minecraft:wall_torch":1,"minecraft:skeleton_skull":1,"minecraft:wheat":5,"epicpaladins:deepslate_cryorium_ore":1,"biomesoplenty:maple_sapling":1,"biomesoplenty:maple_leaves":2,"minecraft:grass":17,"minecraft:oak_log":44,"minecraft:sand":1,"minecraft:smooth_basalt":5,"minecraft:netherrack":8,"mores:deepslate_topaz_ore":17,"minecraft:oak_leaves":1,"minecraft:deepslate":5,"minecraft:deepslate_diamond_ore":26,"minecraft:dark_oak_log":2,"biomesoplenty:bush":1,"minecraft:large_fern":2,"minecraft:hay_block":18,"minecraft:furnace":5,"minecraft:andesite":1,"minecraft:detector_rail":3,"mores:deepslate_cobalt_ore":10,"minecraft:bookshelf":5,"minecraft:deepslate_iron_ore":1,"minecraft:rail":1,"minecraft:lantern":1,"minecraft:stone":13,"minecraft:oak_slab":14,"mores:cobalt_ore":2,"epicpaladins:deepslate_bloodstone_ore":14,"minecraft:crafting_table":7,"minecraft:cornflower":10,"minecraft:tall_grass":4,"biomesoplenty:sprout":1,"minecraft:lapis_ore":1,"mores:tin_ore":12,"minecraft:spruce_stairs":1,"minecraft:purple_bed":2,"mores:deepslate_ruby_ore":2,"minecraft:sweet_berry_bush":30,"mores:deepslate_tin_ore":20,"minecraft:spruce_log":7,"minecraft:coal_ore":5,"minecraft:gravel":9,"mores:deepslate_silver_ore":3,"minecraft:fern":12}},"DataVersion":3465}