{"stats":{"minecraft:picked_up":{"minecraft:crafting_table":2,"minecraft:coarse_dirt":2,"biomesoplenty:burning_blossom":2,"minecraft:brown_mushroom":1,"minecraft:enchanted_book":1,"minecraft:stone_brick_stairs":2,"tombstone:grave_key":1,"vampirism:pure_salt_water":1,"minecraft:red_bed":2,"minecraft:string":6,"biomesoplenty:tall_lavender":1,"vampirism:obi_belt":3,"minecraft:beef":11,"dynamictrees:oak_seed":14,"minecraft:egg":1,"minecraft:stick":43,"minecraft:sandstone":1,"minecraft:porkchop":4,"vampirism:holy_water_bottle_enhanced":7,"tombstone:grave_dust":3,"vampirism:vampire_fang":2,"vampirism:amulet":3,"vampirism:blood_bottle":4,"minecraft:rotten_flesh":9,"vampirism:altar_inspiration":1,"tombstone:essence_of_undeath":1,"minecraft:mutton":3,"minecraft:obsidian":5,"minecraft:snowball":21,"minecraft:white_wool":2,"minecraft:cobblestone":98,"biomesoplenty:lavender":13,"vampirism:vampire_book":2,"vampirism:vampire_blood_bottle":3,"minecraft:golden_carrot":3,"vampirism:item_tent":2,"minecraft:leather":7,"minecraft:oak_log":39,"minecraft:blue_bed":2,"minecraft:dirt":59,"minecraft:bone":1,"vampirism:human_heart":26,"minecraft:stone_bricks":1,"minecraft:wheat_seeds":33,"vampirism:item_garlic":6,"minecraft:iron_ingot":5,"minecraft:glass_bottle":6,"minecraft:oak_planks":4,"sophisticatedbackpacks:diamond_backpack":1,"minecraft:black_candle":1,"minecraft:sweet_berries":3,"vampirism:fire_place":1,"vampirism:ring":2,"minecraft:sand":16,"minecraft:mossy_stone_brick_slab":1,"minecraft:spider_eye":2,"minecraft:bread":10,"minecraft:coal":3},"minecraft:killed_by":{"minecraft:player":10},"minecraft:crafted":{"minecraft:oak_planks":132,"minecraft:furnace":1,"minecraft:glass":5,"minecraft:wooden_shovel":1,"minecraft:crafting_table":2,"minecraft:wooden_pickaxe":1,"minecraft:bucket":1,"minecraft:stone_axe":1,"minecraft:air":0,"minecraft:stick":4},"minecraft:used":{"minecraft:wooden_shovel":4,"dynamictrees:oak_seed":12,"minecraft:rotten_flesh":1,"epicpaladins:moonlight_shovel":69,"mores:tanzanite_shield":17,"minecraft:dirt":19,"minecraft:mutton":1,"minecraft:snowball":20,"minecraft:obsidian":5,"vampirism:item_tent":2,"minecraft:lava_bucket":1,"epicpaladins:moonlight_axe":224,"minecraft:beef":1,"minecraft:sweet_berries":3,"minecraft:furnace":1,"tombstone:gift":6,"minecraft:egg":1,"epicpaladins:moonlight_sword":510,"biomesoplenty:burning_blossom":1,"vampirism:fire_place":1,"vampirism:altar_inspiration":1,"minecraft:glass_bottle":2,"minecraft:oak_planks":52,"minecraft:wooden_pickaxe":3,"vampirism:human_heart":17,"minecraft:blue_bed":2,"minecraft:golden_apple":1,"minecraft:crafting_table":4,"minecraft:red_bed":2,"minecraft:spider_eye":1,"epicpaladins:moonlight_pickaxe":117,"minecraft:painting":1,"minecraft:bread":42,"minecraft:stone_axe":24,"minecraft:cobblestone":36,"minecraft:potion":1,"minecraft:bucket":2,"minecraft:black_candle":1},"minecraft:dropped":{"vampirism:item_garlic":6,"minecraft:enchanted_book":1,"minecraft:bread":1,"minecraft:iron_ingot":3,"minecraft:brown_mushroom":1,"minecraft:wheat_seeds":24,"minecraft:glass_bottle":5,"biomesoplenty:lavender":13,"minecraft:cobblestone":11,"minecraft:leather":7,"minecraft:dirt":40,"mores:sapphire_leggings":1,"minecraft:golden_carrot":8,"tombstone:grave_key":1,"minecraft:mutton":2,"tombstone:grave_dust":5,"vampirism:ring":1,"minecraft:string":6,"minecraft:white_wool":2,"mores:sapphire_helmet":1,"minecraft:bone":1,"mores:sapphire_chestplate":1,"minecraft:stone_axe":1,"mores:sapphire_boots":1,"dynamictrees:oak_seed":2,"minecraft:coarse_dirt":2,"vampirism:holy_water_bottle_enhanced":7,"minecraft:rotten_flesh":8,"vampirism:vampire_blood_bottle":1,"vampirism:vampire_fang":1,"minecraft:wooden_shovel":1,"minecraft:spider_eye":1,"minecraft:stone_bricks":1,"tombstone:essence_of_undeath":1,"minecraft:sandstone":1,"minecraft:wooden_pickaxe":1,"minecraft:beef":10,"minecraft:stone_brick_stairs":2,"biomesoplenty:tall_lavender":1},"minecraft:custom":{"minecraft:mob_kills":157,"minecraft:interact_with_crafting_table":11,"minecraft:open_barrel":1,"vampirism:action_time_bat":52704,"minecraft:damage_dealt_resisted":5443,"minecraft:eat_cake_slice":7,"minecraft:leave_game":5,"minecraft:time_since_death":50449,"minecraft:climb_one_cm":433,"minecraft:damage_resisted":206,"vampirism:amount_bitten":301,"minecraft:sprint_one_cm":458601,"minecraft:walk_one_cm":767409,"minecraft:damage_blocked_by_shield":470,"minecraft:drop":108,"vampirism:action_time_regen":4498,"vampirism:skills_unlocked":38,"minecraft:damage_dealt_absorbed":160,"minecraft:talked_to_villager":7,"vampirism:infected_creatures":30,"minecraft:play_time":316497,"vampirism:interact_with_altar_inspiration":13,"minecraft:deaths":15,"minecraft:sneak_time":8453,"minecraft:walk_under_water_one_cm":15432,"minecraft:jump":5118,"minecraft:walk_on_water_one_cm":9967,"minecraft:total_world_time":316497,"vampirism:blood_drunk":88100,"vampirism:altar_of_inspiration_rituals_performed":236,"minecraft:interact_with_furnace":9,"tombstone:raider_killed":1,"vampirism:action_used_bat":133,"minecraft:sleep_in_bed":3,"vampirism:actions_used":175,"minecraft:time_since_rest":48050,"vampirism:action_used_regen":12,"minecraft:damage_taken":1012143,"minecraft:damage_absorbed":39,"minecraft:damage_dealt":47878,"minecraft:swim_one_cm":45141,"minecraft:fly_one_cm":1338116,"minecraft:player_kills":4,"minecraft:open_chest":16,"minecraft:crouch_one_cm":12444,"tombstone:undead_killed":22,"vampirism:action_used_infect":30,"minecraft:fall_one_cm":158442},"minecraft:mined":{"minecraft:mossy_stone_brick_slab":1,"vampirism:altar_inspiration":1,"minecraft:gray_stained_glass_pane":1,"minecraft:obsidian":6,"biomesoplenty:burning_blossom":2,"minecraft:grass_block":10,"minecraft:spruce_leaves":9,"dynamictrees:oak_leaves":1,"biomesoplenty:tall_lavender":1,"minecraft:fire":1,"minecraft:snow":1,"biomesoplenty:lavender":8,"vampirism:tent":1,"minecraft:azure_bluet":1,"minecraft:gold_block":1,"biomesoplenty:sea_oats":2,"minecraft:mossy_stone_brick_stairs":2,"biomesoplenty:barley":5,"minecraft:stone":94,"minecraft:red_bed":2,"minecraft:snow_block":5,"minecraft:stone_brick_slab":1,"vampirism:tent_main":1,"minecraft:dandelion":1,"minecraft:powder_snow":35,"minecraft:crafting_table":2,"minecraft:tall_grass":75,"minecraft:cobblestone":1,"minecraft:oak_planks":4,"minecraft:blue_bed":2,"minecraft:coarse_dirt":1,"sophisticatedbackpacks:diamond_backpack":1,"minecraft:stone_brick_stairs":2,"minecraft:grass":86,"minecraft:coal_ore":3,"vampirism:fire_place":1,"minecraft:gravel":1,"minecraft:sand":16,"minecraft:dirt":22,"minecraft:stone_bricks":1,"minecraft:netherrack":4,"minecraft:oak_leaves":3},"minecraft:killed":{"vampirism:vampire":9,"minecraft:witch":1,"vampirism:advanced_vampire":3,"minecraft:spider":6,"minecraft:skeleton":4,"vampirism:blinding_bat":1,"vampirism:advanced_hunter":17,"minecraft:wolf":2,"minecraft:pig":2,"minecraft:zombie_villager":1,"naturalist:firefly":1,"naturalist:snake":1,"minecraft:iron_golem":1,"vampirism:hunter":71,"minecraft:zombie":17,"minecraft:enderman":1,"minecraft:cow":4}},"DataVersion":3465}