{"stats":{"minecraft:custom":{"minecraft:mob_kills":191,"vampirism:interact_with_altar_of_infusion":32,"vampirism:action_time_vampire_rage":8275,"minecraft:interact_with_crafting_table":21,"minecraft:open_barrel":1,"vampirism:action_time_bat":85883,"minecraft:damage_dealt_resisted":5848,"minecraft:eat_cake_slice":7,"minecraft:leave_game":9,"minecraft:time_since_death":236857,"minecraft:climb_one_cm":2567,"minecraft:damage_resisted":477,"vampirism:action_used_summon_bat":1,"vampirism:amount_bitten":419,"minecraft:sprint_one_cm":906743,"minecraft:walk_one_cm":1216774,"minecraft:damage_blocked_by_shield":1501,"minecraft:drop":191,"vampirism:action_time_regen":6094,"vampirism:skills_unlocked":45,"minecraft:damage_dealt_absorbed":160,"minecraft:talked_to_villager":7,"vampirism:action_used_hissing":11,"vampirism:infected_creatures":51,"minecraft:play_time":502905,"vampirism:interact_with_altar_inspiration":13,"minecraft:deaths":15,"minecraft:sneak_time":14967,"minecraft:walk_under_water_one_cm":29043,"minecraft:jump":8857,"minecraft:walk_on_water_one_cm":31537,"minecraft:total_world_time":502905,"vampirism:blood_drunk":161200,"vampirism:action_time_sunscreen":3243,"vampirism:altar_of_inspiration_rituals_performed":236,"minecraft:interact_with_furnace":9,"tombstone:raider_killed":4,"vampirism:action_used_sunscreen":6,"vampirism:action_used_bat":216,"minecraft:sleep_in_bed":3,"vampirism:actions_used":325,"vampirism:altar_of_infusion_rituals_performed":7,"minecraft:time_since_rest":234458,"vampirism:action_used_regen":16,"minecraft:damage_taken":1018299,"minecraft:damage_absorbed":39,"minecraft:damage_dealt":56144,"minecraft:fly_one_cm":2386040,"minecraft:swim_one_cm":71866,"minecraft:player_kills":4,"vampirism:action_used_vampire_rage":24,"minecraft:open_chest":18,"minecraft:crouch_one_cm":19694,"tombstone:undead_killed":34,"vampirism:action_used_infect":51,"minecraft:fall_one_cm":256337},"minecraft:mined":{"minecraft:spruce_planks":2,"minecraft:mossy_stone_brick_slab":1,"vampirism:altar_inspiration":1,"minecraft:obsidian":6,"minecraft:gray_stained_glass_pane":1,"biomesoplenty:burning_blossom":2,"minecraft:grass_block":18,"minecraft:spruce_leaves":9,"minecraft:large_fern":4,"dynamictrees:oak_leaves":1,"biomesoplenty:tall_lavender":1,"minecraft:fire":39,"minecraft:snow":1,"biomesoplenty:lavender":8,"vampirism:tent":1,"minecraft:azure_bluet":2,"minecraft:gold_block":1,"biomesoplenty:sea_oats":2,"minecraft:mossy_stone_brick_stairs":2,"biomesoplenty:glowflower":1,"biomesoplenty:barley":5,"minecraft:white_tulip":8,"minecraft:stone":102,"minecraft:podzol":3,"minecraft:red_bed":2,"minecraft:snow_block":5,"minecraft:stone_brick_slab":1,"vampirism:tent_main":1,"minecraft:dandelion":1,"minecraft:powder_snow":35,"minecraft:crafting_table":3,"minecraft:tall_grass":75,"minecraft:cobblestone":2,"biomesoplenty:sprout":4,"minecraft:oak_planks":4,"minecraft:blue_bed":2,"minecraft:wall_torch":1,"minecraft:coarse_dirt":1,"sophisticatedbackpacks:diamond_backpack":1,"minecraft:spruce_log":1,"minecraft:stone_brick_stairs":2,"minecraft:grass":111,"minecraft:oak_log":2,"minecraft:coal_ore":3,"vampirism:fire_place":1,"minecraft:gravel":2,"minecraft:sand":16,"minecraft:dirt":42,"minecraft:stone_bricks":1,"minecraft:netherrack":4,"minecraft:oak_leaves":3,"minecraft:fern":3},"minecraft:killed_by":{"minecraft:player":10},"minecraft:dropped":{"vampirism:item_garlic":6,"minecraft:enchanted_book":3,"minecraft:bread":1,"minecraft:iron_ingot":3,"minecraft:brown_mushroom":1,"minecraft:wheat_seeds":35,"minecraft:oak_log":6,"vampirism:human_heart":5,"minecraft:diamond":3,"minecraft:glass_bottle":7,"vampirism:vampire_book":2,"biomesoplenty:redwood_slab":2,"biomesoplenty:lavender":13,"minecraft:cobblestone":16,"minecraft:leather":7,"minecraft:leather_helmet":1,"minecraft:dirt":72,"mores:sapphire_leggings":1,"minecraft:golden_carrot":8,"minecraft:cornflower":1,"tombstone:grave_key":1,"minecraft:mutton":4,"minecraft:snowball":1,"securitycraft:furnace_mine":1,"tombstone:grave_dust":8,"minecraft:phantom_membrane":1,"vampirism:ring":1,"biomesoplenty:glowflower":1,"minecraft:string":7,"minecraft:white_wool":2,"mores:sapphire_helmet":1,"minecraft:dandelion":1,"minecraft:bone":7,"minecraft:furnace":1,"minecraft:gravel":1,"minecraft:white_tulip":8,"mores:sapphire_chestplate":1,"minecraft:stone_axe":1,"mores:sapphire_boots":1,"dynamictrees:oak_seed":2,"minecraft:coarse_dirt":2,"vampirism:holy_water_bottle_enhanced":7,"minecraft:rotten_flesh":8,"biomesoplenty:redwood_planks":3,"minecraft:oak_planks":58,"minecraft:glowstone_dust":1,"minecraft:mossy_stone_brick_slab":1,"minecraft:hay_block":2,"minecraft:stone":30,"vampirism:vampire_blood_bottle":3,"vampirism:vampire_fang":1,"minecraft:allium":2,"minecraft:spruce_trapdoor":2,"minecraft:spruce_planks":1,"minecraft:leather_boots":1,"minecraft:wooden_shovel":1,"minecraft:spider_eye":6,"minecraft:stone_bricks":1,"tombstone:essence_of_undeath":2,"minecraft:bow":1,"minecraft:arrow":2,"minecraft:sandstone":1,"minecraft:wooden_pickaxe":1,"minecraft:beef":10,"vampirism:pure_salt_water":3,"minecraft:stone_brick_stairs":2,"biomesoplenty:tall_lavender":1},"minecraft:killed":{"naturalist:rattlesnake":1,"vampirism:vampire":14,"minecraft:witch":1,"vampirism:advanced_vampire":4,"minecraft:spider":12,"minecraft:phantom":3,"minecraft:skeleton":6,"vampirism:blinding_bat":1,"vampirism:advanced_hunter":18,"minecraft:wolf":2,"minecraft:pig":2,"minecraft:zombie_villager":1,"naturalist:firefly":1,"naturalist:snake":1,"minecraft:iron_golem":1,"minecraft:creeper":3,"vampirism:hunter":71,"minecraft:zombie":24,"minecraft:enderman":1,"minecraft:cow":4},"minecraft:used":{"vampirism:vampire_clothing_crown":1,"minecraft:white_tulip":5,"biomesoplenty:redwood_planks":1,"minecraft:spruce_planks":11,"minecraft:wooden_shovel":4,"dynamictrees:oak_seed":12,"minecraft:rotten_flesh":1,"epicpaladins:moonlight_shovel":94,"minecraft:torch":2,"mores:tanzanite_shield":42,"minecraft:dirt":24,"minecraft:mutton":3,"naturalist:venison":2,"minecraft:salmon_bucket":2,"minecraft:azure_bluet":3,"minecraft:snowball":20,"minecraft:obsidian":5,"vampirism:item_tent":2,"minecraft:lava_bucket":1,"minecraft:iron_block":1,"epicpaladins:moonlight_axe":338,"minecraft:beef":1,"minecraft:sweet_berries":3,"minecraft:furnace":3,"minecraft:gold_block":3,"tombstone:gift":6,"minecraft:egg":1,"epicpaladins:moonlight_sword":538,"biomesoplenty:burning_blossom":2,"minecraft:water_bucket":44,"vampirism:fire_place":1,"vampirism:altar_inspiration":1,"minecraft:glass_bottle":2,"minecraft:oak_planks":52,"minecraft:ender_pearl":1,"minecraft:wooden_pickaxe":3,"vampirism:human_heart":38,"minecraft:blue_bed":2,"minecraft:golden_apple":1,"minecraft:crafting_table":10,"minecraft:red_bed":2,"minecraft:spider_eye":2,"securitycraft:furnace_mine":2,"minecraft:painting":1,"epicpaladins:moonlight_pickaxe":126,"minecraft:spruce_log":1,"minecraft:oak_log":1,"sophisticatedbackpacks:backpack":1,"minecraft:bread":42,"minecraft:string":1,"minecraft:spruce_trapdoor":1,"minecraft:stone_axe":24,"minecraft:cobblestone":49,"minecraft:potion":2,"minecraft:bucket":48,"minecraft:black_candle":1},"minecraft:crafted":{"securitycraft:mine":3,"minecraft:oak_planks":136,"securitycraft:furnace_mine":3,"minecraft:furnace":5,"minecraft:glass":5,"minecraft:wooden_shovel":1,"minecraft:crafting_table":6,"minecraft:wooden_pickaxe":1,"minecraft:bucket":1,"minecraft:stone_axe":1,"minecraft:air":0,"minecraft:stick":4,"vampirism:vampire_clothing_crown":1},"minecraft:picked_up":{"minecraft:crafting_table":4,"minecraft:coarse_dirt":2,"biomesoplenty:burning_blossom":2,"minecraft:allium":2,"minecraft:azure_bluet":3,"naturalist:venison":2,"minecraft:brown_mushroom":1,"minecraft:gold_block":3,"minecraft:enchanted_book":1,"minecraft:stone_brick_stairs":2,"tombstone:grave_key":1,"vampirism:pure_salt_water":3,"minecraft:cornflower":1,"minecraft:string":17,"minecraft:red_bed":2,"biomesoplenty:tall_lavender":1,"vampirism:obi_belt":3,"biomesoplenty:redwood_slab":2,"minecraft:spruce_planks":12,"minecraft:beef":11,"minecraft:white_tulip":13,"dynamictrees:oak_seed":14,"minecraft:furnace":2,"minecraft:spruce_trapdoor":3,"minecraft:phantom_membrane":1,"minecraft:egg":1,"minecraft:stone":15,"minecraft:sandstone":1,"minecraft:stick":44,"minecraft:torch":2,"sophisticatedbackpacks:backpack":1,"vampirism:umbrella":1,"minecraft:porkchop":4,"vampirism:holy_water_bottle_enhanced":7,"tombstone:grave_dust":6,"vampirism:vampire_fang":5,"vampirism:amulet":3,"biomesoplenty:redwood_planks":4,"minecraft:arrow":2,"vampirism:blood_bottle":6,"minecraft:rotten_flesh":9,"vampirism:altar_inspiration":1,"vampirism:pure_blood_2":14,"minecraft:hay_block":2,"minecraft:iron_block":1,"minecraft:gold_ingot":10,"tombstone:essence_of_undeath":1,"minecraft:mutton":7,"minecraft:obsidian":5,"minecraft:snowball":21,"minecraft:white_wool":2,"minecraft:cobblestone":108,"biomesoplenty:lavender":13,"vampirism:vampire_book":2,"vampirism:vampire_blood_bottle":3,"minecraft:golden_carrot":3,"vampirism:item_tent":2,"minecraft:leather":7,"minecraft:oak_log":41,"minecraft:gunpowder":5,"minecraft:blue_bed":2,"minecraft:dirt":96,"minecraft:leather_boots":1,"minecraft:bone":7,"vampirism:human_heart":109,"minecraft:stone_bricks":1,"minecraft:bow":1,"minecraft:wheat_seeds":35,"vampirism:item_garlic":6,"minecraft:iron_ingot":5,"minecraft:glowstone_dust":1,"minecraft:glass_bottle":6,"minecraft:oak_planks":4,"sophisticatedbackpacks:diamond_backpack":1,"minecraft:black_candle":1,"minecraft:sweet_berries":3,"vampirism:fire_place":1,"minecraft:dandelion":2,"vampirism:ring":2,"minecraft:gravel":1,"minecraft:sand":16,"minecraft:spruce_log":1,"minecraft:leather_helmet":1,"minecraft:mossy_stone_brick_slab":1,"minecraft:spider_eye":9,"vampirism:pure_blood_0":16,"biomesoplenty:glowflower":1,"minecraft:bread":10,"minecraft:coal":3,"minecraft:ender_pearl":1}},"DataVersion":3465}