{"stats":{"minecraft:crafted":{"minecraft:cooked_porkchop":2,"minecraft:birch_planks":96,"minecraft:air":0,"minecraft:stick":88,"design_decor:wood_support":4},"minecraft:mined":{"create_central_kitchen:pumpkin_pie":3,"gravestone:gravestone":2,"minecraft:grass_block":2,"gothic:scavenger_grilled":1,"biomesoplenty:sprout":3,"minecraft:seagrass":1,"dynamictrees:oak_undergrowth_leaves":25,"minecraft:grass":7,"biomesoplenty:clover":9,"minecraft:flower_pot":1,"minecraft:sand":3,"minecraft:cobweb":2},"minecraft:custom":{"minecraft:interact_with_furnace":4,"minecraft:mob_kills":16,"minecraft:interact_with_crafting_table":5,"minecraft:open_barrel":28,"minecraft:interact_with_stonecutter":1,"minecraft:leave_game":1,"minecraft:time_since_death":74212,"minecraft:sleep_in_bed":3,"minecraft:climb_one_cm":10012,"minecraft:time_since_rest":12662,"minecraft:sprint_one_cm":177508,"minecraft:damage_taken":1881,"minecraft:walk_one_cm":247482,"minecraft:drop":76,"minecraft:damage_dealt":2967,"minecraft:swim_one_cm":19174,"minecraft:talked_to_villager":4,"minecraft:fly_one_cm":375244,"minecraft:open_chest":28,"minecraft:crouch_one_cm":1636,"minecraft:play_time":97049,"minecraft:deaths":1,"minecraft:sneak_time":704,"minecraft:walk_under_water_one_cm":23579,"minecraft:boat_one_cm":390152,"minecraft:interact_with_brewingstand":1,"minecraft:jump":1899,"minecraft:walk_on_water_one_cm":21703,"minecraft:interact_with_smoker":1,"minecraft:total_world_time":97049,"minecraft:fall_one_cm":48006},"minecraft:picked_up":{"minecraft:birch_log":24,"minecraft:feather":1,"minecraft:chicken":3,"minecraft:wooden_pickaxe":1,"minecraft:birch_planks":55,"biomesoplenty:fir_log":90,"gravestone:obituary":1,"minecraft:dirt":2,"farmersdelight:tomato":27,"minecraft:string":2,"immersive_aircraft:biplane":4,"create_central_kitchen:pumpkin_pie_slice":9,"minecraft:cooked_mutton":2,"minecraft:bone":3,"comforts:sleeping_bag_white":1,"dynamictrees:birch_seed":9,"minecraft:stone_pickaxe":2,"minecraft:cobweb":2,"minecraft:cobblestone_slab":6,"minecraft:iron_nugget":8,"minecraft:poppy":1,"minecraft:sugar_cane":2,"minecraft:iron_boots":1,"minecraft:egg":1,"minecraft:stick":104,"minecraft:jungle_planks":6,"minecraft:porkchop":17,"minecraft:sand":11,"minecraft:lily_of_the_valley":1,"minecraft:jungle_slab":2,"minecraft:spider_eye":1,"gothic:meat":2,"minecraft:arrow":8,"minecraft:rotten_flesh":14,"minecraft:stone_axe":1,"farmersdelight:onion":13,"farmersdelight:rope":16,"minecraft:emerald":2,"minecraft:mutton":5,"minecraft:oak_leaves":42,"minecraft:white_wool":6,"minecraft:cobblestone":1,"minecraft:wooden_axe":2},"minecraft:killed":{"minecraft:cat":1,"minecraft:pig":3,"minecraft:vindicator":4,"naturalist:robin":1,"minecraft:sheep":3,"minecraft:skeleton":3,"minecraft:pillager":1,"minecraft:zombie":4,"gothic:molerat":1},"minecraft:used":{"minecraft:cooked_mutton":2,"farmersdelight:iron_knife":21,"minecraft:water_bucket":3,"extradelight:fried_chicken":1,"minecraft:birch_planks":7,"extradelight:french_fries":2,"minecraft:baked_potato":1,"minecraft:rotten_flesh":3,"create_central_kitchen:pumpkin_pie_slice":5,"farmersdelight:onion":25,"minecraft:sand":9,"minecraft:mutton":5,"farmersdelight:bacon":2,"minecraft:shears":26,"extradelight:ketchup_jar_item":1,"farmersdelight:rope":6,"farmersdelight:minced_beef":3,"minecraft:wooden_axe":28,"minecraft:apple":5,"farmersdelight:tomato":2,"minecraft:bread":5,"minecraft:iron_pickaxe":30,"dynamictrees:birch_seed":9,"design_decor:wood_support":3,"minecraft:stone_axe":38,"minecraft:porkchop":5,"minecraft:cooked_porkchop":2,"minecraft:bucket":3,"minecraft:pumpkin_pie":6,"minecraft:egg":1,"immersive_aircraft:biplane":3,"minecraft:cobweb":8},"minecraft:dropped":{"biomesoplenty:fir_log":90,"farmersdelight:iron_knife":1,"minecraft:birch_planks":55,"minecraft:porkchop":1,"minecraft:iron_nugget":16,"minecraft:glass_bottle":1,"immersive_aircraft:biplane":5,"minecraft:cobblestone":1,"minecraft:feather":1,"minecraft:rotten_flesh":6,"gothic:meat":2,"minecraft:salmon":4,"minecraft:lily_of_the_valley":1,"minecraft:stick":128,"minecraft:emerald":1,"minecraft:jungle_slab":2,"minecraft:cobblestone_slab":6,"minecraft:potato":56,"minecraft:wooden_axe":2,"farmersdelight:rope":16,"minecraft:dried_kelp":14,"gravestone:obituary":2,"minecraft:spider_eye":1,"minecraft:stone_pickaxe":1,"minecraft:wooden_pickaxe":1,"minecraft:sand":2,"minecraft:arrow":4,"farmersdelight:tomato":3,"minecraft:quartz":21,"minecraft:string":2,"automobility:automobile":1,"minecraft:oak_leaves":42,"minecraft:white_wool":6,"minecraft:bone":3}},"DataVersion":3120}