{"stats":{"minecraft:broken":{"minecraft:leather_helmet":1,"minecraft:leather_leggings":1,"minecraft:stone_axe":1},"minecraft:mined":{"biomesoplenty:desert_grass":3,"minecraft:dark_oak_log":5,"create_central_kitchen:pumpkin_pie":3,"gravestone:gravestone":3,"minecraft:grass_block":12,"gothic:scavenger_grilled":1,"biomesoplenty:dune_grass":5,"comforts:sleeping_bag_white":1,"dynamictrees:oak_undergrowth_leaves":25,"minecraft:iron_ore":7,"minecraft:fire":18,"createindustry:lead_ore":2,"minecraft:stone":3,"minecraft:poppy":13,"minecraft:rose_bush":5,"minecraft:nether_quartz_ore":37,"minecraft:tall_grass":2,"biomesoplenty:sprout":9,"minecraft:seagrass":1,"extradelight:wild_ginger":1,"minecraft:dark_oak_slab":1,"minecraft:grass":12,"biomesoplenty:clover":9,"minecraft:flower_pot":1,"minecraft:sand":3,"minecraft:dirt":4,"minecraft:cobweb":2,"minecraft:netherrack":3},"minecraft:dropped":{"biomesoplenty:fir_log":90,"farmersdelight:iron_knife":1,"minecraft:porkchop":1,"minecraft:birch_planks":55,"minecraft:glass_bottle":1,"immersive_aircraft:biplane":5,"minecraft:feather":1,"minecraft:cobblestone":7,"minecraft:apple":4,"gothic:meat":2,"minecraft:stick":128,"minecraft:emerald":1,"minecraft:jungle_slab":2,"minecraft:dirt":1,"minecraft:wooden_axe":2,"minecraft:rose_bush":8,"gothic:tall_mushrooms":1,"minecraft:dried_kelp":14,"gravestone:obituary":4,"minecraft:sand":2,"minecraft:string":2,"automobility:automobile":1,"minecraft:white_wool":6,"spore:claw_fragment":4,"minecraft:gold_ingot":4,"minecraft:bone":3,"minecraft:sugar_cane":7,"minecraft:iron_nugget":16,"minecraft:bowl":3,"minecraft:rotten_flesh":6,"minecraft:salmon":4,"minecraft:lily_of_the_valley":1,"minecraft:potato":56,"minecraft:cobblestone_slab":6,"gothic:bug_meat":1,"artifacts:eternal_steak":1,"farmersdelight:rope":16,"minecraft:spider_eye":1,"minecraft:wooden_pickaxe":1,"minecraft:arrow":4,"minecraft:stone_pickaxe":1,"minecraft:quartz":21,"farmersdelight:tomato":3,"minecraft:oak_leaves":42,"design_decor:wood_support":1},"minecraft:killed":{"minecraft:spider":1,"minecraft:vindicator":4,"naturalist:robin":1,"minecraft:skeleton":3,"minecraft:drowned":1,"gothic:molerat":1,"minecraft:cat":1,"minecraft:husk":1,"minecraft:pig":3,"minecraft:sheep":3,"minecraft:pillager":1,"minecraft:zombie":6},"minecraft:crafted":{"minecraft:dark_oak_planks":12,"minecraft:cooked_porkchop":2,"minecraft:iron_helmet":1,"minecraft:birch_planks":96,"minecraft:air":0,"minecraft:charcoal":1,"minecraft:stick":88,"minecraft:iron_ingot":5,"design_decor:wood_support":4},"minecraft:picked_up":{"minecraft:chicken":3,"minecraft:wooden_pickaxe":1,"gravestone:obituary":2,"minecraft:string":3,"immersive_aircraft:biplane":4,"create_central_kitchen:pumpkin_pie_slice":9,"minecraft:armor_stand":1,"comforts:sleeping_bag_white":2,"minecraft:rose_bush":8,"minecraft:cobblestone_slab":6,"minecraft:iron_nugget":8,"minecraft:poppy":10,"minecraft:sugar_cane":7,"minecraft:egg":1,"minecraft:iron_boots":1,"minecraft:stick":160,"minecraft:raw_iron":5,"gothic:tall_mushrooms":1,"minecraft:bowl":2,"minecraft:porkchop":17,"minecraft:carrot":1,"minecraft:dark_oak_planks":12,"minecraft:arrow":8,"minecraft:rotten_flesh":24,"farmersdelight:onion":21,"supplementaries:ash":1,"farmersdelight:rope":16,"minecraft:mutton":5,"minecraft:white_wool":6,"minecraft:cobblestone":7,"minecraft:birch_log":24,"minecraft:feather":1,"artifacts:eternal_steak":1,"minecraft:birch_planks":55,"biomesoplenty:fir_log":90,"minecraft:chainmail_chestplate":1,"minecraft:dirt":10,"farmersdelight:tomato":27,"minecraft:cooked_mutton":2,"minecraft:bone":3,"minecraft:apple":4,"dynamictrees:birch_seed":9,"minecraft:stone_pickaxe":2,"minecraft:cobweb":2,"spore:mutated_fiber":4,"minecraft:dark_oak_slab":1,"minecraft:quartz":41,"minecraft:jungle_planks":6,"minecraft:sand":11,"minecraft:lily_of_the_valley":1,"minecraft:dark_oak_log":5,"minecraft:jungle_slab":2,"minecraft:spider_eye":2,"naturalist:duck_egg":1,"extradelight:wooden_spoon":1,"spore:claw_fragment":4,"gothic:meat":2,"minecraft:stone_axe":1,"minecraft:bread":29,"minecraft:emerald":4,"minecraft:oak_leaves":42,"minecraft:wooden_axe":2},"minecraft:custom":{"minecraft:mob_kills":22,"minecraft:interact_with_crafting_table":13,"minecraft:open_barrel":31,"minecraft:leave_game":4,"minecraft:time_since_death":53479,"minecraft:climb_one_cm":13539,"minecraft:sprint_one_cm":326235,"minecraft:walk_one_cm":423599,"minecraft:drop":105,"minecraft:talked_to_villager":8,"minecraft:play_time":171020,"minecraft:deaths":2,"minecraft:sneak_time":2320,"minecraft:walk_under_water_one_cm":42451,"minecraft:boat_one_cm":516958,"minecraft:jump":3722,"minecraft:interact_with_brewingstand":1,"minecraft:walk_on_water_one_cm":56168,"minecraft:total_world_time":171020,"minecraft:interact_with_furnace":13,"minecraft:interact_with_cartography_table":1,"minecraft:interact_with_stonecutter":1,"minecraft:sleep_in_bed":4,"minecraft:time_since_rest":41968,"minecraft:damage_taken":3533,"minecraft:damage_dealt":4088,"minecraft:swim_one_cm":44758,"minecraft:fly_one_cm":709735,"minecraft:open_chest":40,"minecraft:crouch_one_cm":7580,"minecraft:interact_with_smoker":1,"minecraft:fall_one_cm":108844},"minecraft:killed_by":{"spore:busser":1},"minecraft:used":{"minecraft:flint_and_steel":49,"extradelight:french_fries":2,"minecraft:armor_stand":1,"minecraft:rotten_flesh":3,"minecraft:iron_chestplate":1,"minecraft:dirt":6,"minecraft:mutton":7,"farmersdelight:bacon":5,"extradelight:ketchup_jar_item":1,"farmersdelight:rope":22,"minecraft:dark_oak_planks":3,"minecraft:wooden_axe":28,"farmersdelight:tomato":24,"minecraft:iron_helmet":1,"dynamictrees:birch_seed":9,"minecraft:dark_oak_slab":1,"minecraft:iron_boots":1,"extradelight:roasted_carrot":1,"comforts:sleeping_bag_white":1,"minecraft:egg":1,"immersive_aircraft:biplane":3,"extradelight:glow_berry_cookie":1,"minecraft:cooked_mutton":2,"farmersdelight:iron_knife":63,"minecraft:water_bucket":10,"minecraft:leather_leggings":1,"extradelight:fried_chicken":1,"minecraft:birch_planks":7,"minecraft:baked_potato":1,"artifacts:eternal_steak":1,"naturalist:duck_egg":1,"create_central_kitchen:pumpkin_pie_slice":9,"farmersdelight:onion":25,"minecraft:sand":9,"extradelight:carrot_soup":1,"minecraft:shears":26,"farmersdelight:minced_beef":3,"minecraft:apple":5,"minecraft:chicken":3,"minecraft:bread":23,"minecraft:iron_pickaxe":116,"design_decor:wood_support":3,"minecraft:stone_axe":46,"minecraft:porkchop":5,"minecraft:cooked_porkchop":2,"minecraft:bucket":10,"minecraft:pumpkin_pie":6,"minecraft:cobweb":8}},"DataVersion":3120}