{"stats":{"minecraft:killed":{"naturalist:deer":1,"horse_colors:horse_felinoid":1},"minecraft:picked_up":{"minecraft:leather":1,"farmersdelight:hamburger":4},"minecraft:used":{"supplementaries:candy":17,"farmersdelight:canvas_sign":1,"create_new_age:fluxuated_magnetite":1,"create_things_and_misc:slime_bucket":1,"farmersdelight:hot_cocoa":2,"gothic:npc_oldcamp_hunter_spawn_egg":1,"minecraft:sand":1,"farmersdelight:skillet":5,"create_new_age:electrical_connector":1,"naturalist:deer_spawn_egg":1,"naturalist:teddy_bear":1,"naturalist:butterfly":1,"minecraft:milk_bucket":1,"farmersdelight:hamburger":2},"minecraft:dropped":{"farmersdelight:hamburger":4,"minecraft:leather":1,"minecraft:sand":1,"minecraft:milk_bucket":1,"supplementaries:candy":47},"minecraft:custom":{"minecraft:time_since_rest":15286,"minecraft:crouch_one_cm":341,"minecraft:play_time":15286,"minecraft:sprint_one_cm":9773,"minecraft:damage_taken":122,"minecraft:walk_one_cm":31917,"minecraft:sneak_time":135,"minecraft:walk_under_water_one_cm":899,"minecraft:mob_kills":2,"minecraft:drop":5,"minecraft:jump":105,"minecraft:damage_dealt":381,"exposure:interact_with_lightroom":1,"minecraft:time_since_death":15286,"minecraft:walk_on_water_one_cm":344,"minecraft:total_world_time":15286,"minecraft:fly_one_cm":26039,"minecraft:fall_one_cm":2076,"minecraft:horse_one_cm":3293}},"DataVersion":3120}