{"stats":{"minecraft:broken":{"minecraft:stone_axe":1,"minecraft:iron_sword":1},"minecraft:mined":{"create:zinc_ore":4,"dtbop:pink_cherry_leaves":3,"farmersdelight:onions":16,"dtbop:acacia_twiglet_leaves":1,"minecraft:candle":1,"minecraft:jungle_slab":1,"minecraft:dark_oak_log":3,"minecraft:dark_oak_fence":2,"minecraft:granite":2,"gravestone:gravestone":2,"minecraft:purple_terracotta":2,"minecraft:grass_block":3,"minecraft:jungle_planks":6,"create_new_age:thorium_ore":5,"farmersdelight:tomatoes":1,"biomesoplenty:dead_grass":1,"comforts:sleeping_bag_white":1,"minecraft:hay_block":20,"minecraft:black_stained_glass_pane":1,"minecraft:magma_block":3,"minecraft:furnace":5,"minecraft:iron_ore":19,"minecraft:barrel":2,"minecraft:fire":4,"gothic:scavenger_hanging":3,"biomesoplenty:fir_door":2,"dtbop:white_cherry_leaves":2,"minecraft:stone":24,"minecraft:spruce_slab":2,"minecraft:red_bed":2,"create_new_age:magnetite_block":1,"spore:growths_big":3,"minecraft:crafting_table":5,"minecraft:poppy":5,"minecraft:rose_bush":3,"minecraft:tall_grass":1,"biomesoplenty:sprout":6,"biomesoplenty:huge_clover_petal":1,"minecraft:dried_kelp_block":1,"minecraft:oak_planks":4,"minecraft:sugar_cane":2,"minecraft:birch_planks":1,"minecraft:sweet_berry_bush":1,"minecraft:lilac":1,"minecraft:grass":15,"biomesoplenty:clover":13,"minecraft:coal_ore":14,"minecraft:oak_log":5,"minecraft:gravel":1,"minecraft:dirt":1,"minecraft:sand":3,"minecraft:crimson_planks":2,"minecraft:cobweb":1,"spore:remains":1},"minecraft:dropped":{"minecraft:crimson_planks":1,"spore:spine_fragment":1,"minecraft:porkchop":10,"minecraft:birch_planks":15,"dtbop:fir_seed":6,"minecraft:wheat_seeds":2,"minecraft:lapis_lazuli":7,"minecraft:lilac":2,"minecraft:oak_log":2,"dynamictrees:birch_seed":2,"minecraft:golden_pickaxe":1,"minecraft:glass_bottle":2,"minecraft:feather":3,"minecraft:cobblestone":9,"minecraft:granite":2,"minecraft:jungle_planks":12,"naturalist:glow_goop":1,"minecraft:spruce_stairs":1,"minecraft:leather_helmet":1,"minecraft:stick":61,"minecraft:dirt":17,"minecraft:jungle_slab":7,"minecraft:stone_button":1,"minecraft:wooden_axe":2,"minecraft:rose_bush":3,"minecraft:cooked_cod":1,"minecraft:dried_kelp":18,"irons_spellbooks:arcane_essence":1,"gravestone:obituary":8,"farmersdelight:onion":26,"spore:mutated_heart":2,"minecraft:dark_oak_planks":12,"minecraft:white_wool":4,"dynamictrees:acacia_seed":1,"create:raw_zinc":4,"minecraft:gold_ingot":2,"minecraft:bone":4,"extradelight:ginger":1,"minecraft:stone_axe":1,"create_new_age:thorium":10,"minecraft:sweet_berries":6,"minecraft:sugar_cane":2,"minecraft:iron_nugget":8,"minecraft:chicken":3,"minecraft:rotten_flesh":16,"minecraft:light_gray_wool":2,"minecraft:iron_boots":4,"minecraft:oak_planks":10,"spore:cerebrum":1,"spore:mutated_fiber":20,"minecraft:cooked_mutton":2,"minecraft:poppy":34,"minecraft:potato":5,"minecraft:cobblestone_slab":6,"minecraft:shield":1,"create_new_age:magnetite_block":1,"biomesoplenty:fir_planks":11,"minecraft:gunpowder":1,"minecraft:iron_chestplate":1,"minecraft:ladder":9,"artifacts:eternal_steak":3,"extradelight:wooden_spoon":1,"minecraft:leather_leggings":1,"minecraft:spider_eye":1,"minecraft:barrel":1,"comforts:sleeping_bag_white":2,"minecraft:slime_ball":1,"minecraft:arrow":14,"minecraft:stone_pickaxe":4,"minecraft:wooden_pickaxe":1,"spore:armor_fragment":2,"farmersdelight:tomato":25,"minecraft:egg":1},"minecraft:killed":{"gothic:npc_oldcamp_hunter":1,"naturalist:rattlesnake":1,"minecraft:vindicator":8,"minecraft:spider":2,"naturalist:robin":1,"gothic:gothic_wolf":1,"naturalist:snail":1,"minecraft:chicken":3,"minecraft:husk":6,"minecraft:pig":7,"naturalist:firefly":1,"minecraft:iron_golem":3,"gothic:lurker":1,"naturalist:rhino":1,"spore:inf_pillager":3,"minecraft:sheep":5,"spore:inf_villager":5,"gothic:scavenger":1,"minecraft:pillager":10,"minecraft:zombie":10,"spore:inf_human":4,"spore:inf_husk":4,"gothic:bloodfly":1},"minecraft:crafted":{"artifacts:eternal_steak":1,"minecraft:oak_planks":20,"minecraft:cobblestone_slab":6,"comforts:sleeping_bag_white":2,"minecraft:cooked_mutton":6,"minecraft:iron_boots":1,"minecraft:iron_axe":1,"minecraft:ladder":24,"minecraft:stone_pickaxe":2,"minecraft:wheat":180,"minecraft:cooked_cod":2,"biomesoplenty:fir_boat":1,"minecraft:cooked_porkchop":2,"minecraft:crafting_table":9,"minecraft:dried_kelp":9,"minecraft:wooden_pickaxe":1,"minecraft:iron_helmet":1,"minecraft:iron_sword":1,"minecraft:golden_pickaxe":1,"minecraft:birch_planks":20,"minecraft:campfire":3,"minecraft:stone_axe":2,"minecraft:bread":60,"minecraft:air":0,"biomesoplenty:fir_planks":116,"minecraft:iron_chestplate":1,"minecraft:charcoal":4,"minecraft:shield":2,"minecraft:stick":52,"minecraft:iron_pickaxe":1,"minecraft:iron_ingot":19,"minecraft:wooden_axe":1,"extradelight:wooden_spoon":1,"minecraft:torch":4,"biomesoplenty:fir_door":3},"minecraft:picked_up":{"minecraft:charcoal":3,"minecraft:crafting_table":4,"spore:mutated_heart":2,"create_new_age:thorium":10,"minecraft:chicken":3,"minecraft:crimson_planks":2,"gravestone:obituary":5,"minecraft:brewing_stand":1,"minecraft:red_bed":2,"biomesoplenty:fir_door":2,"minecraft:cooked_salmon":4,"minecraft:candle":3,"biomesoplenty:fir_planks":5,"comforts:sleeping_bag_white":6,"minecraft:rose_bush":3,"minecraft:iron_nugget":16,"minecraft:poppy":34,"minecraft:light_gray_wool":2,"minecraft:spruce_slab":2,"minecraft:sugar_cane":2,"minecraft:iron_boots":4,"minecraft:furnace":5,"minecraft:egg":2,"minecraft:stick":93,"minecraft:raw_iron":19,"farmersdelight:rotten_tomato":1,"minecraft:torch":1,"minecraft:porkchop":23,"minecraft:dried_kelp":9,"farmersdelight:tomato_seeds":1,"minecraft:stone_button":2,"extradelight:ginger":1,"extradelight:tomato_juice":1,"minecraft:purple_terracotta":2,"minecraft:arrow":14,"minecraft:rotten_flesh":18,"minecraft:cooked_cod":64,"dtbop:fir_seed":6,"farmersdelight:onion":70,"minecraft:hay_block":20,"minecraft:gold_ingot":1,"minecraft:mutton":6,"minecraft:white_wool":10,"minecraft:cod":3,"minecraft:cobblestone":24,"minecraft:birch_log":5,"minecraft:magma_block":3,"minecraft:lilac":2,"minecraft:feather":3,"artifacts:eternal_steak":3,"minecraft:salmon":4,"minecraft:potato":5,"minecraft:birch_planks":46,"biomesoplenty:fir_log":71,"create:raw_zinc":4,"minecraft:oak_log":7,"farmersdelight:tomato":25,"minecraft:lapis_lazuli":7,"minecraft:dirt":19,"naturalist:glow_goop":1,"minecraft:bone":4,"minecraft:wheat_seeds":2,"biomesoplenty:fir_boat":5,"create_new_age:magnetite_block":1,"minecraft:iron_ingot":9,"dynamictrees:birch_seed":2,"minecraft:stone_pickaxe":2,"spore:mutated_fiber":20,"minecraft:oak_planks":6,"spore:cerebrum":1,"minecraft:cooked_porkchop":2,"minecraft:sweet_berries":6,"spore:armor_fragment":3,"gothic:meat_cooked":10,"minecraft:sand":4,"minecraft:jungle_planks":12,"dynamictrees:acacia_seed":1,"minecraft:dark_oak_log":3,"minecraft:spider_eye":1,"minecraft:jungle_slab":6,"minecraft:barrel":3,"naturalist:duck_egg":1,"gothic:meat":7,"minecraft:dried_kelp_block":1,"minecraft:slime_ball":1,"minecraft:granite":2,"minecraft:emerald":9,"spore:spine_fragment":1,"minecraft:baked_potato":47,"minecraft:dark_oak_fence":2,"minecraft:coal":20,"minecraft:wooden_axe":1},"minecraft:custom":{"minecraft:interact_with_smithing_table":1,"minecraft:mob_kills":85,"minecraft:interact_with_crafting_table":29,"minecraft:open_barrel":51,"minecraft:interact_with_campfire":113,"minecraft:bell_ring":7,"minecraft:leave_game":4,"minecraft:time_since_death":100962,"minecraft:climb_one_cm":9164,"minecraft:sprint_one_cm":439361,"minecraft:walk_one_cm":624977,"minecraft:damage_blocked_by_shield":2520,"minecraft:drop":165,"minecraft:talked_to_villager":8,"minecraft:play_time":243058,"minecraft:deaths":3,"minecraft:sneak_time":6376,"minecraft:walk_under_water_one_cm":63098,"minecraft:boat_one_cm":587141,"minecraft:jump":4662,"minecraft:walk_on_water_one_cm":97526,"minecraft:total_world_time":243058,"minecraft:interact_with_furnace":43,"minecraft:sleep_in_bed":8,"minecraft:time_since_rest":20311,"minecraft:damage_taken":7756,"minecraft:damage_dealt":17922,"minecraft:swim_one_cm":98170,"minecraft:fly_one_cm":1045489,"minecraft:open_chest":62,"minecraft:crouch_one_cm":10612,"minecraft:fall_one_cm":127962},"minecraft:killed_by":{"spore:busser":3},"minecraft:used":{"extradelight:tomato_juice":1,"minecraft:flint_and_steel":5,"minecraft:spruce_slab":2,"minecraft:ladder":15,"extradelight:seaweed_salad":1,"minecraft:shield":81,"farmersdelight:cabbage":1,"minecraft:iron_sword":259,"gothic:meat":7,"createindustry:crude_oil_bucket":9,"minecraft:rotten_flesh":2,"supplementaries:globe":1,"minecraft:torch":3,"minecraft:dirt":2,"minecraft:lava_bucket":3,"minecraft:iron_axe":42,"farmersdelight:rotten_tomato":1,"minecraft:iron_boots":1,"minecraft:barrel":2,"artifacts:everlasting_beef":1,"minecraft:magma_block":2,"minecraft:furnace":4,"minecraft:cooked_cod":4,"minecraft:egg":1,"comforts:sleeping_bag_white":5,"minecraft:potato":20,"farmersdelight:tomato_seeds":1,"minecraft:cooked_mutton":4,"minecraft:water_bucket":22,"minecraft:leather_leggings":1,"minecraft:birch_planks":41,"minecraft:stone_pickaxe":2,"minecraft:baked_potato":1,"minecraft:oak_planks":6,"minecraft:wooden_pickaxe":17,"artifacts:eternal_steak":8,"biomesoplenty:fir_planks":39,"biomesoplenty:fir_boat":5,"naturalist:duck_egg":1,"farmersdelight:onion":90,"minecraft:sand":4,"gothic:lamb_sausage":1,"gothic:meat_cooked":11,"minecraft:crafting_table":12,"minecraft:red_bed":2,"minecraft:campfire":3,"minecraft:cod":5,"minecraft:apple":6,"minecraft:iron_pickaxe":67,"minecraft:stone_button":1,"minecraft:bread":84,"extradelight:bbq_jar_item":1,"minecraft:leather_helmet":1,"minecraft:stone_axe":87,"biomesoplenty:fir_door":3,"minecraft:porkchop":1,"minecraft:cooked_porkchop":4,"minecraft:dark_oak_fence":2,"minecraft:bucket":34,"minecraft:candle":3,"minecraft:beetroot":1}},"DataVersion":3120}