{"stats":{"minecraft:broken":{"minecraft:stone_axe":1},"minecraft:crafted":{"minecraft:cobblestone_slab":6,"minecraft:oak_planks":20,"comforts:sleeping_bag_white":2,"minecraft:cooked_mutton":6,"minecraft:iron_boots":1,"minecraft:iron_axe":1,"minecraft:ladder":24,"minecraft:stone_pickaxe":2,"minecraft:wheat":180,"minecraft:cooked_cod":2,"biomesoplenty:fir_boat":1,"minecraft:cooked_porkchop":2,"minecraft:crafting_table":6,"minecraft:dried_kelp":9,"minecraft:iron_helmet":1,"minecraft:wooden_pickaxe":1,"minecraft:iron_sword":1,"minecraft:golden_pickaxe":1,"minecraft:birch_planks":20,"minecraft:stone_axe":2,"minecraft:bread":60,"minecraft:air":0,"biomesoplenty:fir_planks":96,"minecraft:iron_chestplate":1,"minecraft:shield":2,"minecraft:stick":52,"minecraft:iron_pickaxe":1,"minecraft:wooden_axe":1,"minecraft:torch":4},"minecraft:mined":{"farmersdelight:onions":16,"dtbop:pink_cherry_leaves":3,"minecraft:jungle_slab":1,"minecraft:grass_block":2,"farmersdelight:tomatoes":1,"comforts:sleeping_bag_white":1,"minecraft:hay_block":20,"minecraft:furnace":2,"dtbop:white_cherry_leaves":2,"minecraft:stone":16,"spore:growths_big":3,"minecraft:crafting_table":4,"biomesoplenty:huge_clover_petal":1,"minecraft:dried_kelp_block":1,"minecraft:oak_planks":4,"minecraft:sugar_cane":2,"minecraft:lilac":1,"minecraft:grass":14,"biomesoplenty:clover":13,"minecraft:oak_log":5,"minecraft:sand":2,"minecraft:cobweb":1,"spore:remains":1},"minecraft:custom":{"minecraft:interact_with_smithing_table":1,"minecraft:mob_kills":59,"minecraft:interact_with_crafting_table":21,"minecraft:open_barrel":48,"minecraft:leave_game":1,"minecraft:time_since_death":115396,"minecraft:climb_one_cm":7844,"minecraft:sprint_one_cm":218980,"minecraft:walk_one_cm":360371,"minecraft:damage_blocked_by_shield":1725,"minecraft:drop":86,"minecraft:talked_to_villager":7,"minecraft:play_time":115396,"minecraft:sneak_time":2619,"minecraft:walk_under_water_one_cm":15868,"minecraft:boat_one_cm":473399,"minecraft:jump":1785,"minecraft:walk_on_water_one_cm":38604,"minecraft:total_world_time":115396,"minecraft:interact_with_furnace":15,"minecraft:sleep_in_bed":4,"minecraft:time_since_rest":12662,"minecraft:damage_taken":3140,"minecraft:damage_dealt":11513,"minecraft:swim_one_cm":39244,"minecraft:fly_one_cm":422661,"minecraft:open_chest":32,"minecraft:crouch_one_cm":4170,"minecraft:fall_one_cm":43483},"minecraft:picked_up":{"minecraft:wooden_axe":1,"minecraft:crafting_table":4,"spore:mutated_heart":2,"minecraft:chicken":3,"gravestone:obituary":2,"minecraft:brewing_stand":1,"biomesoplenty:fir_planks":3,"comforts:sleeping_bag_white":4,"minecraft:iron_nugget":16,"minecraft:poppy":1,"minecraft:light_gray_wool":2,"minecraft:sugar_cane":2,"minecraft:iron_boots":3,"minecraft:egg":2,"minecraft:furnace":2,"minecraft:stick":93,"farmersdelight:rotten_tomato":1,"minecraft:porkchop":23,"minecraft:dried_kelp":9,"farmersdelight:tomato_seeds":1,"minecraft:stone_button":2,"extradelight:tomato_juice":1,"minecraft:arrow":8,"minecraft:rotten_flesh":5,"minecraft:cooked_cod":2,"dtbop:fir_seed":6,"farmersdelight:onion":64,"minecraft:hay_block":20,"minecraft:mutton":6,"minecraft:cod":3,"minecraft:white_wool":10,"minecraft:cobblestone":16,"minecraft:birch_log":5,"minecraft:feather":3,"minecraft:lilac":2,"minecraft:salmon":4,"minecraft:birch_planks":45,"biomesoplenty:fir_log":71,"minecraft:oak_log":5,"minecraft:lapis_lazuli":7,"farmersdelight:tomato":25,"minecraft:dirt":17,"naturalist:glow_goop":1,"biomesoplenty:fir_boat":3,"minecraft:wheat_seeds":1,"minecraft:stone_pickaxe":2,"minecraft:iron_ingot":6,"dynamictrees:birch_seed":2,"spore:mutated_fiber":6,"minecraft:oak_planks":6,"spore:cerebrum":1,"minecraft:cooked_porkchop":2,"spore:armor_fragment":3,"minecraft:sand":3,"minecraft:jungle_slab":4,"minecraft:spider_eye":1,"gothic:meat":1,"minecraft:dried_kelp_block":1,"minecraft:slime_ball":1,"minecraft:emerald":6,"minecraft:coal":6},"minecraft:killed":{"naturalist:rattlesnake":1,"minecraft:spider":2,"minecraft:vindicator":7,"naturalist:robin":1,"gothic:gothic_wolf":1,"naturalist:snail":1,"minecraft:chicken":3,"minecraft:pig":7,"naturalist:firefly":1,"minecraft:iron_golem":2,"spore:inf_pillager":2,"minecraft:sheep":5,"spore:inf_villager":3,"minecraft:pillager":4,"minecraft:zombie":7,"spore:inf_human":3,"spore:inf_husk":3,"gothic:npc_oldcamp_hunter":1},"minecraft:used":{"minecraft:beetroot":1,"extradelight:tomato_juice":1,"minecraft:ladder":15,"extradelight:seaweed_salad":1,"minecraft:shield":53,"farmersdelight:cabbage":1,"minecraft:iron_sword":143,"gothic:meat":1,"supplementaries:globe":1,"minecraft:dirt":1,"minecraft:iron_axe":13,"farmersdelight:rotten_tomato":1,"minecraft:iron_boots":1,"minecraft:furnace":1,"minecraft:cooked_cod":4,"comforts:sleeping_bag_white":3,"minecraft:egg":1,"farmersdelight:tomato_seeds":1,"minecraft:cooked_mutton":4,"minecraft:water_bucket":7,"minecraft:leather_leggings":1,"minecraft:stone_pickaxe":2,"minecraft:oak_planks":6,"minecraft:wooden_pickaxe":17,"biomesoplenty:fir_planks":21,"biomesoplenty:fir_boat":3,"farmersdelight:onion":67,"minecraft:sand":3,"minecraft:crafting_table":9,"minecraft:cod":3,"minecraft:apple":6,"minecraft:bread":38,"extradelight:bbq_jar_item":1,"minecraft:iron_pickaxe":1,"minecraft:stone_button":1,"minecraft:leather_helmet":1,"minecraft:stone_axe":87,"minecraft:cooked_porkchop":4,"minecraft:porkchop":1,"minecraft:bucket":7},"minecraft:dropped":{"minecraft:crimson_planks":1,"minecraft:birch_planks":15,"minecraft:porkchop":10,"minecraft:wheat_seeds":1,"dtbop:fir_seed":6,"minecraft:lapis_lazuli":7,"minecraft:lilac":2,"dynamictrees:birch_seed":2,"minecraft:golden_pickaxe":1,"minecraft:glass_bottle":2,"minecraft:feather":3,"minecraft:cobblestone":1,"naturalist:glow_goop":1,"minecraft:spruce_stairs":1,"minecraft:leather_helmet":1,"minecraft:stick":5,"minecraft:jungle_slab":5,"minecraft:dirt":16,"minecraft:stone_button":1,"minecraft:wooden_axe":2,"minecraft:dried_kelp":18,"gravestone:obituary":2,"farmersdelight:onion":13,"spore:mutated_heart":2,"minecraft:white_wool":4,"minecraft:stone_axe":1,"minecraft:sugar_cane":2,"minecraft:iron_nugget":8,"minecraft:chicken":3,"minecraft:rotten_flesh":5,"minecraft:light_gray_wool":2,"minecraft:iron_boots":2,"minecraft:oak_planks":10,"spore:cerebrum":1,"spore:mutated_fiber":6,"minecraft:cooked_mutton":2,"minecraft:poppy":1,"minecraft:cobblestone_slab":6,"minecraft:shield":1,"biomesoplenty:fir_planks":6,"minecraft:gunpowder":1,"minecraft:ladder":9,"minecraft:leather_leggings":1,"minecraft:spider_eye":1,"comforts:sleeping_bag_white":2,"minecraft:slime_ball":1,"minecraft:arrow":8,"minecraft:stone_pickaxe":4,"minecraft:wooden_pickaxe":1,"spore:armor_fragment":2,"farmersdelight:tomato":25,"minecraft:egg":1}},"DataVersion":3120}