{"stats":{"minecraft:broken":{"minecraft:stone_axe":1,"minecraft:iron_sword":1,"minecraft:iron_helmet":1},"minecraft:crafted":{"minecraft:oak_planks":20,"minecraft:cobblestone_slab":6,"minecraft:cooked_mutton":6,"minecraft:iron_boots":1,"minecraft:cooked_porkchop":2,"minecraft:crafting_table":11,"minecraft:iron_helmet":2,"minecraft:wooden_pickaxe":1,"minecraft:golden_pickaxe":1,"minecraft:birch_planks":20,"minecraft:campfire":3,"biomesoplenty:fir_planks":144,"minecraft:iron_chestplate":1,"minecraft:charcoal":4,"minecraft:shield":2,"minecraft:stick":52,"minecraft:iron_ingot":19,"minecraft:iron_pickaxe":1,"extradelight:wooden_spoon":1,"minecraft:gold_ingot":5,"biomesoplenty:fir_door":3,"artifacts:eternal_steak":1,"comforts:sleeping_bag_white":2,"minecraft:iron_axe":1,"minecraft:ladder":24,"minecraft:stone_pickaxe":2,"minecraft:wheat":180,"minecraft:cooked_cod":2,"biomesoplenty:fir_boat":1,"minecraft:dried_kelp":9,"minecraft:iron_sword":2,"minecraft:stone_axe":2,"minecraft:bread":60,"minecraft:air":0,"minecraft:wooden_axe":1,"minecraft:torch":8},"minecraft:mined":{"dtbop:acacia_twiglet_leaves":1,"dtbop:pink_cherry_leaves":3,"minecraft:jungle_slab":1,"minecraft:granite":2,"minecraft:grass_block":3,"comforts:sleeping_bag_white":1,"minecraft:magma_block":3,"minecraft:iron_ore":25,"minecraft:fire":4,"minecraft:barrel":2,"dtbop:white_cherry_leaves":2,"minecraft:spruce_slab":2,"minecraft:deepslate_redstone_ore":1,"minecraft:red_bed":2,"spore:growths_big":3,"minecraft:poppy":5,"minecraft:nether_quartz_ore":12,"minecraft:sugar_cane":2,"minecraft:oak_planks":4,"minecraft:lilac":1,"minecraft:grass":15,"biomesoplenty:clover":13,"minecraft:oak_log":5,"createindustry:deepslate_lithium_ore":4,"minecraft:sand":3,"minecraft:dirt":1,"minecraft:crimson_planks":2,"minecraft:netherrack":2,"spore:remains":1,"minecraft:nether_gold_ore":16,"create:zinc_ore":5,"farmersdelight:onions":16,"minecraft:candle":1,"biomesoplenty:desert_grass":2,"minecraft:dark_oak_log":3,"gravestone:gravestone":3,"minecraft:dark_oak_fence":2,"minecraft:purple_terracotta":2,"minecraft:jungle_planks":6,"create_new_age:thorium_ore":5,"farmersdelight:tomatoes":1,"biomesoplenty:dead_grass":2,"biomesoplenty:dune_grass":5,"minecraft:hay_block":20,"minecraft:black_stained_glass_pane":1,"minecraft:furnace":5,"gothic:scavenger_hanging":3,"createindustry:lead_ore":1,"biomesoplenty:fir_door":2,"minecraft:stone":27,"create_new_age:magnetite_block":1,"minecraft:crafting_table":5,"minecraft:rose_bush":3,"minecraft:tall_grass":1,"minecraft:dried_kelp_block":1,"biomesoplenty:sprout":7,"biomesoplenty:huge_clover_petal":1,"supplementaries:urn":1,"createindustry:deepslate_lead_ore":1,"minecraft:birch_planks":1,"minecraft:sweet_berry_bush":1,"minecraft:coal_ore":41,"minecraft:gravel":2,"minecraft:cobweb":1},"minecraft:killed_by":{"spore:busser":3},"minecraft:custom":{"minecraft:interact_with_crafting_table":32,"minecraft:open_barrel":51,"minecraft:bell_ring":7,"minecraft:leave_game":6,"minecraft:time_since_death":7910,"minecraft:sprint_one_cm":571028,"minecraft:damage_blocked_by_shield":3620,"minecraft:drop":211,"minecraft:talked_to_villager":8,"minecraft:play_time":299164,"minecraft:deaths":4,"minecraft:jump":6209,"minecraft:walk_on_water_one_cm":117062,"minecraft:interact_with_furnace":47,"minecraft:sleep_in_bed":8,"minecraft:damage_dealt":22201,"minecraft:crouch_one_cm":18141,"minecraft:interact_with_smithing_table":1,"minecraft:mob_kills":108,"minecraft:interact_with_campfire":113,"minecraft:damage_dealt_resisted":55,"minecraft:climb_one_cm":9164,"minecraft:walk_one_cm":833374,"minecraft:sneak_time":8546,"minecraft:walk_under_water_one_cm":68776,"minecraft:boat_one_cm":587141,"minecraft:total_world_time":299164,"minecraft:time_since_rest":7970,"minecraft:damage_taken":9204,"minecraft:trigger_trapped_chest":1,"minecraft:swim_one_cm":101981,"minecraft:fly_one_cm":1376488,"minecraft:open_chest":67,"minecraft:fall_one_cm":171347},"minecraft:picked_up":{"minecraft:wooden_axe":1,"spore:mutated_heart":2,"minecraft:crimson_planks":2,"minecraft:brewing_stand":1,"create:limestone":2,"minecraft:cooked_salmon":4,"minecraft:gold_nugget":47,"biomesoplenty:fir_planks":5,"comforts:sleeping_bag_white":6,"minecraft:rose_bush":4,"createindustry:raw_lead":2,"minecraft:iron_boots":4,"minecraft:furnace":5,"minecraft:stick":95,"farmersdelight:rotten_tomato":1,"minecraft:torch":2,"minecraft:green_bed":1,"minecraft:porkchop":23,"minecraft:dried_kelp":9,"minecraft:rotten_flesh":26,"dtbop:fir_seed":6,"farmersdelight:onion":70,"minecraft:cod":3,"minecraft:cobblestone":28,"minecraft:birch_log":5,"minecraft:magma_block":3,"minecraft:feather":3,"minecraft:lilac":2,"minecraft:andesite":31,"minecraft:potato":5,"biomesoplenty:fir_log":71,"create:raw_zinc":5,"supplementaries:flax_seeds":1,"minecraft:lapis_lazuli":7,"farmersdelight:tomato":25,"minecraft:dirt":19,"minecraft:bone":4,"minecraft:wheat_seeds":2,"biomesoplenty:fir_boat":5,"create_new_age:magnetite_block":1,"minecraft:oak_planks":6,"spore:cerebrum":5,"minecraft:cooked_porkchop":2,"spore:armor_fragment":3,"gothic:meat_cooked":10,"minecraft:jungle_planks":12,"minecraft:sand":4,"dynamictrees:acacia_seed":2,"createindustry:raw_lithium":4,"minecraft:jungle_slab":6,"minecraft:dark_oak_log":3,"minecraft:barrel":3,"naturalist:duck_egg":1,"minecraft:granite":2,"minecraft:emerald":9,"spore:spine_fragment":3,"minecraft:dark_oak_fence":2,"minecraft:charcoal":4,"minecraft:crafting_table":4,"create_new_age:thorium":10,"minecraft:chicken":3,"gravestone:obituary":5,"minecraft:red_bed":2,"biomesoplenty:fir_door":2,"minecraft:candle":3,"minecraft:iron_nugget":16,"minecraft:poppy":34,"minecraft:spruce_slab":2,"minecraft:light_gray_wool":2,"minecraft:sugar_cane":2,"minecraft:egg":2,"minecraft:raw_iron":25,"farmersdelight:tomato_seeds":1,"minecraft:stone_button":2,"extradelight:ginger":1,"minecraft:redstone":5,"minecraft:purple_terracotta":2,"extradelight:tomato_juice":1,"minecraft:arrow":14,"minecraft:cooked_cod":64,"biomesoplenty:orange_sandstone":11,"minecraft:hay_block":20,"minecraft:gold_ingot":1,"minecraft:mutton":6,"minecraft:white_wool":10,"artifacts:eternal_steak":3,"minecraft:salmon":4,"minecraft:birch_planks":46,"minecraft:oak_log":7,"minecraft:gunpowder":90,"naturalist:glow_goop":1,"dynamictrees:birch_seed":2,"minecraft:iron_ingot":9,"minecraft:stone_pickaxe":2,"spore:mutated_fiber":23,"minecraft:sweet_berries":6,"minecraft:quartz":2,"minecraft:gravel":1,"minecraft:spider_eye":3,"gothic:meat":7,"minecraft:dried_kelp_block":1,"minecraft:slime_ball":1,"minecraft:baked_potato":47,"minecraft:coal":42},"minecraft:killed":{"naturalist:rattlesnake":1,"minecraft:spider":3,"naturalist:robin":1,"gothic:gothic_wolf":1,"naturalist:snail":1,"minecraft:skeleton":1,"minecraft:chicken":3,"minecraft:pig":7,"naturalist:firefly":1,"minecraft:iron_golem":3,"spore:inf_drowned":1,"gothic:lurker":1,"naturalist:rhino":1,"minecraft:sheep":5,"spore:inf_villager":7,"gothic:scavenger":1,"minecraft:pillager":10,"spore:inf_human":6,"minecraft:zombie":15,"gothic:bloodfly":1,"gothic:npc_oldcamp_hunter":1,"irons_spellbooks:summoned_zombie":1,"minecraft:vindicator":8,"minecraft:husk":7,"spore:inf_pillager":6,"spore:inf_husk":4},"minecraft:used":{"minecraft:beetroot":1,"minecraft:spruce_slab":2,"minecraft:ladder":15,"extradelight:seaweed_salad":1,"minecraft:shield":106,"farmersdelight:cabbage":1,"minecraft:iron_sword":362,"minecraft:rotten_flesh":2,"supplementaries:globe":1,"minecraft:lava_bucket":18,"farmersdelight:rotten_tomato":1,"minecraft:iron_helmet":1,"minecraft:magma_block":2,"minecraft:furnace":4,"minecraft:cooked_cod":4,"minecraft:egg":1,"minecraft:potato":20,"minecraft:leather_leggings":1,"minecraft:stone_pickaxe":2,"minecraft:oak_planks":6,"minecraft:wooden_pickaxe":17,"artifacts:eternal_steak":26,"biomesoplenty:fir_planks":51,"biomesoplenty:fir_boat":5,"naturalist:duck_egg":1,"gothic:lamb_sausage":1,"minecraft:sand":4,"gothic:meat_cooked":11,"extradelight:bbq_jar_item":1,"minecraft:bread":84,"minecraft:stone_button":1,"minecraft:gravel":1,"minecraft:dark_oak_fence":2,"minecraft:andesite":6,"extradelight:tomato_juice":1,"minecraft:flint_and_steel":6,"minecraft:redstone":2,"gothic:meat":7,"createindustry:crude_oil_bucket":9,"minecraft:torch":4,"minecraft:dirt":2,"minecraft:iron_axe":48,"minecraft:iron_boots":1,"minecraft:barrel":2,"biomesoplenty:orange_sandstone":10,"artifacts:everlasting_beef":1,"comforts:sleeping_bag_white":5,"farmersdelight:tomato_seeds":1,"minecraft:cooked_mutton":4,"minecraft:water_bucket":27,"minecraft:birch_planks":41,"minecraft:baked_potato":1,"farmersdelight:onion":90,"minecraft:crafting_table":13,"minecraft:red_bed":2,"minecraft:campfire":3,"minecraft:cod":5,"minecraft:apple":6,"minecraft:iron_pickaxe":142,"minecraft:leather_helmet":1,"minecraft:stone_axe":87,"minecraft:cobblestone":1,"biomesoplenty:fir_door":3,"minecraft:porkchop":1,"minecraft:cooked_porkchop":4,"minecraft:bucket":54,"minecraft:candle":3},"minecraft:dropped":{"spore:spine_fragment":3,"minecraft:birch_planks":15,"minecraft:porkchop":10,"minecraft:lapis_lazuli":7,"minecraft:oak_log":2,"minecraft:golden_pickaxe":1,"minecraft:glass_bottle":2,"minecraft:jungle_planks":12,"minecraft:leather_helmet":1,"minecraft:dirt":17,"minecraft:stone_button":1,"minecraft:cooked_cod":35,"irons_spellbooks:arcane_essence":1,"gravestone:obituary":9,"farmersdelight:onion":26,"minecraft:gold_nugget":2,"minecraft:dark_oak_planks":12,"minecraft:white_wool":4,"minecraft:gold_ingot":2,"minecraft:bone":4,"extradelight:ginger":1,"minecraft:stone_axe":1,"create_new_age:thorium":10,"minecraft:sugar_cane":2,"minecraft:iron_nugget":8,"minecraft:rotten_flesh":20,"minecraft:oak_planks":10,"minecraft:cooked_mutton":2,"minecraft:poppy":34,"supplementaries:flax_seeds":1,"minecraft:gunpowder":91,"minecraft:charcoal":2,"create:limestone":2,"minecraft:ladder":9,"minecraft:leather_leggings":1,"comforts:sleeping_bag_white":2,"minecraft:arrow":14,"minecraft:quartz":2,"spore:armor_fragment":2,"minecraft:egg":1,"minecraft:crimson_planks":2,"minecraft:bread":29,"minecraft:iron_ingot":1,"minecraft:wheat_seeds":2,"dtbop:fir_seed":6,"minecraft:lilac":2,"dynamictrees:birch_seed":2,"minecraft:feather":3,"minecraft:cobblestone":12,"minecraft:granite":2,"naturalist:glow_goop":1,"minecraft:spruce_stairs":1,"minecraft:stick":61,"minecraft:jungle_slab":7,"minecraft:torch":3,"minecraft:wooden_axe":2,"minecraft:rose_bush":4,"createindustry:raw_lead":2,"minecraft:dried_kelp":18,"spore:mutated_heart":2,"dynamictrees:acacia_seed":2,"create:raw_zinc":5,"minecraft:sweet_berries":6,"minecraft:chicken":3,"minecraft:light_gray_wool":2,"minecraft:iron_boots":5,"spore:cerebrum":5,"spore:mutated_fiber":20,"minecraft:cobblestone_slab":6,"minecraft:potato":5,"minecraft:shield":1,"create_new_age:magnetite_block":1,"biomesoplenty:fir_planks":19,"minecraft:iron_chestplate":1,"minecraft:andesite":25,"artifacts:eternal_steak":3,"minecraft:spider_eye":3,"minecraft:barrel":1,"extradelight:wooden_spoon":1,"biomesoplenty:orange_sandstone":1,"minecraft:slime_ball":1,"minecraft:stone_pickaxe":4,"minecraft:wooden_pickaxe":1,"farmersdelight:tomato":25}},"DataVersion":3120}