{"stats":{"minecraft:used":{"born_in_chaos_v1:ethereal_spirit":2,"born_in_chaos_v1:intoxicating_decoction":1,"mores:tin_pickaxe":69,"minecraft:spruce_planks":26,"born_in_chaos_v1:smoked_fish":5,"born_in_chaos_v1:fried_maggot":3,"minecraft:cooked_salmon":3,"minecraft:rotten_flesh":10,"minecraft:iron_chestplate":1,"minecraft:torch":5,"minecraft:dirt":22,"minecraft:mutton":9,"minecraft:carrot":8,"mores:emerald_sword":70,"minecraft:spruce_boat":1,"born_in_chaos_v1:corpse_maggot":13,"minecraft:dark_oak_planks":13,"born_in_chaos_v1:smoked_flesh":19,"minecraft:lava_bucket":7,"moonsweaponry:iron_greatsword":218,"epicpaladins:bloodstone_shovel":3,"minecraft:sweet_berries":110,"minecraft:minecart":1,"tombstone:gift":5,"minecraft:egg":1,"minecraft:potato":47,"minecraft:cobbled_deepslate":14,"minecraft:water_bucket":43,"mores:tourmaline_boots":1,"mores:cobalt_helmet":2,"mores:tin_boots":1,"minecraft:sand":30,"minecraft:oak_slab":2,"minecraft:crafting_table":9,"tombstone:bag_of_seeds":1,"moonsweaponry:diamond_halberd":3,"mores:cobalt_leggings":1,"minecraft:apple":26,"minecraft:dark_oak_log":1,"minecraft:bread":5,"minecraft:iron_pickaxe":80,"tombstone:magic_scroll":1,"moonsweaponry:iron_rapier":63,"born_in_chaos_v1:smoked_monster_flesh":3,"minecraft:fishing_rod":17,"born_in_chaos_v1:rotten_fish":2,"minecraft:cobblestone":43,"minecraft:purple_bed":3,"minecraft:porkchop":4,"born_in_chaos_v1:river_mint":1,"minecraft:chain":1,"minecraft:bucket":50,"epicpaladins:bloodstone_sword":41,"minecraft:andesite":9,"mores:emerald_shield":22,"minecraft:bone_meal":3},"minecraft:dropped":{"minecraft:bread":12,"minecraft:iron_ingot":10,"born_in_chaos_v1:intoxicating_decoction":2,"mores:sterling_chestplate":1,"minecraft:porkchop":3,"born_in_chaos_v1:shattered_skull":1,"minecraft:shelter_pottery_sherd":1,"minecraft:wheat_seeds":55,"minecraft:glass_bottle":1,"minecraft:diamond":2,"minecraft:feather":2,"minecraft:cobblestone":26,"mores:topaz_gem":6,"minecraft:iron_helmet":1,"minecraft:apple":14,"mores:tin_ingot":9,"tombstone:scroll_of_mercy":1,"minecraft:coal":4,"minecraft:emerald":7,"minecraft:lava_bucket":1,"mores:tin_helmet":1,"minecraft:dirt":2,"mores:cobalt_leggings":1,"moonsweaponry:iron_greatsword":3,"born_in_chaos_v1:monster_skin":2,"tombstone:magic_scroll":1,"minecraft:torch":2,"mores:tourmaline_gem":21,"tombstone:grave_key":1,"minecraft:zombie_head":1,"tombstone:grave_dust":2,"minecraft:bone_meal":5,"minecraft:sand":1,"minecraft:iron_pickaxe":1,"mores:tourmaline_boots":1,"minecraft:string":34,"minecraft:lily_pad":1,"minecraft:white_wool":4,"epicpaladins:arclight_gem":1,"minecraft:bone":36,"mores:anthracite":4,"born_in_chaos_v1:fire_dust":2,"minecraft:cobbled_deepslate":4,"minecraft:cocoa_beans":3,"mores:raw_tin":64,"born_in_chaos_v1:ethereal_spirit":4,"minecraft:raw_iron":6,"minecraft:rotten_flesh":22,"born_in_chaos_v1:smoked_flesh":17,"minecraft:iron_boots":1,"sophisticatedbackpacks:backpack":1,"born_in_chaos_v1:spiritual_dust":3,"mores:tin_boots":1,"minecraft:torchflower_seeds":2,"tombstone:scroll_of_unstable_intangibility":1,"minecraft:pumpkin_seeds":6,"mores:tin_pickaxe":1,"minecraft:potato":3,"minecraft:gunpowder":5,"mores:tin_chestplate":1,"minecraft:shield":1,"moonsweaponry:iron_rapier":2,"mores:cobalt_helmet":1,"minecraft:melon_seeds":1,"mores:emerald_sword":1,"minecraft:beetroot_seeds":1,"minecraft:iron_chestplate":2,"minecraft:andesite":31,"born_in_chaos_v1:corpse_maggot":6,"minecraft:leather_boots":1,"minecraft:barrel":5,"minecraft:bow":1,"mores:tin_leggings":1,"minecraft:black_wool":1},"minecraft:crafted":{"minecraft:bone_meal":3,"born_in_chaos_v1:smoked_monster_flesh":2,"minecraft:iron_boots":1,"mores:tin_ingot":9,"born_in_chaos_v1:fried_maggot":3,"minecraft:dark_oak_planks":12,"minecraft:crafting_table":8,"minecraft:spruce_planks":48,"mores:tin_helmet":1,"minecraft:cooked_salmon":1,"moonsweaponry:iron_greatsword":2,"minecraft:bucket":2,"minecraft:bread":10,"minecraft:air":0,"mores:tin_boots":1,"minecraft:stick":4,"born_in_chaos_v1:smoked_flesh":7,"minecraft:iron_ingot":20},"minecraft:killed":{"born_in_chaos_v1:zombie_clown":2,"born_in_chaos_v1:zombie_lumberjack":1,"born_in_chaos_v1:restless_spirit":1,"born_in_chaos_v1:seared_spirit":1,"born_in_chaos_v1:door_knight_not_despawn":1,"minecraft:spider":2,"born_in_chaos_v1:siamese_skeletonsright":1,"born_in_chaos_v1:baby_skeleton_minion":2,"born_in_chaos_v1:maggot":7,"born_in_chaos_v1:scarlet_persecutor":3,"minecraft:skeleton":5,"minecraft:chicken":1,"born_in_chaos_v1:corpse_fish":4,"minecraft:pig":3,"minecraft:zombie_villager":1,"born_in_chaos_v1:diamond_termite":1,"born_in_chaos_v1:baby_skeleton":2,"minecraft:salmon":3,"minecraft:creeper":1,"born_in_chaos_v1:decrepit_skeleton":6,"minecraft:sheep":6,"minecraft:pillager":1,"minecraft:zombie":15,"born_in_chaos_v1:dread_hound":1,"born_in_chaos_v1:corpse_fly":11,"minecraft:glow_squid":1,"born_in_chaos_v1:siamese_skeletonsleft":1},"minecraft:broken":{"mores:tin_helmet":1,"minecraft:iron_pickaxe":1,"mores:tin_boots":1,"minecraft:fishing_rod":1},"minecraft:custom":{"minecraft:mob_kills":87,"minecraft:interact_with_crafting_table":22,"minecraft:open_barrel":42,"minecraft:bell_ring":29,"minecraft:damage_dealt_resisted":2069,"minecraft:leave_game":5,"minecraft:time_since_death":162,"minecraft:climb_one_cm":2226,"minecraft:sprint_one_cm":744009,"minecraft:walk_one_cm":476532,"minecraft:damage_blocked_by_shield":640,"minecraft:drop":199,"minecraft:talked_to_villager":2,"minecraft:raid_win":1,"minecraft:play_time":205939,"minecraft:deaths":28,"minecraft:sneak_time":6407,"minecraft:walk_under_water_one_cm":36524,"minecraft:boat_one_cm":754,"tombstone:tomb_raiding":2,"minecraft:jump":3433,"minecraft:interact_with_blast_furnace":2,"minecraft:walk_on_water_one_cm":37829,"minecraft:total_world_time":205939,"minecraft:interact_with_furnace":33,"tombstone:raider_killed":1,"minecraft:sleep_in_bed":4,"minecraft:time_since_rest":1,"minecraft:damage_taken":11632,"tombstone:sneak_grave":2,"minecraft:damage_dealt":16997,"minecraft:swim_one_cm":48671,"minecraft:fly_one_cm":665727,"minecraft:player_kills":6,"minecraft:open_chest":29,"minecraft:crouch_one_cm":15030,"tombstone:undead_killed":37,"minecraft:interact_with_smoker":18,"minecraft:fall_one_cm":115265},"minecraft:picked_up":{"minecraft:fishing_rod":1,"minecraft:iron_chestplate":1,"minecraft:cocoa_beans":3,"minecraft:shelter_pottery_sherd":1,"minecraft:crafting_table":1,"minecraft:wheat":9,"born_in_chaos_v1:smoked_monster_flesh":1,"born_in_chaos_v1:river_mint":1,"born_in_chaos_v1:seedof_chaos":2,"minecraft:enchanted_book":3,"mores:tin_helmet":1,"tombstone:grave_key":1,"minecraft:chain":1,"minecraft:shield":1,"minecraft:cornflower":1,"minecraft:string":34,"minecraft:cooked_salmon":2,"mores:tourmaline_gem":21,"born_in_chaos_v1:intoxicating_decoction":3,"born_in_chaos_v1:smoked_fish":5,"minecraft:zombie_head":1,"minecraft:blackstone":43,"minecraft:blue_orchid":1,"moonsweaponry:iron_rapier":2,"minecraft:detector_rail":3,"minecraft:cobbled_deepslate":15,"moonsweaponry:iron_greatsword":2,"minecraft:spruce_planks":19,"minecraft:minecart":1,"minecraft:iron_pickaxe":3,"mores:emerald_sword":2,"mores:cobalt_leggings":2,"minecraft:egg":1,"mores:tin_pickaxe":1,"minecraft:raw_iron":21,"born_in_chaos_v1:shattered_skull":1,"epicpaladins:arclight_gem":1,"minecraft:torch":10,"sophisticatedbackpacks:backpack":1,"minecraft:porkchop":7,"mores:topaz_gem":5,"tombstone:grave_dust":1,"minecraft:carrot":1,"mores:tin_boots":1,"minecraft:dark_oak_planks":2,"mores:raw_tin":27,"mores:cobalt_helmet":2,"minecraft:arrow":7,"epicpaladins:cryorium_gem":3,"minecraft:rotten_flesh":36,"minecraft:beetroot_seeds":1,"epicpaladins:bloodstone_shovel":1,"minecraft:mutton":9,"minecraft:skeleton_skull":1,"minecraft:white_wool":4,"minecraft:cobblestone":79,"born_in_chaos_v1:fused_bone":2,"born_in_chaos_v1:corpse_maggot":17,"minecraft:feather":2,"minecraft:glow_ink_sac":13,"born_in_chaos_v1:monster_flesh":1,"born_in_chaos_v1:spiritual_dust":3,"minecraft:andesite":45,"mores:emerald_shield":1,"minecraft:salmon":1,"minecraft:potato":9,"mores:tin_leggings":1,"minecraft:lily_pad":1,"minecraft:gunpowder":5,"mores:tin_sword":1,"epicpaladins:bloodstone_sword":1,"minecraft:dirt":24,"tombstone:gift":2,"born_in_chaos_v1:monster_skin":4,"minecraft:bone":39,"minecraft:apple":11,"minecraft:bow":1,"minecraft:wheat_seeds":55,"born_in_chaos_v1:smoked_flesh":5,"minecraft:iron_ingot":5,"minecraft:cobweb":9,"tombstone:bag_of_seeds":1,"mores:tourmaline_boots":2,"minecraft:iron_sword":1,"minecraft:pitcher_pod":1,"minecraft:book":6,"minecraft:oak_slab":2,"minecraft:sweet_berries":66,"born_in_chaos_v1:ethereal_spirit":8,"minecraft:torchflower_seeds":2,"minecraft:lava_bucket":1,"minecraft:sand":9,"minecraft:amethyst_shard":1,"mores:raw_cobalt":9,"minecraft:spruce_log":8,"minecraft:dark_oak_log":9,"minecraft:barrel":5,"moonsweaponry:diamond_halberd":1,"mores:tin_ingot":9,"mores:tin_chestplate":2,"minecraft:pumpkin_seeds":5,"minecraft:purple_bed":3,"born_in_chaos_v1:fire_dust":2,"minecraft:diamond":2,"minecraft:spruce_boat":1,"mores:anthracite":8,"minecraft:bone_meal":5,"minecraft:emerald":3,"minecraft:warped_roots":1,"tombstone:magic_scroll":1,"born_in_chaos_v1:rotten_fish":6,"mores:raw_silver":2,"minecraft:black_wool":1,"minecraft:coal":9},"minecraft:killed_by":{"minecraft:player":5},"minecraft:mined":{"minecraft:spruce_planks":1,"epicpaladins:cryorium_ore":3,"minecraft:grass_block":1,"minecraft:spruce_leaves":1,"minecraft:composter":1,"minecraft:spawner":3,"epicpaladins:deepslate_arclight_ore":2,"minecraft:large_fern":4,"minecraft:tall_seagrass":1,"minecraft:iron_ore":3,"minecraft:cobbled_deepslate":3,"minecraft:fire":3,"minecraft:andesite":21,"minecraft:detector_rail":1,"mores:deepslate_cobalt_ore":1,"minecraft:potatoes":2,"minecraft:stone":22,"mores:cobalt_ore":8,"minecraft:blackstone":44,"minecraft:magenta_wall_banner":1,"minecraft:torch":2,"minecraft:warped_roots":1,"mores:anthracite_ore":5,"minecraft:tall_grass":13,"mores:tin_ore":10,"minecraft:iron_door":1,"minecraft:wall_torch":6,"minecraft:seagrass":2,"minecraft:purple_bed":3,"minecraft:wheat":27,"minecraft:sweet_berry_bush":17,"mores:deepslate_tin_ore":2,"minecraft:pumpkin_stem":2,"minecraft:grass":26,"minecraft:zombie_head":1,"minecraft:sand":4,"minecraft:dirt":4,"mores:silver_ore":1,"minecraft:smooth_basalt":1,"minecraft:fern":4}},"DataVersion":3465}