{"stats":{"minecraft:custom":{"minecraft:mob_kills":76,"vampirism:interact_with_altar_of_infusion":8,"vampirism:action_time_vampire_rage":1062,"minecraft:interact_with_crafting_table":18,"vampirism:action_time_bat":30429,"minecraft:damage_dealt_resisted":1491,"minecraft:leave_game":8,"minecraft:time_since_death":5644,"minecraft:climb_one_cm":48,"minecraft:damage_resisted":211,"vampirism:amount_bitten":195,"minecraft:sprint_one_cm":849436,"minecraft:walk_one_cm":490735,"minecraft:damage_blocked_by_shield":162,"vampirism:interact_with_coffin":2,"minecraft:drop":186,"vampirism:action_time_regen":2690,"vampirism:skills_unlocked":54,"minecraft:damage_dealt_absorbed":120,"vampirism:infected_creatures":11,"minecraft:deaths":19,"minecraft:play_time":292173,"vampirism:interact_with_altar_inspiration":4,"minecraft:sneak_time":8761,"minecraft:walk_under_water_one_cm":9073,"minecraft:jump":4741,"minecraft:walk_on_water_one_cm":20462,"minecraft:total_world_time":292173,"vampirism:blood_drunk":68500,"vampirism:action_time_sunscreen":2545,"minecraft:interact_with_furnace":13,"vampirism:altar_of_inspiration_rituals_performed":15,"tombstone:raider_killed":1,"vampirism:action_used_sunscreen":5,"vampirism:action_used_bat":81,"minecraft:sleep_in_bed":2,"vampirism:actions_used":107,"minecraft:time_since_rest":4591,"vampirism:altar_of_infusion_rituals_performed":3,"vampirism:action_used_regen":7,"vampirism:resurrected":2,"minecraft:damage_taken":1082384,"minecraft:damage_dealt":20790,"minecraft:swim_one_cm":22527,"minecraft:fly_one_cm":1736912,"minecraft:player_kills":4,"vampirism:action_used_vampire_rage":3,"minecraft:open_chest":4,"minecraft:crouch_one_cm":16760,"tombstone:undead_killed":20,"vampirism:action_used_infect":11,"minecraft:fall_one_cm":128469,"minecraft:horse_one_cm":10252},"minecraft:mined":{"securitycraft:mine":1,"minecraft:spruce_planks":3,"minecraft:allium":1,"securitycraft:furnace_mine":2,"minecraft:grass_block":17,"minecraft:decorated_pot":1,"vampirism:weapon_table":1,"minecraft:spruce_leaves":18,"minecraft:sandstone":2,"dynamictrees:oak_leaves":6,"minecraft:furnace":2,"minecraft:fire":15,"minecraft:iron_ore":1,"vampirism:tent":1,"minecraft:azure_bluet":1,"vampirism:altar_infusion":2,"biomesoplenty:glowflower":1,"biomesoplenty:barley":7,"minecraft:stone":14,"minecraft:white_tulip":6,"minecraft:iron_block":1,"minecraft:podzol":1,"minecraft:powder_snow":18,"minecraft:crafting_table":2,"minecraft:cornflower":2,"vampirism:coffin_gray":1,"minecraft:tall_grass":77,"biomesoplenty:sprout":5,"minecraft:coarse_dirt":1,"biomesoplenty:blue_hydrangea":1,"sophisticatedbackpacks:diamond_backpack":1,"vampirism:totem_top":1,"minecraft:sweet_berry_bush":7,"minecraft:birch_leaves":6,"securitycraft:dirt_mine":1,"minecraft:grass":123,"minecraft:sand":6,"minecraft:dirt":17,"minecraft:fern":1},"minecraft:killed_by":{"minecraft:player":9},"minecraft:dropped":{"minecraft:bread":35,"biomesoplenty:jacaranda_sapling":4,"minecraft:wheat_seeds":35,"vampirism:human_heart":7,"minecraft:glass_bottle":11,"vampirism:vampire_book":1,"minecraft:ender_pearl":1,"minecraft:crafting_table":1,"biomesoplenty:redwood_slab":1,"biomesoplenty:lavender":1,"vampirism:pure_blood_2":1,"minecraft:cobblestone":7,"minecraft:leather":14,"minecraft:grass_block":1,"minecraft:stick":12,"minecraft:dirt":13,"minecraft:iron_block":1,"minecraft:cornflower":1,"tombstone:grave_key":1,"minecraft:mutton":2,"securitycraft:furnace_mine":1,"tombstone:grave_dust":3,"minecraft:sugar":3,"biomesoplenty:glowflower":1,"minecraft:string":17,"minecraft:white_wool":11,"minecraft:dandelion":1,"minecraft:bone":17,"minecraft:furnace":1,"minecraft:white_tulip":9,"securitycraft:mine":2,"epicpaladins:moonlight_sword":1,"minecraft:coarse_dirt":1,"minecraft:raw_iron":1,"minecraft:rotten_flesh":30,"vampirism:blood_bottle":7,"minecraft:glowstone_dust":1,"minecraft:azure_bluet":1,"vampirism:vampire_blood_bottle":1,"vampirism:vampire_fang":1,"biomesoplenty:blue_hydrangea":1,"minecraft:spider_eye":9,"tombstone:essence_of_undeath":1,"minecraft:sandstone":1,"biomesoplenty:magic_log":2,"minecraft:arrow":11,"minecraft:beef":6,"minecraft:red_tulip":1},"minecraft:killed":{"vampirism:vampire":6,"minecraft:witch":1,"vampirism:advanced_vampire":3,"vampirism:converted_creature":1,"minecraft:spider":20,"naturalist:coral_snake":1,"minecraft:skeleton":6,"naturalist:elephant":1,"vampirism:advanced_hunter":1,"minecraft:pig":1,"minecraft:creeper":2,"vampirism:hunter":7,"minecraft:zombie":14,"minecraft:enderman":1,"minecraft:cow":2},"minecraft:used":{"minecraft:white_tulip":3,"vampirism:altar_infusion":2,"minecraft:decorated_pot":1,"minecraft:spruce_planks":80,"dynamictrees:oak_seed":3,"minecraft:rotten_flesh":3,"mores:tanzanite_shield":6,"minecraft:dirt":20,"minecraft:carrot":1,"minecraft:diamond_helmet":1,"vampirism:item_tent":1,"minecraft:light_gray_stained_glass":4,"minecraft:iron_block":1,"minecraft:birch_sapling":1,"epicpaladins:moonlight_axe":114,"minecraft:beef":2,"minecraft:sweet_berries":10,"securitycraft:dirt_mine":9,"tombstone:gift":7,"epicpaladins:moonlight_sword":397,"biomesoplenty:redwood_slab":5,"vampirism:weapon_table":1,"vampirism:altar_inspiration":1,"minecraft:ender_pearl":1,"vampirism:human_heart":16,"minecraft:white_wool":4,"minecraft:sand":2,"minecraft:crafting_table":3,"minecraft:spider_eye":1,"securitycraft:furnace_mine":4,"epicpaladins:moonlight_pickaxe":60,"minecraft:cornflower":1,"minecraft:bread":19,"minecraft:spruce_trapdoor":1,"securitycraft:mine":1,"minecraft:porkchop":3},"minecraft:crafted":{"securitycraft:mine":9,"securitycraft:furnace_mine":1,"minecraft:light_gray_stained_glass":8,"minecraft:furnace":1,"minecraft:glass":9,"vampirism:altar_inspiration":1,"minecraft:glass_bottle":3,"minecraft:crafting_table":1,"minecraft:spruce_planks":256,"minecraft:air":0,"securitycraft:dirt_mine":8,"minecraft:light_gray_dye":1,"vampirism:blood_container":1},"minecraft:picked_up":{"minecraft:crafting_table":2,"minecraft:coarse_dirt":1,"minecraft:azure_bluet":2,"securitycraft:furnace_mine":4,"biomesoplenty:jacaranda_sapling":4,"minecraft:cornflower":2,"minecraft:string":17,"biomesoplenty:redwood_slab":6,"minecraft:spruce_planks":5,"minecraft:beef":8,"minecraft:white_tulip":12,"dynamictrees:oak_seed":3,"minecraft:birch_sapling":1,"minecraft:spruce_trapdoor":1,"minecraft:furnace":1,"minecraft:stick":12,"minecraft:raw_iron":1,"minecraft:sandstone":1,"epicpaladins:moonlight_sword":1,"minecraft:porkchop":5,"tombstone:grave_dust":1,"vampirism:vampire_fang":2,"minecraft:carrot":1,"vampirism:blood_bottle":5,"minecraft:arrow":11,"biomesoplenty:blue_hydrangea":1,"minecraft:rotten_flesh":33,"minecraft:decorated_pot":1,"vampirism:pure_blood_2":2,"minecraft:iron_block":1,"minecraft:red_tulip":1,"tombstone:essence_of_undeath":2,"minecraft:mutton":2,"minecraft:white_wool":15,"minecraft:cobblestone":15,"biomesoplenty:lavender":1,"vampirism:weapon_table":1,"vampirism:vampire_book":4,"vampirism:vampire_blood_bottle":5,"vampirism:item_tent":1,"minecraft:leather":17,"minecraft:gunpowder":3,"minecraft:dirt":43,"minecraft:glass":2,"minecraft:bone":17,"vampirism:human_heart":79,"minecraft:wheat_seeds":35,"vampirism:pure_blood_1":2,"biomesoplenty:magic_log":2,"minecraft:glowstone_dust":1,"minecraft:glass_bottle":11,"sophisticatedbackpacks:diamond_backpack":1,"securitycraft:mine":3,"minecraft:sweet_berries":24,"securitycraft:dirt_mine":1,"minecraft:dandelion":1,"vampirism:ring":1,"minecraft:sand":6,"minecraft:grass_block":1,"vampirism:altar_infusion":2,"minecraft:spider_eye":10,"biomesoplenty:glowflower":1,"minecraft:sugar":3,"minecraft:bread":1,"tombstone:magic_scroll":1,"minecraft:ender_pearl":2}},"DataVersion":3465}