{"stats":{"minecraft:used":{"born_in_chaos_v1:intoxicating_decoction":1,"mores:tin_pickaxe":69,"minecraft:rotten_flesh":13,"minecraft:iron_chestplate":1,"minecraft:mutton":17,"minecraft:carrot":8,"minecraft:obsidian":4,"minecraft:spruce_boat":1,"born_in_chaos_v1:corpse_maggot":14,"born_in_chaos_v1:smoked_flesh":20,"minecraft:cyan_terracotta":2,"minecraft:lava_bucket":7,"mores:tanzanite_chestplate":1,"epicpaladins:bloodstone_shovel":3,"minecraft:sweet_berries":110,"minecraft:egg":1,"minecraft:potato":47,"minecraft:white_wool":1,"mores:tin_boots":1,"minecraft:glow_berries":16,"minecraft:sand":30,"mores:tanzanite_helmet":1,"minecraft:dark_oak_log":1,"minecraft:bread":5,"born_in_chaos_v1:smoked_monster_flesh":3,"born_in_chaos_v1:rotten_fish":2,"born_in_chaos_v1:river_mint":1,"minecraft:andesite":9,"minecraft:chain":1,"minecraft:bone_meal":3,"born_in_chaos_v1:ethereal_spirit":2,"minecraft:spruce_planks":26,"born_in_chaos_v1:smoked_fish":5,"minecraft:cooked_salmon":3,"born_in_chaos_v1:fried_maggot":3,"minecraft:netherrack":24,"minecraft:torch":6,"minecraft:dirt":26,"mores:emerald_sword":70,"minecraft:dark_oak_planks":19,"moonsweaponry:iron_greatsword":250,"minecraft:beef":3,"minecraft:minecart":1,"tombstone:gift":5,"minecraft:cobbled_deepslate":14,"minecraft:water_bucket":43,"mores:tourmaline_boots":1,"mores:cobalt_helmet":2,"minecraft:oak_slab":2,"minecraft:crafting_table":10,"mores:tanzanite_leggings":1,"tombstone:bag_of_seeds":1,"mores:cobalt_leggings":1,"moonsweaponry:diamond_halberd":4,"minecraft:diamond_pickaxe":7,"minecraft:apple":26,"minecraft:iron_pickaxe":105,"tombstone:magic_scroll":1,"moonsweaponry:iron_rapier":63,"minecraft:fishing_rod":17,"minecraft:cobblestone":58,"minecraft:purple_bed":3,"minecraft:porkchop":5,"epicpaladins:bloodstone_sword":122,"minecraft:bucket":50,"minecraft:gray_wool":1,"mores:emerald_shield":26},"minecraft:dropped":{"minecraft:iron_sword":1,"minecraft:porkchop":3,"minecraft:glow_ink_sac":13,"minecraft:glass_bottle":1,"minecraft:diamond":2,"mores:tin_ingot":9,"minecraft:emerald":7,"mores:tin_helmet":1,"minecraft:dirt":2,"moonsweaponry:iron_greatsword":3,"mores:cobalt_leggings":2,"born_in_chaos_v1:monster_skin":4,"minecraft:mutton":5,"minecraft:amethyst_shard":2,"minecraft:bone_meal":5,"minecraft:sand":5,"minecraft:iron_pickaxe":1,"minecraft:dark_oak_planks":11,"mores:tourmaline_boots":1,"minecraft:white_wool":4,"minecraft:bone":62,"mores:anthracite":8,"minecraft:blackstone":43,"born_in_chaos_v1:fire_dust":2,"minecraft:detector_rail":12,"minecraft:cobbled_deepslate":4,"born_in_chaos_v1:ethereal_spirit":8,"minecraft:rotten_flesh":28,"born_in_chaos_v1:smoked_flesh":17,"mores:tin_pickaxe":1,"minecraft:gunpowder":5,"minecraft:melon_seeds":1,"minecraft:beetroot_seeds":1,"born_in_chaos_v1:corpse_maggot":6,"minecraft:leather_boots":1,"minecraft:arrow":2,"minecraft:bread":12,"minecraft:iron_ingot":10,"born_in_chaos_v1:intoxicating_decoction":2,"mores:sterling_chestplate":1,"born_in_chaos_v1:shattered_skull":1,"minecraft:wheat_seeds":57,"minecraft:shelter_pottery_sherd":1,"mores:topaz_gem":6,"minecraft:feather":2,"minecraft:iron_helmet":1,"minecraft:cobblestone":26,"minecraft:apple":14,"tombstone:scroll_of_mercy":1,"minecraft:coal":4,"minecraft:stick":6,"biomesoplenty:violet":40,"minecraft:lava_bucket":1,"tombstone:magic_scroll":1,"minecraft:torch":6,"mores:tourmaline_gem":21,"tombstone:grave_key":1,"born_in_chaos_v1:fused_bone":4,"minecraft:zombie_head":1,"tombstone:grave_dust":6,"minecraft:string":34,"minecraft:lily_pad":1,"epicpaladins:arclight_gem":1,"minecraft:cocoa_beans":3,"mores:raw_tin":64,"minecraft:raw_iron":12,"minecraft:iron_boots":1,"sophisticatedbackpacks:backpack":1,"born_in_chaos_v1:spiritual_dust":3,"mores:tin_boots":1,"minecraft:torchflower_seeds":2,"tombstone:scroll_of_unstable_intangibility":1,"minecraft:pumpkin_seeds":6,"minecraft:potato":3,"minecraft:shield":1,"moonsweaponry:iron_rapier":2,"mores:cobalt_helmet":2,"mores:emerald_sword":1,"mores:tin_chestplate":2,"minecraft:iron_chestplate":3,"minecraft:andesite":31,"minecraft:barrel":5,"minecraft:bow":1,"mores:tin_leggings":1,"minecraft:black_wool":1},"minecraft:crafted":{"minecraft:iron_boots":1,"mores:tin_ingot":9,"minecraft:crafting_table":9,"minecraft:spruce_planks":48,"mores:tin_helmet":1,"moonsweaponry:iron_greatsword":2,"minecraft:stick":4,"mores:tanzanite_chestplate":1,"born_in_chaos_v1:smoked_flesh":8,"minecraft:iron_ingot":20,"minecraft:bone_meal":3,"born_in_chaos_v1:smoked_monster_flesh":2,"born_in_chaos_v1:fried_maggot":3,"minecraft:dark_oak_planks":32,"mores:tanzanite_helmet":1,"minecraft:cooked_salmon":1,"minecraft:bucket":2,"minecraft:bread":10,"minecraft:air":0,"mores:tanzanite_leggings":1,"mores:tin_boots":1},"minecraft:killed":{"born_in_chaos_v1:zombie_clown":2,"born_in_chaos_v1:restless_spirit":1,"born_in_chaos_v1:zombie_lumberjack":1,"born_in_chaos_v1:seared_spirit":1,"born_in_chaos_v1:door_knight_not_despawn":1,"minecraft:spider":2,"born_in_chaos_v1:siamese_skeletonsright":1,"born_in_chaos_v1:baby_skeleton_minion":2,"born_in_chaos_v1:scarlet_persecutor":3,"minecraft:skeleton":6,"minecraft:chicken":1,"born_in_chaos_v1:skeleton_thrasher":1,"minecraft:piglin":2,"minecraft:pig":5,"born_in_chaos_v1:diamond_termite":1,"minecraft:zombie_villager":2,"minecraft:salmon":3,"minecraft:creeper":1,"minecraft:sheep":9,"minecraft:pillager":1,"minecraft:goat":4,"minecraft:zombie":17,"born_in_chaos_v1:dread_hound":1,"born_in_chaos_v1:corpse_fly":11,"minecraft:glow_squid":1,"born_in_chaos_v1:siamese_skeletonsleft":1,"born_in_chaos_v1:maggot":7,"born_in_chaos_v1:corpse_fish":4,"born_in_chaos_v1:baby_skeleton":5,"born_in_chaos_v1:decrepit_skeleton":6},"minecraft:broken":{"mores:tin_helmet":1,"mores:tin_boots":1,"minecraft:fishing_rod":1,"minecraft:iron_pickaxe":1},"minecraft:custom":{"minecraft:interact_with_crafting_table":28,"minecraft:open_barrel":46,"minecraft:bell_ring":29,"minecraft:leave_game":6,"minecraft:time_since_death":55,"minecraft:sprint_one_cm":876758,"minecraft:damage_blocked_by_shield":740,"minecraft:drop":243,"minecraft:talked_to_villager":2,"minecraft:play_time":247424,"minecraft:deaths":33,"tombstone:tomb_raiding":2,"minecraft:jump":4218,"minecraft:walk_on_water_one_cm":37829,"minecraft:interact_with_furnace":33,"minecraft:sleep_in_bed":4,"tombstone:sneak_grave":2,"minecraft:damage_dealt":20760,"minecraft:player_kills":6,"minecraft:crouch_one_cm":21461,"tombstone:undead_killed":45,"minecraft:interact_with_smoker":19,"minecraft:mob_kills":106,"minecraft:damage_dealt_resisted":3945,"minecraft:climb_one_cm":2226,"minecraft:walk_one_cm":583989,"minecraft:damage_dealt_absorbed":160,"minecraft:raid_win":1,"minecraft:sneak_time":8615,"minecraft:walk_under_water_one_cm":36524,"minecraft:boat_one_cm":754,"minecraft:interact_with_blast_furnace":2,"minecraft:total_world_time":247424,"tombstone:raider_killed":1,"minecraft:time_since_rest":1,"minecraft:damage_taken":13594,"minecraft:swim_one_cm":48671,"minecraft:fly_one_cm":832877,"minecraft:open_chest":52,"minecraft:fall_one_cm":138929},"minecraft:picked_up":{"minecraft:iron_chestplate":1,"minecraft:wheat":9,"biomesoplenty:violet":43,"minecraft:enchanted_book":3,"tombstone:grave_key":1,"minecraft:string":35,"minecraft:cooked_salmon":2,"mores:tourmaline_gem":24,"minecraft:zombie_head":1,"minecraft:gold_nugget":3,"minecraft:cobbled_deepslate":15,"moonsweaponry:iron_greatsword":2,"minecraft:spruce_planks":19,"minecraft:iron_pickaxe":3,"mores:emerald_sword":2,"mores:tin_pickaxe":1,"minecraft:stick":3,"born_in_chaos_v1:shattered_skull":1,"epicpaladins:arclight_gem":1,"minecraft:torch":13,"minecraft:porkchop":8,"tombstone:grave_dust":5,"mores:topaz_gem":5,"mores:tin_boots":1,"mores:raw_tin":27,"mores:cobalt_helmet":2,"minecraft:rotten_flesh":43,"epicpaladins:cryorium_gem":3,"epicpaladins:bloodstone_shovel":1,"minecraft:cyan_terracotta":2,"minecraft:obsidian":4,"minecraft:cobblestone":79,"minecraft:birch_log":1,"minecraft:magma_block":1,"minecraft:feather":2,"born_in_chaos_v1:spiritual_dust":3,"minecraft:andesite":45,"minecraft:potato":9,"mores:tin_leggings":1,"mores:tin_sword":1,"minecraft:dirt":28,"born_in_chaos_v1:monster_skin":4,"minecraft:bone":62,"minecraft:bow":1,"minecraft:wheat_seeds":70,"minecraft:pitcher_pod":1,"mores:tanzanite_gem":23,"minecraft:sand":11,"mores:raw_cobalt":9,"minecraft:dark_oak_log":9,"minecraft:barrel":5,"born_in_chaos_v1:fire_dust":2,"minecraft:diamond":2,"minecraft:spruce_boat":1,"minecraft:bone_meal":5,"minecraft:emerald":3,"born_in_chaos_v1:rotten_fish":6,"mores:raw_silver":2,"minecraft:netherrack":24,"minecraft:fishing_rod":1,"minecraft:cocoa_beans":3,"minecraft:shelter_pottery_sherd":1,"minecraft:crafting_table":1,"born_in_chaos_v1:smoked_monster_flesh":1,"born_in_chaos_v1:river_mint":1,"born_in_chaos_v1:seedof_chaos":2,"mores:tin_helmet":1,"minecraft:chain":1,"minecraft:shield":1,"minecraft:cornflower":1,"born_in_chaos_v1:intoxicating_decoction":3,"born_in_chaos_v1:smoked_fish":5,"minecraft:blackstone":43,"minecraft:blue_orchid":1,"moonsweaponry:iron_rapier":2,"minecraft:detector_rail":11,"minecraft:beef":3,"minecraft:minecart":1,"mores:cobalt_leggings":2,"minecraft:egg":1,"minecraft:raw_iron":24,"minecraft:spruce_fence":1,"sophisticatedbackpacks:backpack":1,"minecraft:carrot":1,"minecraft:dark_oak_planks":19,"minecraft:arrow":9,"minecraft:beetroot_seeds":1,"minecraft:mutton":22,"minecraft:skeleton_skull":1,"minecraft:white_wool":5,"born_in_chaos_v1:fused_bone":4,"born_in_chaos_v1:corpse_maggot":18,"born_in_chaos_v1:monster_flesh":1,"minecraft:glow_ink_sac":26,"mores:emerald_shield":1,"minecraft:salmon":1,"minecraft:lily_pad":1,"minecraft:gunpowder":5,"epicpaladins:bloodstone_sword":1,"tombstone:gift":2,"minecraft:apple":11,"minecraft:iron_ingot":6,"born_in_chaos_v1:smoked_flesh":5,"minecraft:cobweb":9,"tombstone:bag_of_seeds":1,"mores:tourmaline_boots":2,"minecraft:iron_sword":1,"minecraft:book":6,"minecraft:oak_slab":2,"minecraft:sweet_berries":66,"born_in_chaos_v1:ethereal_spirit":12,"minecraft:torchflower_seeds":2,"minecraft:lava_bucket":1,"minecraft:amethyst_shard":2,"mores:moissanite_gem":5,"minecraft:spruce_log":8,"minecraft:crying_obsidian":1,"moonsweaponry:diamond_halberd":1,"mores:tin_ingot":9,"mores:tin_chestplate":2,"minecraft:pumpkin_seeds":5,"minecraft:purple_bed":3,"mores:anthracite":12,"minecraft:gray_wool":1,"minecraft:warped_roots":1,"tombstone:magic_scroll":1,"minecraft:black_wool":1,"minecraft:coal":9},"minecraft:killed_by":{"minecraft:player":6},"minecraft:mined":{"minecraft:dark_oak_planks":1,"minecraft:spruce_planks":1,"epicpaladins:cryorium_ore":3,"minecraft:obsidian":5,"minecraft:grass_block":3,"minecraft:composter":1,"minecraft:spawner":3,"comforts:sleeping_bag_white":3,"minecraft:tall_seagrass":1,"minecraft:magma_block":1,"minecraft:fire":3,"minecraft:cobbled_deepslate":3,"minecraft:iron_ore":3,"minecraft:cyan_terracotta":2,"minecraft:blackstone":44,"minecraft:magenta_wall_banner":1,"minecraft:torch":2,"mores:anthracite_ore":5,"minecraft:cobblestone":1,"minecraft:iron_door":1,"minecraft:wall_torch":6,"minecraft:seagrass":2,"minecraft:wheat":27,"minecraft:pumpkin_stem":2,"minecraft:grass":38,"minecraft:sand":4,"minecraft:dirt":7,"mores:silver_ore":1,"minecraft:smooth_basalt":1,"minecraft:netherrack":23,"minecraft:spruce_leaves":1,"epicpaladins:deepslate_arclight_ore":2,"minecraft:large_fern":4,"minecraft:andesite":21,"minecraft:detector_rail":1,"mores:deepslate_cobalt_ore":1,"minecraft:potatoes":2,"minecraft:stone":22,"mores:cobalt_ore":8,"minecraft:warped_roots":1,"minecraft:tall_grass":15,"mores:tin_ore":10,"minecraft:purple_bed":3,"minecraft:sweet_berry_bush":17,"mores:deepslate_tin_ore":2,"minecraft:zombie_head":1,"minecraft:cobweb":2,"minecraft:fern":4}},"DataVersion":3465}