{"stats":{"minecraft:killed":{"vampirism:vampire":4,"minecraft:pig":1,"vampirism:advanced_vampire":1,"vampirism:converted_creature":1,"minecraft:spider":11,"vampirism:hunter":7,"naturalist:coral_snake":1,"minecraft:skeleton":3,"minecraft:zombie":9,"vampirism:advanced_hunter":1,"minecraft:cow":2},"minecraft:dropped":{"minecraft:bread":35,"biomesoplenty:jacaranda_sapling":4,"minecraft:wheat_seeds":29,"epicpaladins:moonlight_sword":1,"minecraft:coarse_dirt":1,"minecraft:glass_bottle":9,"biomesoplenty:lavender":1,"minecraft:raw_iron":1,"minecraft:cobblestone":7,"minecraft:rotten_flesh":25,"vampirism:blood_bottle":7,"minecraft:leather":14,"minecraft:grass_block":1,"minecraft:stick":12,"minecraft:dirt":8,"vampirism:vampire_blood_bottle":1,"vampirism:vampire_fang":1,"tombstone:grave_key":1,"minecraft:mutton":2,"minecraft:sandstone":1,"tombstone:grave_dust":3,"tombstone:essence_of_undeath":1,"minecraft:spider_eye":5,"minecraft:beef":2,"minecraft:sugar":3,"minecraft:string":7,"minecraft:white_wool":3,"minecraft:bone":4},"minecraft:crafted":{"minecraft:glass_bottle":3,"minecraft:light_gray_stained_glass":8,"minecraft:spruce_planks":12,"minecraft:air":0,"minecraft:glass":9,"vampirism:altar_inspiration":1,"minecraft:light_gray_dye":1,"vampirism:blood_container":1},"minecraft:picked_up":{"biomesoplenty:lavender":1,"minecraft:coarse_dirt":1,"vampirism:vampire_book":1,"minecraft:azure_bluet":1,"vampirism:vampire_blood_bottle":5,"minecraft:leather":14,"biomesoplenty:jacaranda_sapling":4,"minecraft:dirt":24,"minecraft:string":7,"minecraft:bone":4,"minecraft:glass":2,"vampirism:human_heart":4,"minecraft:wheat_seeds":29,"minecraft:beef":8,"dynamictrees:oak_seed":3,"minecraft:glass_bottle":11,"minecraft:birch_sapling":1,"sophisticatedbackpacks:diamond_backpack":1,"minecraft:stick":12,"minecraft:raw_iron":1,"minecraft:sandstone":1,"minecraft:sweet_berries":24,"epicpaladins:moonlight_sword":1,"vampirism:ring":1,"minecraft:porkchop":5,"minecraft:sand":6,"tombstone:grave_dust":1,"vampirism:vampire_fang":2,"minecraft:grass_block":1,"minecraft:carrot":1,"minecraft:spider_eye":6,"vampirism:blood_bottle":3,"minecraft:sugar":3,"minecraft:rotten_flesh":28,"minecraft:bread":1,"tombstone:essence_of_undeath":2,"tombstone:magic_scroll":1,"minecraft:mutton":2,"minecraft:white_wool":3,"minecraft:cobblestone":7,"minecraft:ender_pearl":1},"minecraft:mined":{"minecraft:powder_snow":18,"minecraft:grass_block":1,"vampirism:coffin_gray":1,"minecraft:tall_grass":77,"minecraft:spruce_leaves":18,"minecraft:sandstone":2,"dynamictrees:oak_leaves":6,"minecraft:coarse_dirt":1,"sophisticatedbackpacks:diamond_backpack":1,"vampirism:totem_top":1,"minecraft:iron_ore":1,"minecraft:sweet_berry_bush":7,"minecraft:birch_leaves":5,"minecraft:azure_bluet":1,"minecraft:grass":90,"minecraft:sand":6,"minecraft:dirt":14,"biomesoplenty:barley":7,"minecraft:stone":6,"minecraft:fern":1},"minecraft:killed_by":{"minecraft:player":9},"minecraft:used":{"vampirism:altar_inspiration":1,"minecraft:ender_pearl":1,"vampirism:human_heart":4,"dynamictrees:oak_seed":3,"minecraft:rotten_flesh":3,"mores:tanzanite_shield":6,"minecraft:dirt":14,"minecraft:sand":2,"minecraft:carrot":1,"minecraft:spider_eye":1,"epicpaladins:moonlight_pickaxe":27,"minecraft:light_gray_stained_glass":4,"minecraft:bread":19,"minecraft:birch_sapling":1,"epicpaladins:moonlight_axe":43,"minecraft:beef":2,"minecraft:sweet_berries":10,"minecraft:porkchop":3,"tombstone:gift":7,"epicpaladins:moonlight_sword":297},"minecraft:custom":{"vampirism:altar_of_inspiration_rituals_performed":15,"minecraft:interact_with_furnace":13,"minecraft:mob_kills":49,"minecraft:interact_with_crafting_table":9,"vampirism:action_time_bat":15355,"minecraft:damage_dealt_resisted":1240,"vampirism:action_used_bat":30,"minecraft:leave_game":5,"minecraft:time_since_death":35639,"minecraft:sleep_in_bed":2,"minecraft:climb_one_cm":48,"minecraft:damage_resisted":113,"vampirism:actions_used":40,"vampirism:action_used_regen":1,"minecraft:time_since_rest":34915,"vampirism:resurrected":2,"vampirism:amount_bitten":167,"minecraft:sprint_one_cm":566869,"minecraft:damage_taken":1077612,"minecraft:walk_one_cm":345080,"minecraft:damage_blocked_by_shield":162,"vampirism:action_time_regen":296,"vampirism:interact_with_coffin":2,"minecraft:drop":121,"minecraft:damage_dealt":13222,"vampirism:skills_unlocked":30,"minecraft:swim_one_cm":1729,"minecraft:fly_one_cm":1066805,"minecraft:player_kills":4,"minecraft:open_chest":4,"vampirism:infected_creatures":9,"minecraft:crouch_one_cm":6956,"minecraft:deaths":16,"minecraft:play_time":202279,"tombstone:undead_killed":12,"vampirism:interact_with_altar_inspiration":4,"minecraft:sneak_time":4497,"minecraft:walk_under_water_one_cm":1664,"minecraft:jump":3266,"vampirism:action_used_infect":9,"minecraft:walk_on_water_one_cm":3772,"minecraft:total_world_time":202279,"vampirism:blood_drunk":39000,"minecraft:horse_one_cm":10252,"minecraft:fall_one_cm":97518}},"DataVersion":3465}