{"stats":{"minecraft:dropped":{"minecraft:bread":35,"minecraft:wheat_seeds":29,"epicpaladins:moonlight_sword":1,"minecraft:coarse_dirt":1,"minecraft:glass_bottle":9,"minecraft:raw_iron":1,"minecraft:cobblestone":7,"minecraft:rotten_flesh":24,"vampirism:blood_bottle":7,"minecraft:leather":14,"minecraft:grass_block":1,"minecraft:stick":10,"minecraft:dirt":8,"vampirism:vampire_blood_bottle":1,"vampirism:vampire_fang":1,"tombstone:grave_key":1,"minecraft:mutton":2,"tombstone:grave_dust":3,"minecraft:spider_eye":5,"tombstone:essence_of_undeath":1,"minecraft:sandstone":1,"minecraft:beef":2,"minecraft:string":7,"minecraft:white_wool":3,"minecraft:bone":4},"minecraft:crafted":{"minecraft:glass_bottle":3,"minecraft:light_gray_stained_glass":8,"minecraft:spruce_planks":12,"minecraft:air":0,"minecraft:glass":9,"vampirism:altar_inspiration":1,"minecraft:light_gray_dye":1,"vampirism:blood_container":1},"minecraft:killed":{"vampirism:vampire":4,"minecraft:pig":1,"vampirism:advanced_vampire":1,"minecraft:spider":9,"vampirism:hunter":6,"minecraft:skeleton":3,"minecraft:zombie":9,"vampirism:advanced_hunter":1,"minecraft:cow":2},"minecraft:used":{"vampirism:altar_inspiration":1,"minecraft:ender_pearl":1,"vampirism:human_heart":4,"dynamictrees:oak_seed":3,"minecraft:rotten_flesh":3,"mores:tanzanite_shield":6,"minecraft:dirt":10,"minecraft:sand":2,"minecraft:carrot":1,"minecraft:spider_eye":1,"epicpaladins:moonlight_pickaxe":26,"minecraft:light_gray_stained_glass":4,"minecraft:birch_sapling":1,"minecraft:bread":19,"epicpaladins:moonlight_axe":43,"minecraft:beef":2,"minecraft:sweet_berries":10,"minecraft:porkchop":3,"tombstone:gift":7,"epicpaladins:moonlight_sword":271},"minecraft:custom":{"vampirism:altar_of_inspiration_rituals_performed":14,"minecraft:interact_with_furnace":13,"minecraft:mob_kills":43,"minecraft:interact_with_crafting_table":9,"minecraft:damage_dealt_resisted":1240,"minecraft:leave_game":1,"minecraft:time_since_death":2386,"minecraft:sleep_in_bed":2,"minecraft:climb_one_cm":48,"minecraft:time_since_rest":2231,"vampirism:resurrected":1,"minecraft:sprint_one_cm":433827,"vampirism:amount_bitten":117,"minecraft:damage_taken":1074630,"minecraft:walk_one_cm":259395,"minecraft:damage_blocked_by_shield":162,"vampirism:interact_with_coffin":2,"minecraft:drop":116,"vampirism:skills_unlocked":11,"minecraft:damage_dealt":12541,"minecraft:swim_one_cm":1729,"minecraft:fly_one_cm":536361,"minecraft:player_kills":4,"minecraft:open_chest":3,"vampirism:interact_with_altar_inspiration":4,"minecraft:crouch_one_cm":2015,"minecraft:play_time":139438,"minecraft:deaths":12,"tombstone:undead_killed":12,"minecraft:sneak_time":1296,"minecraft:walk_under_water_one_cm":1664,"minecraft:jump":2481,"minecraft:walk_on_water_one_cm":3772,"minecraft:total_world_time":139438,"vampirism:blood_drunk":27900,"minecraft:fall_one_cm":77332,"minecraft:horse_one_cm":1322},"minecraft:killed_by":{"minecraft:player":9},"minecraft:mined":{"minecraft:powder_snow":14,"minecraft:grass_block":1,"vampirism:coffin_gray":1,"minecraft:tall_grass":73,"minecraft:spruce_leaves":1,"minecraft:sandstone":2,"dynamictrees:oak_leaves":2,"minecraft:coarse_dirt":1,"sophisticatedbackpacks:diamond_backpack":1,"minecraft:iron_ore":1,"minecraft:sweet_berry_bush":7,"minecraft:birch_leaves":2,"minecraft:azure_bluet":1,"minecraft:grass":82,"minecraft:sand":6,"minecraft:dirt":8,"minecraft:stone":6,"minecraft:fern":1},"minecraft:picked_up":{"minecraft:coarse_dirt":1,"vampirism:vampire_book":1,"minecraft:azure_bluet":1,"vampirism:vampire_blood_bottle":5,"minecraft:leather":14,"minecraft:string":7,"minecraft:dirt":18,"minecraft:glass":2,"minecraft:bone":4,"vampirism:human_heart":4,"minecraft:wheat_seeds":29,"minecraft:beef":8,"dynamictrees:oak_seed":3,"minecraft:glass_bottle":11,"minecraft:birch_sapling":1,"sophisticatedbackpacks:diamond_backpack":1,"minecraft:sandstone":1,"minecraft:raw_iron":1,"minecraft:stick":10,"minecraft:sweet_berries":20,"vampirism:ring":1,"epicpaladins:moonlight_sword":1,"minecraft:sand":6,"minecraft:porkchop":3,"tombstone:grave_dust":1,"vampirism:vampire_fang":2,"minecraft:grass_block":1,"minecraft:carrot":1,"minecraft:spider_eye":6,"vampirism:blood_bottle":3,"minecraft:rotten_flesh":27,"tombstone:essence_of_undeath":2,"minecraft:bread":1,"tombstone:magic_scroll":1,"minecraft:cobblestone":7,"minecraft:mutton":2,"minecraft:white_wool":3,"minecraft:ender_pearl":1}},"DataVersion":3465}