{"stats":{"minecraft:killed":{"born_in_chaos_v1:zombie_lumberjack":1},"minecraft:custom":{"minecraft:time_since_rest":8530,"minecraft:crouch_one_cm":471,"minecraft:play_time":20429,"minecraft:sprint_one_cm":50012,"minecraft:deaths":2,"minecraft:damage_taken":685,"minecraft:walk_one_cm":21988,"minecraft:sneak_time":326,"minecraft:walk_under_water_one_cm":226,"minecraft:mob_kills":1,"minecraft:jump":244,"minecraft:damage_dealt":306,"minecraft:leave_game":2,"minecraft:walk_on_water_one_cm":1351,"minecraft:time_since_death":8459,"minecraft:total_world_time":20429,"minecraft:interact_with_crafting_table":1,"minecraft:swim_one_cm":6131,"minecraft:fall_one_cm":3123,"minecraft:fly_one_cm":24625},"minecraft:used":{"minecraft:rotten_flesh":2,"minecraft:dirt":1,"minecraft:crafting_table":1},"minecraft:mined":{"minecraft:oak_log":7,"minecraft:grass_block":2,"minecraft:dirt":1,"minecraft:kelp":1,"minecraft:sugar_cane":3,"minecraft:fern":2},"minecraft:picked_up":{"minecraft:rotten_flesh":2,"minecraft:kelp":1,"minecraft:oak_log":7,"minecraft:sugar_cane":3,"minecraft:dark_oak_log":2,"minecraft:dirt":3},"minecraft:crafted":{"minecraft:oak_planks":16,"minecraft:crafting_table":1}},"DataVersion":3465}