{"stats":{"minecraft:custom":{"minecraft:time_since_rest":261,"minecraft:sprint_one_cm":194274,"minecraft:damage_taken":881,"minecraft:walk_one_cm":87229,"minecraft:mob_kills":7,"minecraft:drop":5,"vampirism:skills_unlocked":1,"minecraft:damage_dealt":2784,"minecraft:interact_with_crafting_table":6,"minecraft:fly_one_cm":70899,"minecraft:open_barrel":3,"minecraft:open_chest":18,"minecraft:crouch_one_cm":1482,"minecraft:play_time":42309,"tombstone:undead_killed":2,"minecraft:sneak_time":1777,"minecraft:jump":510,"minecraft:damage_dealt_resisted":615,"minecraft:leave_game":3,"minecraft:time_since_death":42309,"minecraft:sleep_in_bed":1,"minecraft:total_world_time":42309,"vampirism:interact_with_injection_chair":15,"minecraft:fall_one_cm":7974,"minecraft:interact_with_furnace":1},"minecraft:mined":{"minecraft:cobblestone_wall":2,"minecraft:iron_ore":5,"minecraft:spruce_log":11,"minecraft:dark_oak_log":1,"minecraft:peony":1,"vampirism:tent":1,"minecraft:crafting_table":2,"minecraft:grass":23,"biomesoplenty:bush":2,"minecraft:spruce_fence":2,"minecraft:grass_block":1,"minecraft:oak_log":1,"minecraft:tall_grass":10,"minecraft:terracotta":3,"minecraft:damaged_anvil":1,"minecraft:oak_planks":10},"minecraft:dropped":{"minecraft:feather":2,"minecraft:string":3},"minecraft:killed":{"minecraft:zombie":2,"minecraft:llama":1,"vampirism:advanced_hunter":2,"minecraft:spider":1,"naturalist:canary":1},"minecraft:used":{"minecraft:bread":7,"mores:topaz_sword":16,"minecraft:oak_planks":3,"minecraft:wooden_sword":52,"minecraft:dirt":1,"minecraft:crafting_table":1,"vampirism:stake":4,"minecraft:cooked_beef":8,"mores:topaz_axe":23,"epicpaladins:bloodstone_pickaxe":12},"minecraft:crafted":{"minecraft:wooden_sword":1,"mores:topaz_sword":1,"mores:topaz_axe":1,"minecraft:crafting_table":1,"epicpaladins:bloodstone_pickaxe":1,"minecraft:stick":4,"mores:topaz_leggings":1,"mores:topaz_boots":1,"mores:topaz_helmet":1},"minecraft:picked_up":{"minecraft:cooked_beef":8,"minecraft:feather":4,"minecraft:stick":3,"mores:topaz_chestplate":1,"minecraft:crafting_table":1,"vampirism:injection_garlic":1,"minecraft:raw_iron":4,"vampirism:vampire_book":1,"vampirism:vampire_blood_bottle":1,"vampirism:item_tent":1,"vampirism:stake":1,"vampirism:holy_water_bottle_enhanced":1,"minecraft:oak_log":1,"mores:topaz_gem":36,"minecraft:cobblestone_wall":2,"minecraft:spruce_log":10,"minecraft:dark_oak_log":1,"minecraft:string":3,"minecraft:spider_eye":1,"minecraft:dirt":1,"epicpaladins:bloodstone_gem":3,"minecraft:rotten_flesh":4,"minecraft:wheat_seeds":1,"vampirism:item_garlic":1,"minecraft:bread":8,"minecraft:oak_planks":18,"minecraft:white_wool":1}},"DataVersion":3465}