{"stats":{"minecraft:used":{"minecraft:rotten_flesh":2,"minecraft:dirt":1},"minecraft:custom":{"minecraft:time_since_rest":4813,"minecraft:crouch_one_cm":204,"minecraft:play_time":16712,"minecraft:sprint_one_cm":23246,"minecraft:walk_one_cm":15715,"minecraft:damage_taken":625,"minecraft:deaths":2,"minecraft:sneak_time":132,"minecraft:walk_under_water_one_cm":47,"minecraft:mob_kills":1,"minecraft:jump":168,"minecraft:damage_dealt":259,"minecraft:leave_game":1,"minecraft:time_since_death":4742,"minecraft:walk_on_water_one_cm":1095,"minecraft:total_world_time":16712,"minecraft:swim_one_cm":4487,"minecraft:fly_one_cm":12023,"minecraft:fall_one_cm":2438},"minecraft:mined":{"minecraft:grass_block":1,"minecraft:fern":1},"minecraft:killed":{"born_in_chaos_v1:zombie_lumberjack":1},"minecraft:picked_up":{"minecraft:rotten_flesh":2,"minecraft:dark_oak_log":2,"minecraft:dirt":1}},"DataVersion":3465}