{"stats":{"minecraft:picked_up":{"minecraft:cooked_beef":8,"vampirism:injection_garlic":1,"mores:topaz_chestplate":1,"minecraft:stick":3,"minecraft:crafting_table":1,"vampirism:vampire_book":1,"minecraft:feather":4,"vampirism:stake":1,"vampirism:holy_water_bottle_enhanced":1,"mores:topaz_gem":36,"minecraft:dirt":1,"minecraft:spider_eye":1,"minecraft:string":1,"epicpaladins:bloodstone_gem":3,"minecraft:rotten_flesh":3,"minecraft:wheat_seeds":1,"vampirism:item_garlic":1,"minecraft:bread":7,"minecraft:oak_planks":18},"minecraft:crafted":{"minecraft:wooden_sword":1,"mores:topaz_sword":1,"mores:topaz_axe":1,"minecraft:crafting_table":1,"epicpaladins:bloodstone_pickaxe":1,"minecraft:stick":4,"mores:topaz_leggings":1,"mores:topaz_boots":1,"mores:topaz_helmet":1},"minecraft:used":{"epicpaladins:bloodstone_pickaxe":3,"mores:topaz_sword":6,"minecraft:bread":7,"minecraft:oak_planks":3,"minecraft:wooden_sword":52,"minecraft:dirt":1,"minecraft:crafting_table":1,"minecraft:cooked_beef":3,"mores:topaz_axe":2},"minecraft:dropped":{"minecraft:feather":2},"minecraft:custom":{"minecraft:time_since_rest":26615,"minecraft:sprint_one_cm":108633,"minecraft:damage_taken":414,"minecraft:walk_one_cm":49035,"minecraft:mob_kills":5,"minecraft:drop":2,"vampirism:skills_unlocked":1,"minecraft:damage_dealt":2020,"minecraft:interact_with_crafting_table":6,"minecraft:fly_one_cm":46773,"minecraft:crouch_one_cm":687,"minecraft:play_time":26615,"tombstone:undead_killed":1,"minecraft:sneak_time":1589,"minecraft:jump":366,"minecraft:damage_dealt_resisted":615,"minecraft:leave_game":1,"minecraft:time_since_death":26615,"minecraft:total_world_time":26615,"vampirism:interact_with_injection_chair":15,"minecraft:fall_one_cm":4032},"minecraft:mined":{"minecraft:crafting_table":2,"minecraft:grass":20,"minecraft:grass_block":1,"minecraft:tall_grass":10,"minecraft:terracotta":3,"minecraft:oak_planks":10},"minecraft:killed":{"minecraft:zombie":1,"vampirism:advanced_hunter":2,"minecraft:spider":1,"naturalist:canary":1}},"DataVersion":3465}