{"stats":{"minecraft:picked_up":{"minecraft:coarse_dirt":4,"vampirism:pure_blood_4":1,"vampirism:weapon_table":1,"vampirism:vampire_book":1,"mores:sapphire_helmet":2,"vampirism:vampire_blood_bottle":2,"minecraft:leather":23,"minecraft:enchanted_book":1,"minecraft:oak_log":10,"tombstone:grave_key":1,"vampirism:pure_salt_water":1,"minecraft:gunpowder":4,"minecraft:string":9,"mores:sapphire_leggings":2,"minecraft:dirt":10,"minecraft:bone":2,"vampirism:human_heart":7,"vampirism:obi_belt":2,"minecraft:wheat_seeds":43,"minecraft:beef":48,"dynamictrees:oak_seed":15,"minecraft:glass_bottle":7,"sophisticatedbackpacks:diamond_backpack":2,"minecraft:stick":35,"minecraft:raw_iron":19,"minecraft:sandstone":2,"minecraft:sweet_berries":36,"minecraft:porkchop":3,"minecraft:sand":4,"tombstone:grave_dust":3,"vampirism:vampire_fang":64,"minecraft:spider_eye":3,"vampirism:coffin_gray":2,"vampirism:blood_bottle":7,"minecraft:arrow":1,"minecraft:rotten_flesh":18,"mores:sapphire_boots":2,"minecraft:bread":3,"tombstone:essence_of_undeath":2,"mores:sapphire_chestplate":2,"minecraft:mutton":3,"minecraft:coal":48,"minecraft:white_wool":3,"minecraft:cobblestone":13},"minecraft:crafted":{"minecraft:glass_bottle":6,"minecraft:air":0,"minecraft:glass":9},"minecraft:used":{"vampirism:weapon_table":1,"vampirism:altar_inspiration":3,"vampirism:coffin_gray":3,"minecraft:diamond_boots":2,"vampirism:altar_infusion":7,"minecraft:chest":1,"vampirism:human_heart":3,"vampirism:blood_container":1,"mores:tanzanite_shield":2,"minecraft:golden_apple":1,"minecraft:dirt":4,"minecraft:crafting_table":1,"minecraft:diamond_helmet":2,"epicpaladins:moonlight_pickaxe":82,"minecraft:milk_bucket":1,"sophisticatedbackpacks:diamond_backpack":8,"vampirism:hunter_axe_ultimate":1,"vampirism:blood_pedestal":3,"minecraft:bread":21,"minecraft:grass_block":2,"vampirism:altar_pillar":15,"epicpaladins:moonlight_axe":54,"minecraft:diamond_chestplate":2,"minecraft:cobblestone":1,"vampirism:altar_cleansing":1,"epicpaladins:moonlight_hoe":5,"tombstone:gift":8,"vampirism:heart_striker_ultimate":1,"epicpaladins:moonlight_sword":225,"minecraft:coarse_dirt":2,"minecraft:diamond_leggings":2},"minecraft:dropped":{"mores:sapphire_chestplate":1,"mores:sapphire_boots":1,"minecraft:wheat_seeds":37,"dynamictrees:oak_seed":13,"minecraft:oak_log":10,"vampirism:human_heart":4,"minecraft:glass_bottle":10,"vampirism:vampire_book":1,"vampirism:obi_belt":1,"minecraft:cobblestone":4,"minecraft:rotten_flesh":18,"vampirism:blood_bottle":2,"minecraft:leather":1,"sophisticatedbackpacks:diamond_backpack":1,"minecraft:stick":16,"minecraft:dirt":5,"mores:sapphire_leggings":1,"vampirism:vampire_blood_bottle":1,"vampirism:vampire_fang":64,"tombstone:essence_of_undeath":1,"minecraft:spider_eye":3,"minecraft:beef":21,"minecraft:glass":2,"minecraft:string":9,"mores:sapphire_helmet":1},"minecraft:custom":{"vampirism:altar_of_inspiration_rituals_performed":131,"minecraft:interact_with_furnace":9,"minecraft:mob_kills":66,"minecraft:interact_with_crafting_table":5,"vampirism:action_time_bat":434,"minecraft:damage_dealt_resisted":1382,"vampirism:action_used_bat":1,"minecraft:leave_game":2,"minecraft:time_since_death":37102,"minecraft:sleep_in_bed":1,"minecraft:climb_one_cm":258,"vampirism:actions_used":1,"minecraft:time_since_rest":36494,"minecraft:sprint_one_cm":375223,"vampirism:amount_bitten":192,"minecraft:damage_absorbed":41,"minecraft:damage_taken":2167,"minecraft:walk_one_cm":268307,"minecraft:damage_blocked_by_shield":90,"vampirism:interact_with_coffin":1,"minecraft:drop":55,"minecraft:damage_dealt":19018,"vampirism:skills_unlocked":5,"minecraft:swim_one_cm":10716,"minecraft:fly_one_cm":941136,"minecraft:player_kills":11,"minecraft:open_chest":10,"minecraft:deaths":1,"minecraft:crouch_one_cm":9456,"tombstone:undead_killed":11,"minecraft:play_time":158782,"vampirism:interact_with_altar_inspiration":141,"minecraft:sneak_time":3618,"minecraft:walk_under_water_one_cm":1979,"minecraft:jump":3561,"minecraft:walk_on_water_one_cm":2288,"minecraft:total_world_time":158782,"vampirism:blood_drunk":51000,"minecraft:fall_one_cm":121767,"vampirism:items_filled_on_blood_pedestal":1},"minecraft:mined":{"minecraft:powder_snow":44,"minecraft:grass_block":1,"vampirism:coffin_gray":1,"vampirism:weapon_table":1,"minecraft:tall_grass":37,"minecraft:spruce_leaves":1,"dynamictrees:oak_leaves":1,"minecraft:coarse_dirt":2,"sophisticatedbackpacks:diamond_backpack":1,"minecraft:iron_ore":19,"minecraft:sweet_berry_bush":15,"minecraft:grass":35,"minecraft:coal_ore":48,"minecraft:sand":5,"minecraft:dirt":3,"minecraft:stone":14,"minecraft:fern":1},"minecraft:killed":{"vampirism:vampire_baron":1,"vampirism:vampire":4,"vampirism:advanced_vampire":2,"naturalist:butterfly":1,"minecraft:spider":6,"minecraft:creeper":2,"vampirism:hunter":21,"minecraft:skeleton":2,"minecraft:zombie":9,"vampirism:advanced_hunter":3,"minecraft:enderman":1,"minecraft:cow":4}},"DataVersion":3465}