{"stats":{"minecraft:killed":{"minecraft:cow":1},"minecraft:custom":{"minecraft:time_since_rest":787,"minecraft:deaths":1,"minecraft:crouch_one_cm":23,"minecraft:damage_taken":200,"minecraft:play_time":13076,"minecraft:sprint_one_cm":20293,"minecraft:walk_one_cm":8979,"minecraft:sneak_time":802,"minecraft:walk_under_water_one_cm":10608,"minecraft:mob_kills":1,"minecraft:jump":244,"minecraft:damage_dealt":100,"minecraft:leave_game":1,"minecraft:walk_on_water_one_cm":533,"minecraft:time_since_death":643,"minecraft:total_world_time":13076,"minecraft:fall_one_cm":8248,"minecraft:fly_one_cm":396229},"minecraft:used":{"minecraft:netherite_axe":11,"biomesoplenty:maple_sapling":3},"minecraft:mined":{"minecraft:oak_log":7,"biomesoplenty:maple_leaves":1},"minecraft:picked_up":{"minecraft:stick":16,"biomesoplenty:maple_sapling":3,"minecraft:leather":2,"dynamictrees:spruce_seed":4,"minecraft:beef":1,"minecraft:oak_log":7,"minecraft:spruce_log":28}},"DataVersion":3465}