{"stats":{"minecraft:dropped":{"born_in_chaos_v1:shattered_skull":1,"minecraft:wheat_seeds":2,"minecraft:tnt":1,"born_in_chaos_v1:ethereal_spirit":1,"minecraft:rotten_flesh":10,"minecraft:prismarine_crystals":12,"minecraft:wooden_sword":1,"minecraft:bone":1},"minecraft:killed":{"born_in_chaos_v1:fallen_chaos_knight":1,"minecraft:pig":1,"born_in_chaos_v1:zombie_lumberjack":1,"minecraft:cod":8,"born_in_chaos_v1:scarlet_persecutor":2,"born_in_chaos_v1:maggot":4,"minecraft:pillager":3,"minecraft:zombie":2,"born_in_chaos_v1:dread_hound":1,"born_in_chaos_v1:corpse_fly":2,"born_in_chaos_v1:skeleton_thrasher":1,"minecraft:cow":1},"minecraft:custom":{"minecraft:interact_with_furnace":64,"minecraft:mob_kills":27,"minecraft:interact_with_crafting_table":34,"minecraft:damage_dealt_resisted":1865,"minecraft:leave_game":1,"minecraft:time_since_death":47309,"minecraft:climb_one_cm":36,"minecraft:time_since_rest":47338,"minecraft:sprint_one_cm":99823,"minecraft:damage_taken":1584,"minecraft:walk_one_cm":102543,"minecraft:damage_blocked_by_shield":200,"minecraft:drop":12,"minecraft:damage_dealt":4284,"minecraft:swim_one_cm":27560,"minecraft:fly_one_cm":581165,"minecraft:open_chest":2,"minecraft:crouch_one_cm":21097,"minecraft:play_time":78248,"minecraft:deaths":3,"minecraft:sneak_time":6378,"minecraft:walk_under_water_one_cm":13551,"minecraft:boat_one_cm":189178,"minecraft:jump":1551,"minecraft:walk_on_water_one_cm":5528,"minecraft:total_world_time":78248,"minecraft:fall_one_cm":43727},"minecraft:used":{"minecraft:acacia_boat":1,"dynamictrees:spruce_seed":1,"born_in_chaos_v1:ethereal_spirit":10,"minecraft:stone_pickaxe":27,"minecraft:wooden_pickaxe":6,"minecraft:shield":7,"minecraft:iron_sword":134,"born_in_chaos_v1:fried_maggot":6,"minecraft:rotten_flesh":1,"minecraft:iron_chestplate":1,"minecraft:mossy_cobblestone":1,"minecraft:crafting_table":9,"minecraft:cod":2,"biomesoplenty:maple_sapling":4,"born_in_chaos_v1:corpse_maggot":1,"minecraft:wooden_axe":3,"minecraft:jungle_log":2,"born_in_chaos_v1:monster_flesh":2,"minecraft:iron_axe":5,"minecraft:netherite_axe":11,"minecraft:iron_pickaxe":73,"minecraft:iron_helmet":1,"minecraft:iron_boots":1,"minecraft:stone_axe":5,"minecraft:furnace":6,"minecraft:cooked_cod":11,"minecraft:iron_leggings":1},"minecraft:mined":{"minecraft:mossy_cobblestone":1,"minecraft:crafting_table":9,"minecraft:jungle_log":2,"minecraft:tall_grass":5,"minecraft:cobblestone":19,"minecraft:furnace":5,"minecraft:cobbled_deepslate":8,"minecraft:iron_ore":26,"minecraft:ice":1,"biomesoplenty:maple_leaves":1,"minecraft:grass":3,"minecraft:oak_log":13,"minecraft:coal_ore":31,"minecraft:deepslate_iron_ore":2,"biomesoplenty:barley":6,"minecraft:stone":11,"minecraft:fern":1},"minecraft:picked_up":{"born_in_chaos_v1:corpse_maggot":8,"minecraft:crafting_table":9,"born_in_chaos_v1:monster_flesh":2,"born_in_chaos_v1:seedof_chaos":1,"minecraft:jungle_log":4,"minecraft:leather":2,"dynamictrees:spruce_seed":6,"minecraft:oak_log":15,"minecraft:acacia_boat":1,"minecraft:wooden_sword":1,"born_in_chaos_v1:monster_skin":1,"minecraft:bone":3,"minecraft:wheat_seeds":2,"minecraft:cobbled_deepslate":8,"minecraft:beef":1,"minecraft:iron_ingot":1,"minecraft:oak_planks":1,"minecraft:furnace":5,"minecraft:stick":34,"minecraft:raw_iron":29,"born_in_chaos_v1:shattered_skull":2,"minecraft:porkchop":1,"born_in_chaos_v1:ethereal_spirit":4,"minecraft:sand":20,"born_in_chaos_v1:pieceofdarkmetal":8,"minecraft:spruce_log":45,"minecraft:dark_oak_log":3,"minecraft:mossy_cobblestone":1,"biomesoplenty:maple_sapling":4,"minecraft:arrow":2,"minecraft:rotten_flesh":11,"minecraft:bone_meal":1,"minecraft:coal":100,"minecraft:cod":13,"minecraft:cobblestone":30},"minecraft:crafted":{"minecraft:wooden_sword":1,"minecraft:cooked_cod":9,"minecraft:oak_planks":16,"minecraft:crafting_table":2,"minecraft:spruce_planks":24,"minecraft:wooden_pickaxe":2,"minecraft:iron_helmet":1,"minecraft:iron_sword":1,"minecraft:furnace":2,"minecraft:stone_axe":2,"minecraft:air":0,"minecraft:iron_boots":1,"minecraft:iron_chestplate":1,"minecraft:shield":1,"minecraft:iron_axe":1,"born_in_chaos_v1:fried_maggot":6,"minecraft:stick":8,"minecraft:iron_ingot":27,"minecraft:stone_pickaxe":2,"minecraft:iron_pickaxe":1,"minecraft:wooden_axe":1,"minecraft:stone_sword":1,"minecraft:iron_leggings":1}},"DataVersion":3465}