{"stats":{"minecraft:dropped":{"minecraft:wheat_seeds":2,"born_in_chaos_v1:ethereal_spirit":1,"minecraft:wooden_sword":1,"minecraft:bone":1},"minecraft:killed":{"born_in_chaos_v1:maggot":2,"born_in_chaos_v1:dread_hound":1,"born_in_chaos_v1:corpse_fly":2,"minecraft:cow":1},"minecraft:custom":{"minecraft:interact_with_furnace":31,"minecraft:mob_kills":6,"minecraft:interact_with_crafting_table":21,"minecraft:leave_game":1,"minecraft:time_since_death":23309,"minecraft:climb_one_cm":36,"minecraft:time_since_rest":23338,"minecraft:sprint_one_cm":75108,"minecraft:damage_taken":1217,"minecraft:walk_one_cm":87252,"minecraft:damage_blocked_by_shield":200,"minecraft:drop":5,"minecraft:damage_dealt":1588,"minecraft:fly_one_cm":505510,"minecraft:crouch_one_cm":15317,"minecraft:play_time":54248,"minecraft:deaths":3,"minecraft:sneak_time":4893,"minecraft:walk_under_water_one_cm":12121,"minecraft:jump":1136,"minecraft:walk_on_water_one_cm":1995,"minecraft:total_world_time":54248,"minecraft:fall_one_cm":31395},"minecraft:used":{"dynamictrees:spruce_seed":1,"born_in_chaos_v1:ethereal_spirit":10,"minecraft:stone_pickaxe":27,"minecraft:wooden_pickaxe":6,"minecraft:shield":7,"minecraft:iron_sword":26,"born_in_chaos_v1:fried_maggot":3,"minecraft:rotten_flesh":1,"minecraft:mossy_cobblestone":1,"minecraft:crafting_table":8,"minecraft:cod":2,"biomesoplenty:maple_sapling":4,"born_in_chaos_v1:corpse_maggot":1,"minecraft:wooden_axe":3,"born_in_chaos_v1:monster_flesh":2,"minecraft:iron_axe":1,"minecraft:netherite_axe":11,"minecraft:iron_pickaxe":61,"minecraft:stone_axe":5,"minecraft:furnace":5,"minecraft:cooked_cod":1},"minecraft:mined":{"minecraft:mossy_cobblestone":1,"minecraft:crafting_table":7,"minecraft:cobblestone":19,"minecraft:furnace":3,"minecraft:iron_ore":26,"minecraft:ice":1,"biomesoplenty:maple_leaves":1,"minecraft:oak_log":13,"minecraft:coal_ore":31,"minecraft:stone":11,"minecraft:fern":1},"minecraft:picked_up":{"born_in_chaos_v1:corpse_maggot":6,"minecraft:crafting_table":7,"born_in_chaos_v1:monster_flesh":2,"minecraft:leather":2,"dynamictrees:spruce_seed":6,"minecraft:oak_log":13,"minecraft:wooden_sword":1,"born_in_chaos_v1:monster_skin":1,"minecraft:wheat_seeds":2,"minecraft:beef":1,"minecraft:iron_ingot":1,"minecraft:oak_planks":1,"minecraft:furnace":3,"minecraft:stick":34,"minecraft:raw_iron":26,"born_in_chaos_v1:ethereal_spirit":2,"born_in_chaos_v1:pieceofdarkmetal":1,"minecraft:spruce_log":45,"minecraft:mossy_cobblestone":1,"biomesoplenty:maple_sapling":4,"minecraft:arrow":2,"minecraft:rotten_flesh":2,"minecraft:coal":79,"minecraft:cod":3,"minecraft:cobblestone":30},"minecraft:crafted":{"minecraft:wooden_sword":1,"minecraft:cooked_cod":1,"minecraft:oak_planks":16,"minecraft:crafting_table":2,"minecraft:spruce_planks":24,"minecraft:wooden_pickaxe":2,"minecraft:iron_sword":1,"minecraft:furnace":2,"minecraft:stone_axe":2,"minecraft:air":0,"minecraft:shield":1,"minecraft:iron_axe":1,"born_in_chaos_v1:fried_maggot":4,"minecraft:stick":8,"minecraft:iron_ingot":10,"minecraft:stone_pickaxe":2,"minecraft:iron_pickaxe":1,"minecraft:wooden_axe":1,"minecraft:stone_sword":1}},"DataVersion":3465}