{"stats":{"minecraft:used":{"epicpaladins:bloodstone_pickaxe":274,"minecraft:beetroot":3,"minecraft:spruce_slab":2,"minecraft:oak_sign":1,"mores:tin_pickaxe":78,"minecraft:shield":37,"minecraft:rotten_flesh":1,"minecraft:iron_chestplate":1,"minecraft:jungle_planks":2,"minecraft:carrot":7,"minecraft:tuff":2,"born_in_chaos_v1:corpse_maggot":1,"born_in_chaos_v1:smoked_flesh":29,"minecraft:iron_helmet":1,"minecraft:sweet_berries":21,"minecraft:furnace":2,"mores:tourmaline_shield":24,"minecraft:beetroot_seeds":11,"minecraft:egg":3,"minecraft:potato":10,"minecraft:blackstone":64,"mores:tin_hoe":48,"epicpaladins:cryorium_axe":138,"minecraft:cookie":9,"minecraft:golden_apple":3,"minecraft:glow_berries":2,"minecraft:blast_furnace":3,"born_in_chaos_v1:monster_flesh":2,"minecraft:bread":36,"minecraft:brown_wool":1,"born_in_chaos_v1:smoked_monster_flesh":7,"minecraft:chain":2,"minecraft:bone_meal":45,"minecraft:experience_bottle":1,"mores:tourmaline_battleaxe":271,"minecraft:white_tulip":1,"minecraft:spruce_planks":53,"mores:tourmaline_leggings":1,"minecraft:cooked_salmon":23,"born_in_chaos_v1:fried_maggot":7,"minecraft:cooked_chicken":5,"minecraft:netherrack":2,"minecraft:torch":167,"minecraft:dirt":8,"mores:tourmaline_chestplate":1,"moonsweaponry:diamond_warglaive":1,"minecraft:dark_oak_planks":4,"minecraft:iron_axe":62,"minecraft:iron_boots":1,"minecraft:bamboo":2,"tombstone:gift":6,"minecraft:cooked_beef":5,"minecraft:observer":1,"minecraft:cobbled_deepslate":117,"sophisticatedbackpacks:gold_backpack":1,"minecraft:wheat_seeds":120,"minecraft:cooked_mutton":1,"moonsweaponry:iron_halberd":218,"minecraft:baked_potato":7,"minecraft:oak_slab":1,"minecraft:crafting_table":33,"minecraft:smoker":14,"tombstone:bag_of_seeds":1,"minecraft:oak_log":18,"epicpaladins:arclight_pickaxe":1562,"minecraft:diamond_pickaxe":2,"minecraft:apple":10,"minecraft:chicken":1,"minecraft:iron_pickaxe":241,"mores:chocolate":4,"minecraft:stone_axe":6,"minecraft:cobblestone":23,"minecraft:cooked_porkchop":2,"minecraft:white_banner":1,"minecraft:porkchop":1,"minecraft:yellow_bed":1},"minecraft:dropped":{"minecraft:crafting_table":1,"minecraft:chest_minecart":2,"minecraft:jungle_planks":6,"born_in_chaos_v1:nightmare_claw":1,"minecraft:rail":18,"minecraft:red_carpet":3,"minecraft:flint":4,"minecraft:cobblestone_stairs":2,"minecraft:gold_block":4,"minecraft:dirt":5,"minecraft:dark_oak_log":5,"mores:topaz_chestplate":1,"minecraft:yellow_dye":3,"minecraft:cornflower":2,"minecraft:mutton":9,"minecraft:gold_nugget":5,"minecraft:iron_pickaxe":1,"minecraft:gold_ingot":52,"minecraft:bone":3,"minecraft:gravel":1,"minecraft:stone_axe":1,"minecraft:blackstone":18,"minecraft:cobbled_deepslate":49,"minecraft:wheat":2,"minecraft:rotten_flesh":62,"biomesoplenty:glowing_moss_block":1,"minecraft:beetroot_seeds":8,"born_in_chaos_v1:corpse_maggot":16,"minecraft:spruce_slab":2,"minecraft:arrow":1,"mores:tin_hoe":1,"minecraft:powered_rail":8,"minecraft:netherrack":39,"minecraft:iron_ingot":20,"minecraft:wheat_seeds":85,"biomesoplenty:maple_sapling":2,"minecraft:feather":7,"minecraft:iron_helmet":2,"minecraft:cobblestone":72,"minecraft:amethyst_block":2,"minecraft:coal":7,"minecraft:stick":11,"minecraft:torch":1,"mores:tourmaline_gem":4,"minecraft:wooden_axe":1,"minecraft:potion":1,"minecraft:iron_leggings":1,"minecraft:iron_axe":1,"minecraft:chainmail_leggings":1,"minecraft:paper":12,"minecraft:spruce_sapling":6,"epicpaladins:arclight_gem":8,"minecraft:smooth_basalt":1,"minecraft:redstone":20,"minecraft:furnace":1,"minecraft:sweet_berries":1,"minecraft:cocoa_beans":3,"minecraft:tuff":6,"epicpaladins:bloodstone_gem":9,"minecraft:chicken":4,"minecraft:iron_boots":1,"minecraft:shield":1,"mores:cobalt_helmet":1,"mores:tin_chestplate":1,"moonsweaponry:diamond_warglaive":1,"minecraft:bundle":1,"minecraft:spruce_trapdoor":1,"minecraft:spruce_planks":5,"minecraft:iron_chestplate":3,"minecraft:andesite":18,"minecraft:spider_eye":7,"mores:topaz_sword":1,"minecraft:bow":1,"minecraft:magma_block":2},"minecraft:crafted":{"minecraft:oak_planks":36,"minecraft:cooked_chicken":5,"epicpaladins:arclight_pickaxe":1,"minecraft:cooked_mutton":1,"minecraft:chest":1,"born_in_chaos_v1:pileof_dark_metal":1,"minecraft:smoker":3,"sophisticatedbackpacks:backpack":2,"mores:tourmaline_chestplate":1,"minecraft:cooked_porkchop":2,"mores:tourmaline_boots":1,"minecraft:crafting_table":7,"minecraft:spruce_planks":16,"minecraft:baked_potato":7,"mores:tin_hoe":1,"minecraft:gold_block":2,"minecraft:shield":1,"sophisticatedbackpacks:diamond_backpack":6,"minecraft:stick":52,"minecraft:light_blue_dye":2,"born_in_chaos_v1:smoked_flesh":14,"minecraft:iron_ingot":26,"minecraft:iron_pickaxe":1,"minecraft:gold_ingot":63,"minecraft:light_gray_dye":1,"mores:tourmaline_battleaxe":1,"mores:tourmaline_helmet":1,"mores:tin_pickaxe":1,"minecraft:furnace":3,"minecraft:bone_meal":51,"mores:topaz_chestplate":1,"born_in_chaos_v1:smoked_monster_flesh":7,"born_in_chaos_v1:bone_handle":1,"minecraft:iron_axe":1,"born_in_chaos_v1:fried_maggot":7,"mores:tourmaline_leggings":1,"minecraft:dark_oak_planks":16,"minecraft:wheat":9,"sophisticatedbackpacks:iron_backpack":2,"minecraft:cooked_beef":5,"mores:tourmaline_shield":1,"minecraft:cooked_salmon":23,"sophisticatedbackpacks:gold_backpack":2,"epicpaladins:cryorium_axe":1,"minecraft:stone_axe":1,"minecraft:bread":30,"minecraft:air":0,"minecraft:jungle_planks":4,"minecraft:blue_dye":1,"minecraft:white_dye":3,"epicpaladins:bloodstone_pickaxe":1,"minecraft:torch":164,"minecraft:diamond_chestplate":1},"minecraft:killed":{"born_in_chaos_v1:zombie_lumberjack":2,"born_in_chaos_v1:restless_spirit":4,"born_in_chaos_v1:skeleton_demoman":1,"minecraft:spider":6,"born_in_chaos_v1:siamese_skeletonsright":2,"born_in_chaos_v1:baby_skeleton_minion":1,"born_in_chaos_v1:scarlet_persecutor":1,"minecraft:skeleton":14,"minecraft:chicken":4,"born_in_chaos_v1:skeleton_thrasher":1,"born_in_chaos_v1:firelight_not_despawn":1,"born_in_chaos_v1:bonescaller":1,"minecraft:pig":9,"minecraft:zombie_villager":1,"born_in_chaos_v1:diamond_termite":9,"minecraft:salmon":23,"minecraft:creeper":1,"minecraft:sheep":1,"minecraft:pillager":3,"minecraft:zombie":20,"born_in_chaos_v1:dread_hound":6,"born_in_chaos_v1:corpse_fly":10,"born_in_chaos_v1:door_knight":1,"minecraft:cow":3,"born_in_chaos_v1:siamese_skeletonsleft":2,"minecraft:vindicator":2,"born_in_chaos_v1:skeleton_thrasher_not_despawn":1,"born_in_chaos_v1:zombie_bruiser":3,"born_in_chaos_v1:maggot":7,"born_in_chaos_v1:spiritof_chaos":2,"born_in_chaos_v1:bone_imp_minion":2,"born_in_chaos_v1:baby_skeleton":6,"born_in_chaos_v1:swarmer":1,"born_in_chaos_v1:decrepit_skeleton":14,"born_in_chaos_v1:dark_vortex":1,"born_in_chaos_v1:controlled_baby_skeleton":1,"born_in_chaos_v1:decaying_zombie_not_despawn":1},"minecraft:broken":{"epicpaladins:arclight_pickaxe":1},"minecraft:custom":{"minecraft:interact_with_crafting_table":79,"minecraft:open_barrel":22,"goblintraders:trade_with_goblin":9,"minecraft:bell_ring":1,"minecraft:eat_cake_slice":2,"minecraft:leave_game":5,"minecraft:time_since_death":202921,"minecraft:sprint_one_cm":1192023,"minecraft:damage_blocked_by_shield":1970,"minecraft:drop":181,"minecraft:talked_to_villager":1,"minecraft:play_time":357402,"minecraft:deaths":4,"minecraft:jump":6882,"minecraft:interact_with_brewingstand":3,"minecraft:walk_on_water_one_cm":19726,"minecraft:interact_with_furnace":17,"minecraft:interact_with_cartography_table":1,"minecraft:sleep_in_bed":11,"minecraft:damage_dealt":30022,"minecraft:crouch_one_cm":140608,"tombstone:undead_killed":75,"minecraft:interact_with_smoker":60,"minecraft:mob_kills":169,"minecraft:damage_dealt_resisted":2650,"minecraft:climb_one_cm":5910,"minecraft:walk_one_cm":732239,"minecraft:damage_dealt_absorbed":12,"minecraft:raid_win":1,"minecraft:sneak_time":35309,"minecraft:walk_under_water_one_cm":22475,"minecraft:interact_with_blast_furnace":44,"minecraft:total_world_time":357402,"tombstone:raider_killed":7,"minecraft:time_since_rest":17708,"minecraft:damage_taken":7117,"minecraft:damage_absorbed":120,"minecraft:trigger_trapped_chest":4,"minecraft:swim_one_cm":24116,"minecraft:fly_one_cm":1718769,"minecraft:open_chest":54,"minecraft:fall_one_cm":205935},"minecraft:picked_up":{"minecraft:wooden_axe":1,"minecraft:iron_chestplate":2,"minecraft:wheat":82,"minecraft:anvil":1,"minecraft:potion":1,"minecraft:enchanted_book":1,"minecraft:amethyst_block":2,"minecraft:string":13,"create:limestone":243,"minecraft:raw_copper":166,"mores:tourmaline_gem":51,"minecraft:iron_leggings":1,"epicpaladins:bloodstone_gem":46,"minecraft:experience_bottle":1,"minecraft:oak_sign":1,"minecraft:beetroot":3,"minecraft:gold_nugget":5,"minecraft:cobbled_deepslate":197,"minecraft:spruce_planks":78,"minecraft:white_tulip":1,"minecraft:calcite":134,"minecraft:enchanted_golden_apple":1,"minecraft:coal_block":24,"mores:topaz_sword":2,"minecraft:iron_boots":1,"minecraft:furnace":4,"minecraft:stick":32,"born_in_chaos_v1:shattered_skull":3,"epicpaladins:arclight_gem":97,"minecraft:torch":19,"minecraft:porkchop":18,"mores:topaz_gem":19,"tombstone:grave_dust":29,"mores:raw_tin":73,"mores:cobalt_helmet":1,"epicpaladins:cryorium_gem":71,"artifacts:lucky_scarf":1,"minecraft:rotten_flesh":76,"minecraft:obsidian":10,"minecraft:cobblestone":129,"minecraft:magma_block":2,"minecraft:feather":7,"born_in_chaos_v1:spiritual_dust":2,"minecraft:andesite":507,"minecraft:jungle_log":1,"minecraft:brown_wool":1,"minecraft:potato":2,"minecraft:smoker":12,"minecraft:flint":4,"minecraft:tuff":8,"create:raw_zinc":69,"minecraft:lapis_lazuli":92,"minecraft:dirt":13,"minecraft:lantern":5,"born_in_chaos_v1:monster_skin":3,"minecraft:bone":46,"createoreexcavation:drill":1,"minecraft:bow":1,"minecraft:wheat_seeds":254,"minecraft:raw_gold":76,"minecraft:powered_rail":12,"moonsweaponry:diamond_warglaive":1,"minecraft:jungle_planks":4,"mores:raw_cobalt":17,"minecraft:dark_oak_log":9,"minecraft:bundle":3,"minecraft:diamond":54,"minecraft:golden_apple":1,"biomesoplenty:pink_daffodil":3,"minecraft:emerald":1,"minecraft:bread":3,"minecraft:netherrack":41,"mores:raw_silver":10,"sophisticatedbackpacks:gold_backpack":1,"born_in_chaos_v1:diamond_termite_shard":5,"minecraft:crafting_table":29,"minecraft:chicken":6,"born_in_chaos_v1:river_mint":8,"minecraft:chest_minecart":3,"born_in_chaos_v1:seedof_chaos":4,"minecraft:gold_block":2,"minecraft:chain":4,"minecraft:cornflower":3,"born_in_chaos_v1:intoxicating_decoction":2,"minecraft:blackstone":119,"tombstone:scroll_of_unstable_intangibility":1,"minecraft:beef":9,"minecraft:observer":3,"minecraft:spruce_slab":4,"mores:emerald_boots":1,"minecraft:spruce_trapdoor":1,"minecraft:egg":3,"minecraft:raw_iron":131,"sophisticatedbackpacks:backpack":2,"born_in_chaos_v1:pieceofdarkmetal":10,"minecraft:carrot":2,"minecraft:redstone":99,"minecraft:arrow":5,"minecraft:beetroot_seeds":16,"minecraft:hay_block":3,"minecraft:gold_ingot":18,"minecraft:oxeye_daisy":1,"minecraft:glow_berries":2,"minecraft:mutton":10,"minecraft:rail":18,"minecraft:white_wool":1,"born_in_chaos_v1:fused_bone":2,"born_in_chaos_v1:corpse_maggot":22,"born_in_chaos_v1:monster_flesh":9,"minecraft:glow_ink_sac":8,"minecraft:salmon":23,"minecraft:leather":10,"minecraft:yellow_dye":6,"minecraft:oak_log":33,"minecraft:yellow_bed":1,"minecraft:gunpowder":2,"minecraft:cobblestone_stairs":2,"minecraft:paper":12,"tombstone:gift":1,"minecraft:white_banner":1,"minecraft:red_carpet":3,"minecraft:apple":10,"born_in_chaos_v1:smoked_flesh":11,"minecraft:iron_ingot":22,"tombstone:bag_of_seeds":1,"minecraft:glass_bottle":4,"minecraft:book":214,"minecraft:oak_slab":1,"minecraft:smooth_basalt":1,"minecraft:sweet_berries":20,"born_in_chaos_v1:ethereal_spirit":5,"minecraft:raw_iron_block":1,"minecraft:gravel":1,"minecraft:blast_furnace":4,"minecraft:spruce_sapling":6,"mores:moissanite_gem":7,"minecraft:spruce_log":8,"biomesoplenty:glowing_moss_block":1,"minecraft:spider_eye":8,"mores:tin_ingot":5,"mores:tin_chestplate":1,"biomesoplenty:maple_sapling":3,"mores:sapphire_gem":3,"mores:anthracite":26,"minecraft:chainmail_leggings":1,"minecraft:iron_helmet":1,"tombstone:magic_scroll":2,"moonsweaponry:iron_halberd":1,"minecraft:coal":300,"minecraft:hopper":2},"minecraft:mined":{"create:deepslate_zinc_ore":11,"minecraft:spruce_planks":17,"minecraft:cobblestone_stairs":1,"sophisticatedbackpacks:gold_backpack":1,"minecraft:obsidian":10,"minecraft:grass_block":3,"minecraft:coal_block":24,"minecraft:hopper":2,"minecraft:oxeye_daisy":1,"minecraft:spawner":5,"minecraft:tall_seagrass":2,"minecraft:magma_block":1,"minecraft:raw_iron_block":1,"mores:deepslate_tourmaline_ore":45,"minecraft:fire":9,"minecraft:iron_ore":49,"minecraft:cobbled_deepslate":10,"minecraft:anvil":1,"minecraft:deepslate_lapis_ore":5,"mores:deepslate_sapphire_ore":3,"minecraft:oak_sign":1,"create:limestone":249,"minecraft:spruce_slab":2,"mores:deepslate_moissanite_ore":5,"minecraft:deepslate_redstone_ore":21,"minecraft:blackstone":99,"biomesoplenty:glowworm_silk":3,"minecraft:smoker":12,"mores:deepslate_anthracite_ore":13,"born_in_chaos_v1:infected_deepslate_diamond_ore":1,"minecraft:blast_furnace":3,"minecraft:calcite":135,"mores:anthracite_ore":3,"minecraft:cobblestone":8,"minecraft:wall_torch":1,"minecraft:amethyst_block":1,"minecraft:deepslate_copper_ore":5,"minecraft:chain":3,"minecraft:wheat":83,"epicpaladins:deepslate_cryorium_ore":55,"born_in_chaos_v1:river_mint":8,"minecraft:grass":20,"minecraft:oak_log":29,"minecraft:beetroots":11,"minecraft:dirt":9,"mores:silver_ore":3,"minecraft:smooth_basalt":2,"minecraft:netherrack":63,"mores:deepslate_topaz_ore":19,"epicpaladins:arclight_ore":8,"minecraft:deepslate":176,"biomesoplenty:glowing_moss_block":1,"create:zinc_ore":39,"minecraft:tuff":12,"minecraft:deepslate_diamond_ore":44,"born_in_chaos_v1:infected_diamond_ore":3,"minecraft:glow_lichen":1,"minecraft:jungle_planks":1,"epicpaladins:deepslate_arclight_ore":61,"minecraft:hay_block":3,"minecraft:furnace":3,"minecraft:carrots":1,"minecraft:andesite":489,"minecraft:gold_block":1,"mores:deepslate_cobalt_ore":8,"minecraft:bookshelf":71,"minecraft:potatoes":2,"minecraft:deepslate_iron_ore":46,"minecraft:lantern":1,"minecraft:stone":128,"minecraft:oak_slab":1,"mores:cobalt_ore":8,"epicpaladins:deepslate_bloodstone_ore":27,"minecraft:observer":3,"minecraft:spruce_door":1,"minecraft:cornflower":1,"minecraft:crafting_table":28,"biomesoplenty:high_grass_plant":1,"minecraft:tall_grass":10,"minecraft:copper_ore":34,"born_in_chaos_v1:chipped_black_argillite_brick":1,"minecraft:lapis_ore":7,"minecraft:deepslate_gold_ore":38,"mores:tin_ore":4,"epicpaladins:bloodstone_ore":2,"biomesoplenty:pink_daffodil":3,"minecraft:sweet_berry_bush":3,"minecraft:spruce_log":4,"minecraft:yellow_bed":1,"minecraft:coal_ore":130,"minecraft:gravel":1,"minecraft:cobweb":14,"mores:deepslate_silver_ore":1,"minecraft:gold_ore":6,"minecraft:fern":11}},"DataVersion":3465}