{"stats":{"minecraft:picked_up":{"minecraft:coarse_dirt":4,"minecraft:crafting_table":4,"mores:sapphire_helmet":2,"minecraft:chicken":1,"minecraft:enchanted_book":1,"tombstone:grave_key":1,"vampirism:pure_salt_water":1,"mores:sapphire_leggings":2,"minecraft:string":9,"mores:tourmaline_gem":27,"epicpaladins:bloodstone_gem":10,"minecraft:blackstone":3,"vampirism:obi_belt":2,"minecraft:cobbled_deepslate":47,"minecraft:beef":48,"dynamictrees:oak_seed":15,"minecraft:egg":2,"minecraft:stick":38,"minecraft:raw_iron":47,"minecraft:sandstone":18,"epicpaladins:arclight_gem":7,"minecraft:porkchop":3,"tombstone:grave_dust":5,"vampirism:vampire_fang":64,"minecraft:redstone":70,"mores:raw_tin":10,"epicpaladins:cryorium_gem":4,"vampirism:blood_bottle":7,"minecraft:arrow":1,"minecraft:rotten_flesh":21,"mores:sapphire_boots":2,"vampirism:altar_inspiration":1,"minecraft:hay_block":12,"minecraft:iron_block":1,"tombstone:essence_of_undeath":2,"mores:tourmaline_leggings":1,"mores:sapphire_chestplate":2,"minecraft:mutton":9,"minecraft:white_wool":6,"minecraft:cobblestone":95,"biomesoplenty:lavender":8,"minecraft:feather":1,"vampirism:pure_blood_4":1,"vampirism:weapon_table":1,"vampirism:vampire_book":1,"vampirism:vampire_blood_bottle":3,"minecraft:basalt":8,"minecraft:leather":25,"minecraft:oak_log":11,"minecraft:gunpowder":4,"minecraft:dirt":24,"minecraft:bone":2,"vampirism:human_heart":8,"minecraft:wheat_seeds":47,"minecraft:glass_bottle":7,"mores:turquoise_gem":3,"minecraft:oak_planks":17,"mores:topaz_boots":1,"sophisticatedbackpacks:diamond_backpack":2,"minecraft:sweet_berries":36,"minecraft:sand":4,"minecraft:spruce_sapling":4,"mores:raw_cobalt":2,"minecraft:blast_furnace":1,"minecraft:spruce_log":30,"minecraft:spider_eye":3,"vampirism:coffin_gray":2,"minecraft:diamond":6,"mores:anthracite":9,"minecraft:bread":3,"minecraft:coal":121,"mores:steel_helmet":1,"minecraft:ender_pearl":1},"minecraft:crafted":{"minecraft:oak_planks":68,"minecraft:furnace":1,"epicpaladins:bloodstone_axe":1,"minecraft:glass":9,"minecraft:iron_axe":1,"minecraft:stone_pickaxe":1,"epicpaladins:cryorium_pickaxe":1,"minecraft:glass_bottle":6,"mores:tourmaline_chestplate":1,"minecraft:crafting_table":4,"minecraft:spruce_planks":20,"minecraft:wooden_pickaxe":1,"minecraft:iron_sword":1,"minecraft:stone_axe":1,"minecraft:air":0,"epicpaladins:bloodstone_pickaxe":1,"minecraft:stick":20,"minecraft:iron_pickaxe":1,"minecraft:iron_ingot":8,"minecraft:wooden_axe":1,"minecraft:iron_block":7,"minecraft:stone_sword":1},"minecraft:used":{"epicpaladins:bloodstone_pickaxe":168,"epicpaladins:cryorium_pickaxe":17,"mores:topaz_boots":1,"vampirism:altar_infusion":7,"minecraft:chest":1,"vampirism:blood_container":1,"mores:tourmaline_leggings":1,"mores:tanzanite_shield":2,"minecraft:dirt":13,"epicpaladins:bloodstone_axe":1,"minecraft:diamond_helmet":2,"mores:tourmaline_chestplate":1,"mores:steel_helmet":1,"minecraft:milk_bucket":1,"minecraft:wooden_axe":31,"sophisticatedbackpacks:diamond_backpack":8,"vampirism:blood_pedestal":3,"minecraft:iron_block":1,"minecraft:grass_block":2,"minecraft:iron_axe":2,"epicpaladins:moonlight_axe":54,"minecraft:diamond_chestplate":2,"epicpaladins:arclight_hoe":12,"minecraft:furnace":1,"epicpaladins:moonlight_hoe":5,"tombstone:gift":8,"minecraft:egg":2,"epicpaladins:moonlight_sword":225,"minecraft:cobbled_deepslate":31,"vampirism:heart_striker_ultimate":1,"vampirism:weapon_table":1,"vampirism:altar_inspiration":3,"vampirism:coffin_gray":3,"minecraft:diamond_boots":2,"minecraft:stone_pickaxe":59,"minecraft:oak_planks":42,"minecraft:wooden_pickaxe":6,"vampirism:human_heart":6,"minecraft:golden_apple":1,"minecraft:crafting_table":7,"epicpaladins:moonlight_pickaxe":82,"epicpaladins:arclight_axe":3,"minecraft:spruce_log":12,"vampirism:hunter_axe_ultimate":1,"epicpaladins:arclight_pickaxe":67,"minecraft:bread":21,"minecraft:iron_pickaxe":9,"vampirism:altar_pillar":15,"minecraft:diamond_sword":18,"minecraft:cobblestone":5,"vampirism:altar_cleansing":1,"minecraft:coarse_dirt":2,"minecraft:diamond_leggings":2},"minecraft:dropped":{"minecraft:wheat_seeds":39,"minecraft:oak_log":10,"vampirism:human_heart":4,"minecraft:glass_bottle":10,"vampirism:vampire_book":1,"biomesoplenty:lavender":8,"minecraft:cobblestone":4,"minecraft:leather":2,"minecraft:stick":16,"minecraft:dirt":5,"mores:sapphire_leggings":1,"minecraft:string":9,"mores:sapphire_helmet":1,"mores:sapphire_chestplate":1,"mores:sapphire_boots":1,"dynamictrees:oak_seed":13,"vampirism:obi_belt":1,"minecraft:rotten_flesh":18,"minecraft:oak_planks":1,"vampirism:blood_bottle":2,"mores:raw_cobalt":2,"sophisticatedbackpacks:diamond_backpack":1,"vampirism:vampire_blood_bottle":1,"vampirism:vampire_fang":64,"minecraft:spider_eye":3,"tombstone:essence_of_undeath":1,"minecraft:beef":21,"minecraft:glass":2},"minecraft:custom":{"minecraft:mob_kills":79,"vampirism:interact_with_altar_of_infusion":1,"minecraft:interact_with_crafting_table":24,"minecraft:open_barrel":1,"vampirism:action_time_bat":3514,"minecraft:interact_with_campfire":1,"minecraft:damage_dealt_resisted":1382,"minecraft:leave_game":5,"minecraft:time_since_death":123242,"minecraft:climb_one_cm":2962,"minecraft:damage_resisted":18,"vampirism:amount_bitten":219,"minecraft:sprint_one_cm":657279,"minecraft:walk_one_cm":461913,"minecraft:damage_blocked_by_shield":90,"vampirism:interact_with_coffin":1,"minecraft:drop":61,"vampirism:skills_unlocked":33,"minecraft:talked_to_villager":6,"minecraft:sneak_time":14212,"minecraft:play_time":245677,"minecraft:deaths":1,"vampirism:interact_with_altar_inspiration":141,"minecraft:walk_under_water_one_cm":4383,"minecraft:jump":5165,"minecraft:walk_on_water_one_cm":11419,"minecraft:total_world_time":245677,"vampirism:blood_drunk":65500,"minecraft:interact_with_furnace":17,"vampirism:altar_of_inspiration_rituals_performed":131,"vampirism:action_used_bat":9,"minecraft:sleep_in_bed":1,"vampirism:actions_used":9,"minecraft:time_since_rest":123389,"minecraft:damage_taken":183561,"minecraft:damage_absorbed":41,"minecraft:damage_dealt":20154,"minecraft:swim_one_cm":10716,"minecraft:fly_one_cm":1394937,"minecraft:player_kills":11,"minecraft:open_chest":17,"minecraft:crouch_one_cm":54024,"tombstone:undead_killed":14,"minecraft:fall_one_cm":173772,"vampirism:items_filled_on_blood_pedestal":1},"minecraft:mined":{"minecraft:deepslate_diamond_ore":6,"vampirism:altar_inspiration":1,"minecraft:grass_block":5,"vampirism:weapon_table":1,"minecraft:spruce_leaves":1,"minecraft:sandstone":16,"epicpaladins:deepslate_arclight_ore":7,"dynamictrees:oak_leaves":1,"minecraft:hay_block":12,"mores:deepslate_tourmaline_ore":8,"minecraft:cobbled_deepslate":1,"minecraft:iron_ore":43,"minecraft:fire":1,"biomesoplenty:lavender":11,"mores:deepslate_cobalt_ore":2,"minecraft:deepslate_iron_ore":4,"minecraft:stone":96,"minecraft:iron_block":1,"minecraft:deepslate_redstone_ore":16,"minecraft:blackstone":4,"epicpaladins:deepslate_bloodstone_ore":1,"minecraft:basalt":8,"mores:deepslate_anthracite_ore":9,"minecraft:powder_snow":44,"minecraft:crafting_table":4,"minecraft:blast_furnace":1,"vampirism:coffin_gray":1,"minecraft:tall_grass":53,"minecraft:oak_planks":2,"mores:deepslate_turquoise_ore":4,"mores:tin_ore":3,"minecraft:coarse_dirt":2,"sophisticatedbackpacks:diamond_backpack":1,"minecraft:sweet_berry_bush":15,"epicpaladins:deepslate_cryorium_ore":4,"minecraft:spruce_log":30,"minecraft:grass":67,"minecraft:coal_ore":121,"minecraft:sand":5,"minecraft:dirt":13,"minecraft:deepslate":47,"minecraft:oak_leaves":1,"minecraft:fern":1},"minecraft:killed":{"vampirism:vampire":4,"vampirism:advanced_vampire":2,"minecraft:spider":7,"minecraft:skeleton":2,"vampirism:advanced_hunter":3,"vampirism:vampire_baron":1,"minecraft:zombie_villager":1,"naturalist:butterfly":1,"minecraft:creeper":2,"vampirism:hunter":21,"minecraft:zombie":11,"minecraft:enderman":2,"minecraft:cow":4}},"DataVersion":3465}