{"stats":{"minecraft:used":{"epicpaladins:bloodstone_pickaxe":1561,"minecraft:beetroot":3,"minecraft:spruce_slab":2,"minecraft:oak_sign":1,"mores:tin_pickaxe":78,"minecraft:chest":8,"minecraft:shield":37,"minecraft:rotten_flesh":1,"minecraft:iron_chestplate":1,"minecraft:mutton":5,"minecraft:jungle_planks":2,"minecraft:carrot":7,"minecraft:obsidian":11,"minecraft:tuff":2,"born_in_chaos_v1:corpse_maggot":1,"born_in_chaos_v1:smoked_flesh":68,"minecraft:cyan_terracotta":4,"minecraft:iron_helmet":1,"minecraft:sweet_berries":21,"minecraft:furnace":2,"minecraft:beetroot_seeds":11,"mores:tourmaline_shield":54,"minecraft:gold_block":9,"minecraft:egg":3,"minecraft:potato":10,"minecraft:blackstone":64,"mores:tin_hoe":48,"mores:tanzanite_boots":1,"epicpaladins:cryorium_axe":281,"minecraft:cookie":9,"minecraft:golden_apple":4,"minecraft:glow_berries":2,"minecraft:blast_furnace":3,"mores:tanzanite_helmet":1,"epicpaladins:moonlight_pickaxe":216,"minecraft:redstone_torch":4,"minecraft:red_sandstone":6,"born_in_chaos_v1:monster_flesh":2,"minecraft:bread":54,"minecraft:brown_wool":1,"minecraft:red_terracotta":23,"born_in_chaos_v1:smoked_monster_flesh":8,"minecraft:chain":2,"minecraft:bone_meal":45,"minecraft:experience_bottle":1,"mores:tourmaline_battleaxe":329,"minecraft:iron_bars":2,"minecraft:white_tulip":1,"minecraft:spruce_planks":53,"mores:sapphire_chestplate":1,"mores:tourmaline_leggings":1,"born_in_chaos_v1:fried_maggot":7,"minecraft:cooked_salmon":23,"minecraft:cooked_chicken":5,"minecraft:netherrack":308,"minecraft:torch":261,"minecraft:dirt":8,"minecraft:anvil":1,"mores:tourmaline_chestplate":1,"moonsweaponry:diamond_warglaive":1,"minecraft:dark_oak_planks":4,"minecraft:iron_axe":62,"minecraft:light_weighted_pressure_plate":1,"minecraft:iron_boots":1,"minecraft:bamboo":2,"tombstone:gift":6,"minecraft:cooked_beef":5,"minecraft:cobbled_deepslate":117,"minecraft:observer":1,"sophisticatedbackpacks:gold_backpack":1,"minecraft:wheat_seeds":120,"minecraft:cooked_mutton":3,"moonsweaponry:iron_halberd":218,"minecraft:baked_potato":7,"minecraft:oak_slab":1,"minecraft:crafting_table":45,"mores:tanzanite_leggings":1,"minecraft:smoker":17,"minecraft:oak_log":18,"tombstone:bag_of_seeds":1,"epicpaladins:arclight_pickaxe":9010,"minecraft:diamond_pickaxe":2,"minecraft:apple":16,"minecraft:chicken":1,"minecraft:iron_pickaxe":241,"mores:chocolate":4,"minecraft:stone_axe":6,"minecraft:cobblestone":37,"minecraft:porkchop":1,"minecraft:white_banner":1,"minecraft:cooked_porkchop":15,"minecraft:yellow_bed":1},"minecraft:dropped":{"minecraft:crafting_table":1,"minecraft:chest_minecart":2,"minecraft:jungle_planks":6,"minecraft:birch_slab":1,"born_in_chaos_v1:nightmare_claw":2,"artifacts:vampiric_glove":1,"minecraft:rail":18,"minecraft:red_carpet":3,"minecraft:flint":4,"minecraft:cobblestone_stairs":2,"minecraft:gold_block":4,"minecraft:cracked_polished_blackstone_bricks":1,"minecraft:dirt":5,"minecraft:dark_oak_log":5,"mores:topaz_chestplate":1,"minecraft:yellow_dye":3,"minecraft:cornflower":2,"minecraft:mutton":10,"minecraft:gold_nugget":5,"minecraft:polished_blackstone_bricks":1,"minecraft:iron_pickaxe":1,"mores:tourmaline_shield":1,"minecraft:white_wool":1,"minecraft:gold_ingot":52,"minecraft:bone":4,"minecraft:gravel":1,"minecraft:stone_axe":1,"minecraft:blackstone":19,"minecraft:cobbled_deepslate":49,"minecraft:wheat":2,"minecraft:obsidian":2,"minecraft:rotten_flesh":68,"born_in_chaos_v1:smoked_flesh":16,"minecraft:white_bed":1,"biomesoplenty:glowing_moss_block":1,"minecraft:beetroot_seeds":8,"born_in_chaos_v1:corpse_maggot":17,"comforts:sleeping_bag_white":2,"minecraft:spruce_slab":2,"minecraft:arrow":3,"mores:tin_hoe":1,"minecraft:powered_rail":8,"minecraft:beef":3,"minecraft:quartz":7,"minecraft:netherrack":747,"minecraft:iron_ingot":20,"minecraft:enchanted_book":2,"born_in_chaos_v1:wood_splitter_axe":1,"minecraft:wheat_seeds":88,"minecraft:lilac":4,"dynamictrees:birch_seed":20,"biomesoplenty:maple_sapling":2,"minecraft:feather":7,"minecraft:iron_helmet":2,"minecraft:cobblestone":76,"minecraft:amethyst_block":2,"minecraft:coal":7,"minecraft:stick":244,"mores:tourmaline_gem":4,"minecraft:torch":1,"minecraft:wooden_axe":1,"minecraft:iron_door":1,"minecraft:iron_leggings":1,"minecraft:potion":1,"born_in_chaos_v1:lifestealer_bone":4,"minecraft:iron_axe":1,"minecraft:chainmail_leggings":1,"minecraft:paper":12,"minecraft:spruce_sapling":6,"minecraft:smooth_basalt":1,"epicpaladins:arclight_gem":8,"minecraft:redstone":20,"minecraft:furnace":1,"minecraft:sweet_berries":1,"minecraft:cocoa_beans":3,"minecraft:tuff":6,"mores:tanzanite_gem":23,"epicpaladins:bloodstone_gem":9,"minecraft:chicken":4,"minecraft:white_carpet":3,"minecraft:iron_boots":1,"minecraft:damaged_anvil":1,"minecraft:shield":1,"mores:tin_chestplate":1,"mores:cobalt_helmet":1,"moonsweaponry:diamond_warglaive":1,"minecraft:bundle":1,"minecraft:spruce_trapdoor":1,"minecraft:spruce_planks":5,"minecraft:iron_chestplate":3,"minecraft:andesite":18,"minecraft:spider_eye":12,"mores:topaz_sword":1,"minecraft:bow":1,"minecraft:magma_block":34},"minecraft:crafted":{"minecraft:oak_planks":36,"minecraft:cooked_chicken":5,"epicpaladins:arclight_pickaxe":6,"minecraft:cooked_mutton":3,"minecraft:chest":9,"born_in_chaos_v1:pileof_dark_metal":1,"minecraft:smoker":5,"minecraft:emerald":26,"sophisticatedbackpacks:backpack":2,"mores:tourmaline_chestplate":1,"minecraft:cooked_porkchop":20,"minecraft:crafting_table":7,"mores:tourmaline_boots":1,"mores:tanzanite_boots":1,"minecraft:spruce_planks":80,"minecraft:baked_potato":7,"mores:tin_hoe":1,"minecraft:gold_block":2,"epicpaladins:moonlight_pickaxe":1,"minecraft:shield":1,"sophisticatedbackpacks:diamond_backpack":6,"minecraft:stick":64,"minecraft:light_blue_dye":2,"born_in_chaos_v1:smoked_flesh":63,"minecraft:iron_ingot":26,"minecraft:iron_pickaxe":1,"minecraft:gold_ingot":63,"minecraft:light_gray_dye":1,"mores:tourmaline_battleaxe":1,"mores:tourmaline_helmet":1,"mores:sapphire_chestplate":1,"mores:tin_pickaxe":1,"comforts:sleeping_bag_white":1,"minecraft:furnace":5,"minecraft:bone_meal":51,"minecraft:white_carpet":3,"mores:topaz_chestplate":1,"born_in_chaos_v1:smoked_monster_flesh":8,"born_in_chaos_v1:bone_handle":1,"minecraft:iron_axe":1,"born_in_chaos_v1:fried_maggot":7,"mores:tourmaline_leggings":1,"minecraft:netherite_scrap":15,"minecraft:dark_oak_planks":16,"sophisticatedbackpacks:iron_backpack":2,"minecraft:wheat":18,"minecraft:cooked_beef":5,"mores:tanzanite_helmet":1,"mores:tourmaline_shield":1,"minecraft:cooked_salmon":23,"sophisticatedbackpacks:gold_backpack":2,"epicpaladins:cryorium_axe":1,"minecraft:stone_axe":1,"minecraft:bread":33,"minecraft:air":0,"minecraft:jungle_planks":4,"mores:tanzanite_leggings":1,"minecraft:blue_dye":1,"minecraft:white_dye":3,"epicpaladins:bloodstone_pickaxe":1,"minecraft:torch":292,"minecraft:diamond_chestplate":1},"minecraft:killed":{"born_in_chaos_v1:lifestealer_true_form":1,"born_in_chaos_v1:zombie_lumberjack":2,"born_in_chaos_v1:restless_spirit":4,"born_in_chaos_v1:skeleton_demoman":1,"minecraft:spider":7,"born_in_chaos_v1:siamese_skeletonsright":2,"born_in_chaos_v1:baby_skeleton_minion":3,"born_in_chaos_v1:scarlet_persecutor":1,"minecraft:skeleton":15,"minecraft:chicken":5,"born_in_chaos_v1:skeleton_thrasher":1,"minecraft:piglin_brute":1,"born_in_chaos_v1:firelight_not_despawn":1,"minecraft:piglin":3,"born_in_chaos_v1:bonescaller":2,"minecraft:pig":13,"minecraft:zombie_villager":2,"born_in_chaos_v1:diamond_termite":9,"minecraft:salmon":23,"minecraft:creeper":2,"minecraft:sheep":5,"minecraft:pillager":3,"minecraft:goat":2,"minecraft:zombie":28,"born_in_chaos_v1:dread_hound":6,"born_in_chaos_v1:corpse_fly":10,"born_in_chaos_v1:door_knight":1,"born_in_chaos_v1:siamese_skeletonsleft":2,"minecraft:blaze":10,"minecraft:cow":7,"minecraft:vex":4,"minecraft:vindicator":2,"born_in_chaos_v1:skeleton_thrasher_not_despawn":1,"born_in_chaos_v1:zombie_bruiser":3,"born_in_chaos_v1:maggot":15,"born_in_chaos_v1:spiritof_chaos":2,"born_in_chaos_v1:bone_imp_minion":2,"born_in_chaos_v1:baby_skeleton":6,"born_in_chaos_v1:swarmer":1,"born_in_chaos_v1:decrepit_skeleton":16,"born_in_chaos_v1:dark_vortex":1,"born_in_chaos_v1:controlled_baby_skeleton":3,"born_in_chaos_v1:decaying_zombie_not_despawn":1},"minecraft:broken":{"epicpaladins:bloodstone_pickaxe":1,"epicpaladins:arclight_pickaxe":5},"minecraft:custom":{"minecraft:interact_with_crafting_table":103,"minecraft:open_barrel":27,"goblintraders:trade_with_goblin":38,"minecraft:bell_ring":1,"minecraft:eat_cake_slice":2,"minecraft:leave_game":6,"minecraft:time_since_death":353362,"minecraft:sprint_one_cm":1703467,"minecraft:damage_blocked_by_shield":2839,"minecraft:drop":280,"minecraft:talked_to_villager":1,"minecraft:play_time":507843,"minecraft:deaths":4,"minecraft:jump":9859,"minecraft:interact_with_brewingstand":3,"minecraft:walk_on_water_one_cm":19726,"minecraft:interact_with_furnace":17,"minecraft:interact_with_cartography_table":1,"minecraft:sleep_in_bed":14,"minecraft:damage_dealt":42015,"minecraft:crouch_one_cm":171356,"tombstone:undead_killed":93,"minecraft:interact_with_smoker":86,"minecraft:interact_with_anvil":4,"minecraft:mob_kills":232,"minecraft:damage_dealt_resisted":3068,"minecraft:climb_one_cm":19753,"minecraft:walk_one_cm":1135438,"minecraft:damage_dealt_absorbed":1766,"minecraft:raid_win":1,"minecraft:sneak_time":44090,"minecraft:walk_under_water_one_cm":22475,"minecraft:interact_with_blast_furnace":44,"minecraft:total_world_time":507843,"tombstone:raider_killed":7,"minecraft:time_since_rest":129772,"minecraft:damage_taken":9934,"minecraft:damage_absorbed":159,"minecraft:trigger_trapped_chest":4,"minecraft:swim_one_cm":24116,"minecraft:fly_one_cm":2360351,"minecraft:open_chest":86,"minecraft:fall_one_cm":284555},"minecraft:picked_up":{"minecraft:iron_chestplate":2,"minecraft:wheat":83,"minecraft:anvil":2,"biomesoplenty:violet":37,"minecraft:potion":1,"minecraft:enchanted_book":6,"minecraft:amethyst_block":2,"minecraft:string":13,"minecraft:raw_copper":166,"create:limestone":243,"minecraft:iron_leggings":1,"mores:tourmaline_gem":51,"epicpaladins:bloodstone_gem":46,"minecraft:experience_bottle":1,"minecraft:oak_sign":1,"minecraft:beetroot":3,"minecraft:red_sand":6,"minecraft:gold_nugget":71,"minecraft:cobbled_deepslate":197,"comforts:sleeping_bag_white":2,"minecraft:spruce_planks":78,"minecraft:light_weighted_pressure_plate":1,"minecraft:white_tulip":1,"minecraft:redstone_torch":4,"minecraft:calcite":134,"minecraft:enchanted_golden_apple":1,"minecraft:coal_block":24,"mores:topaz_sword":2,"minecraft:iron_boots":1,"minecraft:furnace":4,"minecraft:stick":298,"born_in_chaos_v1:shattered_skull":3,"epicpaladins:arclight_gem":97,"minecraft:torch":19,"minecraft:porkchop":28,"minecraft:golden_axe":1,"mores:topaz_gem":19,"tombstone:grave_dust":29,"born_in_chaos_v1:nightmare_claw":2,"epicpaladins:moonlight_gem":30,"mores:raw_tin":73,"mores:cobalt_helmet":1,"artifacts:lucky_scarf":1,"epicpaladins:cryorium_gem":71,"minecraft:rotten_flesh":84,"biomesoplenty:rose_quartz_chunk":3,"minecraft:blackstone_wall":1,"minecraft:iron_block":2,"minecraft:cyan_terracotta":4,"minecraft:obsidian":10,"minecraft:iron_bars":2,"minecraft:snowball":2,"minecraft:cobblestone":193,"minecraft:birch_log":6,"minecraft:magma_block":34,"minecraft:feather":9,"minecraft:lilac":4,"minecraft:birch_slab":1,"minecraft:iron_door":1,"born_in_chaos_v1:spiritual_dust":2,"minecraft:jungle_log":1,"minecraft:andesite":509,"minecraft:brown_wool":1,"minecraft:smoker":12,"minecraft:potato":2,"minecraft:flint":4,"minecraft:tuff":8,"create:raw_zinc":69,"minecraft:lapis_lazuli":92,"minecraft:dirt":13,"minecraft:lantern":5,"born_in_chaos_v1:monster_skin":3,"minecraft:bone":48,"createoreexcavation:drill":1,"minecraft:bow":1,"minecraft:wheat_seeds":257,"minecraft:raw_gold":76,"minecraft:powered_rail":12,"moonsweaponry:diamond_warglaive":1,"mores:tanzanite_gem":39,"minecraft:jungle_planks":4,"mores:raw_cobalt":18,"minecraft:dark_oak_log":9,"minecraft:red_terracotta":23,"minecraft:bundle":3,"minecraft:diamond":54,"minecraft:cracked_polished_blackstone_bricks":2,"minecraft:golden_apple":1,"mores:raw_silver":10,"minecraft:emerald":1,"minecraft:bread":7,"minecraft:netherrack":2650,"biomesoplenty:pink_daffodil":3,"sophisticatedbackpacks:gold_backpack":1,"minecraft:charcoal":1,"born_in_chaos_v1:diamond_termite_shard":5,"minecraft:crafting_table":39,"dynamictrees:spruce_seed":10,"minecraft:chicken":7,"born_in_chaos_v1:river_mint":8,"minecraft:chest_minecart":3,"born_in_chaos_v1:seedof_chaos":7,"mores:tourmaline_shield":1,"minecraft:gold_block":12,"minecraft:chain":4,"minecraft:cornflower":3,"born_in_chaos_v1:intoxicating_decoction":2,"minecraft:blackstone":121,"tombstone:scroll_of_unstable_intangibility":1,"minecraft:beef":18,"minecraft:observer":3,"minecraft:light_gray_wool":1,"minecraft:spruce_slab":4,"mores:emerald_boots":1,"minecraft:spruce_trapdoor":1,"minecraft:egg":3,"minecraft:raw_iron":131,"sophisticatedbackpacks:backpack":2,"artifacts:vampiric_glove":1,"minecraft:polished_blackstone_bricks":10,"minecraft:carrot":3,"born_in_chaos_v1:pieceofdarkmetal":18,"minecraft:redstone":104,"minecraft:arrow":9,"minecraft:beetroot_seeds":16,"born_in_chaos_v1:wood_splitter_axe":1,"minecraft:hay_block":3,"minecraft:gold_ingot":18,"tombstone:essence_of_undeath":1,"minecraft:glow_berries":2,"minecraft:mutton":18,"minecraft:rail":18,"minecraft:white_wool":7,"minecraft:oxeye_daisy":1,"born_in_chaos_v1:fused_bone":4,"born_in_chaos_v1:corpse_maggot":23,"born_in_chaos_v1:monster_flesh":10,"minecraft:glow_ink_sac":8,"minecraft:salmon":23,"minecraft:leather":13,"minecraft:yellow_dye":6,"minecraft:oak_log":34,"minecraft:ancient_debris":12,"minecraft:yellow_bed":1,"minecraft:gunpowder":2,"minecraft:cobblestone_stairs":2,"minecraft:paper":12,"tombstone:gift":1,"minecraft:white_banner":1,"minecraft:red_carpet":3,"minecraft:apple":10,"minecraft:red_sandstone":6,"born_in_chaos_v1:smoked_flesh":11,"minecraft:iron_ingot":22,"dynamictrees:birch_seed":20,"tombstone:bag_of_seeds":1,"minecraft:glass_bottle":4,"minecraft:book":214,"minecraft:oak_slab":1,"minecraft:smooth_basalt":1,"minecraft:sweet_berries":20,"born_in_chaos_v1:lifestealer_bone":4,"minecraft:quartz":14,"born_in_chaos_v1:ethereal_spirit":6,"minecraft:raw_iron_block":1,"minecraft:gravel":1,"minecraft:spruce_sapling":6,"minecraft:soul_torch":1,"mores:moissanite_gem":10,"minecraft:blast_furnace":5,"minecraft:white_bed":1,"minecraft:spruce_log":69,"biomesoplenty:glowing_moss_block":1,"minecraft:spider_eye":13,"mores:tin_ingot":5,"mores:tin_chestplate":1,"biomesoplenty:maple_sapling":3,"mores:sapphire_gem":12,"minecraft:chainmail_leggings":1,"mores:anthracite":93,"minecraft:iron_helmet":1,"minecraft:gray_wool":1,"tombstone:magic_scroll":2,"minecraft:damaged_anvil":2,"moonsweaponry:iron_halberd":1,"minecraft:coal":300,"minecraft:hopper":2,"minecraft:wooden_axe":1},"minecraft:mined":{"create:deepslate_zinc_ore":11,"minecraft:spruce_planks":17,"minecraft:white_bed":1,"minecraft:cobblestone_stairs":1,"sophisticatedbackpacks:gold_backpack":1,"mores:nether_anthracite_ore":53,"minecraft:obsidian":10,"minecraft:grass_block":4,"biomesoplenty:rose_quartz_block":1,"minecraft:cracked_polished_blackstone_bricks":2,"minecraft:coal_block":24,"minecraft:hopper":2,"minecraft:oxeye_daisy":1,"minecraft:spawner":5,"minecraft:polished_blackstone_bricks":10,"minecraft:tall_seagrass":2,"epicpaladins:moonlight_ore":25,"minecraft:raw_iron_block":1,"minecraft:magma_block":28,"mores:deepslate_tourmaline_ore":45,"mores:nether_tanzanite_ore":30,"minecraft:iron_ore":49,"minecraft:cobbled_deepslate":10,"minecraft:fire":29,"minecraft:anvil":2,"minecraft:deepslate_lapis_ore":5,"mores:deepslate_sapphire_ore":3,"minecraft:oak_sign":2,"minecraft:iron_bars":2,"minecraft:iron_block":2,"create:limestone":249,"minecraft:spruce_slab":2,"mores:deepslate_moissanite_ore":5,"minecraft:deepslate_redstone_ore":21,"minecraft:cyan_terracotta":8,"minecraft:blackstone":129,"biomesoplenty:glowworm_silk":3,"minecraft:smoker":12,"mores:deepslate_anthracite_ore":13,"born_in_chaos_v1:infected_deepslate_diamond_ore":1,"minecraft:blast_furnace":4,"minecraft:calcite":135,"minecraft:nether_quartz_ore":14,"mores:anthracite_ore":3,"minecraft:cobblestone":8,"mores:nether_sapphire_ore":8,"minecraft:damaged_anvil":1,"minecraft:iron_door":1,"minecraft:wall_torch":1,"minecraft:amethyst_block":1,"minecraft:deepslate_copper_ore":5,"minecraft:chain":3,"minecraft:light_weighted_pressure_plate":1,"epicpaladins:deepslate_cryorium_ore":55,"minecraft:wheat":83,"born_in_chaos_v1:river_mint":8,"dynamictrees:birch_leaves":1,"minecraft:grass":24,"minecraft:oak_log":29,"minecraft:beetroots":11,"minecraft:dirt":10,"mores:silver_ore":3,"minecraft:smooth_basalt":2,"minecraft:netherrack":8681,"minecraft:ancient_debris":12,"minecraft:deepslate":176,"mores:deepslate_topaz_ore":19,"epicpaladins:arclight_ore":8,"create:zinc_ore":39,"biomesoplenty:glowing_moss_block":1,"minecraft:nether_gold_ore":13,"minecraft:tuff":12,"minecraft:deepslate_diamond_ore":44,"born_in_chaos_v1:infected_diamond_ore":3,"minecraft:glow_lichen":1,"minecraft:jungle_planks":1,"minecraft:birch_slab":1,"epicpaladins:deepslate_arclight_ore":61,"minecraft:hay_block":3,"minecraft:furnace":3,"minecraft:carrots":1,"minecraft:red_sandstone":6,"minecraft:andesite":489,"minecraft:gold_block":11,"mores:deepslate_cobalt_ore":8,"minecraft:bookshelf":71,"minecraft:potatoes":2,"biomesoplenty:high_grass":3,"minecraft:deepslate_iron_ore":46,"minecraft:lantern":1,"minecraft:stone":175,"biomesoplenty:rose_quartz_cluster":2,"minecraft:oak_slab":1,"mores:cobalt_ore":9,"epicpaladins:deepslate_bloodstone_ore":27,"minecraft:observer":3,"minecraft:spruce_door":1,"minecraft:crafting_table":38,"minecraft:cornflower":1,"biomesoplenty:high_grass_plant":3,"minecraft:copper_ore":34,"minecraft:tall_grass":10,"born_in_chaos_v1:chipped_black_argillite_brick":1,"minecraft:deepslate_gold_ore":38,"minecraft:lapis_ore":7,"mores:tin_ore":4,"epicpaladins:bloodstone_ore":2,"minecraft:red_terracotta":23,"minecraft:sweet_berry_bush":3,"biomesoplenty:pink_daffodil":3,"minecraft:spruce_log":4,"minecraft:yellow_bed":1,"minecraft:coal_ore":130,"minecraft:gravel":1,"minecraft:cobweb":14,"mores:deepslate_silver_ore":1,"minecraft:gold_ore":6,"minecraft:fern":11}},"DataVersion":3465}