{"stats":{"minecraft:killed":{"minecraft:cow":1},"minecraft:custom":{"minecraft:time_since_rest":885,"minecraft:crouch_one_cm":6989,"minecraft:deaths":2,"minecraft:play_time":30248,"minecraft:sprint_one_cm":38439,"minecraft:damage_taken":532,"minecraft:walk_one_cm":44850,"minecraft:sneak_time":2675,"minecraft:walk_under_water_one_cm":10608,"minecraft:mob_kills":1,"minecraft:jump":640,"minecraft:damage_dealt":176,"minecraft:leave_game":1,"minecraft:walk_on_water_one_cm":533,"minecraft:time_since_death":849,"minecraft:climb_one_cm":36,"minecraft:total_world_time":30248,"minecraft:interact_with_crafting_table":5,"minecraft:fall_one_cm":18688,"minecraft:fly_one_cm":433747},"minecraft:used":{"minecraft:stone_axe":2,"dynamictrees:spruce_seed":1,"minecraft:wooden_axe":3,"minecraft:crafting_table":3,"minecraft:stone_pickaxe":3,"minecraft:netherite_axe":11,"minecraft:wooden_pickaxe":3,"biomesoplenty:maple_sapling":3},"minecraft:mined":{"minecraft:oak_log":7,"minecraft:stone":6,"biomesoplenty:maple_leaves":1,"minecraft:crafting_table":3},"minecraft:picked_up":{"minecraft:crafting_table":3,"minecraft:stick":25,"biomesoplenty:maple_sapling":3,"minecraft:leather":2,"dynamictrees:spruce_seed":6,"minecraft:beef":1,"minecraft:oak_log":7,"minecraft:spruce_log":43,"minecraft:cobblestone":6},"minecraft:crafted":{"minecraft:stone_axe":1,"minecraft:crafting_table":1,"minecraft:spruce_planks":16,"minecraft:stone_pickaxe":1,"minecraft:wooden_pickaxe":1,"minecraft:wooden_axe":1}},"DataVersion":3465}