{"stats":{"minecraft:dropped":{"biomesoplenty:fir_log":1,"minecraft:iron_ingot":1,"biomesoplenty:toadstool":1,"minecraft:stone_axe":1,"born_in_chaos_v1:shattered_skull":2,"minecraft:wheat_seeds":8,"minecraft:stone_sword":1,"minecraft:cobbled_deepslate":8,"minecraft:tnt":1,"born_in_chaos_v1:ethereal_spirit":1,"minecraft:rotten_flesh":10,"minecraft:prismarine_crystals":12,"dynamictrees:spruce_seed":2,"minecraft:dirt":5,"born_in_chaos_v1:corpse_maggot":2,"minecraft:wooden_sword":2,"minecraft:sand":20,"minecraft:stone_pickaxe":1,"minecraft:wooden_pickaxe":1,"minecraft:bone":2},"minecraft:killed":{"born_in_chaos_v1:fallen_chaos_knight":1,"minecraft:pig":2,"born_in_chaos_v1:zombie_lumberjack":1,"born_in_chaos_v1:swarmer":1,"minecraft:cod":8,"born_in_chaos_v1:decrepit_skeleton":1,"born_in_chaos_v1:scarlet_persecutor":2,"born_in_chaos_v1:maggot":4,"born_in_chaos_v1:bloody_gadfly":1,"minecraft:pillager":3,"minecraft:zombie":3,"born_in_chaos_v1:dread_hound":1,"born_in_chaos_v1:corpse_fly":6,"born_in_chaos_v1:skeleton_thrasher":1,"born_in_chaos_v1:firelight_not_despawn":1,"minecraft:cow":1},"minecraft:custom":{"minecraft:interact_with_furnace":69,"minecraft:mob_kills":37,"minecraft:interact_with_crafting_table":35,"minecraft:damage_dealt_resisted":2016,"minecraft:leave_game":1,"minecraft:time_since_death":1015,"minecraft:climb_one_cm":36,"minecraft:time_since_rest":1037,"minecraft:sprint_one_cm":151419,"minecraft:damage_taken":2250,"minecraft:walk_one_cm":161780,"minecraft:damage_blocked_by_shield":1100,"minecraft:drop":33,"minecraft:damage_dealt":6617,"minecraft:swim_one_cm":27831,"minecraft:fly_one_cm":712949,"minecraft:open_chest":3,"minecraft:crouch_one_cm":21789,"minecraft:play_time":102248,"minecraft:deaths":6,"minecraft:sneak_time":6726,"minecraft:walk_under_water_one_cm":13617,"minecraft:boat_one_cm":189178,"minecraft:jump":2286,"minecraft:walk_on_water_one_cm":7719,"minecraft:total_world_time":102248,"minecraft:fall_one_cm":61521},"minecraft:used":{"minecraft:acacia_boat":1,"dynamictrees:spruce_seed":2,"born_in_chaos_v1:ethereal_spirit":10,"minecraft:stone_pickaxe":27,"minecraft:wooden_pickaxe":6,"minecraft:shield":27,"minecraft:iron_sword":172,"born_in_chaos_v1:fried_maggot":6,"minecraft:rotten_flesh":1,"minecraft:iron_chestplate":1,"minecraft:torch":3,"minecraft:mossy_cobblestone":1,"minecraft:sand":5,"minecraft:crafting_table":10,"minecraft:cod":2,"biomesoplenty:maple_sapling":4,"born_in_chaos_v1:corpse_maggot":2,"minecraft:wooden_axe":29,"minecraft:jungle_log":2,"born_in_chaos_v1:monster_flesh":2,"minecraft:iron_axe":9,"minecraft:netherite_axe":11,"minecraft:iron_pickaxe":95,"minecraft:iron_helmet":1,"minecraft:iron_boots":1,"minecraft:stone_axe":5,"minecraft:cobblestone":4,"minecraft:furnace":7,"minecraft:cooked_cod":12,"minecraft:iron_leggings":1},"minecraft:mined":{"minecraft:mossy_cobblestone":1,"minecraft:crafting_table":10,"born_in_chaos_v1:dark_metal_deposit":1,"minecraft:jungle_log":2,"minecraft:tall_grass":5,"minecraft:cobblestone":23,"born_in_chaos_v1:chipped_black_argillite_brick":1,"minecraft:large_fern":1,"minecraft:fire":1,"biomesoplenty:toadstool":1,"minecraft:furnace":6,"minecraft:cobbled_deepslate":8,"minecraft:iron_ore":26,"minecraft:ice":1,"biomesoplenty:maple_leaves":1,"biomesoplenty:fir_log":2,"minecraft:grass":7,"minecraft:oak_log":18,"minecraft:coal_ore":39,"minecraft:deepslate_iron_ore":2,"minecraft:sand":5,"biomesoplenty:barley":28,"minecraft:stone":15,"minecraft:fern":1},"minecraft:picked_up":{"minecraft:coarse_dirt":5,"born_in_chaos_v1:corpse_maggot":12,"minecraft:crafting_table":10,"born_in_chaos_v1:monster_flesh":2,"born_in_chaos_v1:seedof_chaos":1,"minecraft:jungle_log":4,"minecraft:leather":2,"dynamictrees:spruce_seed":9,"biomesoplenty:fir_log":2,"minecraft:oak_log":20,"born_in_chaos_v1:bloody_gadfly_eye":1,"minecraft:acacia_boat":1,"minecraft:dirt":6,"minecraft:wooden_sword":1,"born_in_chaos_v1:monster_skin":1,"minecraft:bone":4,"minecraft:wheat_seeds":8,"minecraft:cobbled_deepslate":16,"minecraft:beef":1,"minecraft:iron_ingot":2,"born_in_chaos_v1:chipped_black_argillite_brick":1,"minecraft:oak_planks":1,"minecraft:furnace":6,"biomesoplenty:toadstool":1,"minecraft:stick":50,"minecraft:raw_iron":29,"born_in_chaos_v1:shattered_skull":2,"minecraft:porkchop":2,"born_in_chaos_v1:ethereal_spirit":4,"minecraft:sand":45,"born_in_chaos_v1:pieceofdarkmetal":9,"minecraft:spruce_log":71,"minecraft:dark_oak_log":3,"minecraft:mossy_cobblestone":1,"biomesoplenty:maple_sapling":4,"minecraft:arrow":2,"minecraft:rotten_flesh":14,"born_in_chaos_v1:fire_dust":1,"minecraft:bone_meal":1,"minecraft:coal":108,"minecraft:cod":13,"minecraft:cobblestone":35,"minecraft:wooden_axe":1},"minecraft:broken":{"minecraft:wooden_axe":1},"minecraft:crafted":{"minecraft:wooden_sword":1,"minecraft:cooked_cod":9,"minecraft:oak_planks":16,"minecraft:cooked_porkchop":2,"minecraft:crafting_table":2,"minecraft:spruce_planks":24,"minecraft:wooden_pickaxe":2,"minecraft:iron_helmet":1,"minecraft:iron_sword":1,"minecraft:furnace":2,"minecraft:stone_axe":2,"minecraft:air":0,"minecraft:iron_boots":1,"minecraft:iron_chestplate":1,"minecraft:shield":1,"minecraft:iron_axe":1,"born_in_chaos_v1:fried_maggot":6,"minecraft:stick":8,"minecraft:iron_ingot":27,"minecraft:stone_pickaxe":2,"minecraft:iron_pickaxe":1,"minecraft:wooden_axe":1,"minecraft:stone_sword":1,"minecraft:iron_leggings":1,"minecraft:torch":16,"born_in_chaos_v1:pileof_dark_metal":1}},"DataVersion":3465}