{"stats":{"minecraft:dropped":{"minecraft:wheat_seeds":2,"minecraft:wooden_sword":1},"minecraft:killed":{"minecraft:cow":1},"minecraft:custom":{"minecraft:time_since_rest":11338,"minecraft:interact_with_furnace":5,"minecraft:sprint_one_cm":61682,"minecraft:walk_one_cm":53746,"minecraft:damage_taken":822,"minecraft:mob_kills":1,"minecraft:drop":3,"minecraft:damage_dealt":293,"minecraft:interact_with_crafting_table":15,"minecraft:fly_one_cm":471529,"minecraft:crouch_one_cm":13601,"minecraft:play_time":42248,"minecraft:deaths":3,"minecraft:sneak_time":4320,"minecraft:walk_under_water_one_cm":10608,"minecraft:jump":940,"minecraft:leave_game":1,"minecraft:time_since_death":11309,"minecraft:walk_on_water_one_cm":533,"minecraft:total_world_time":42248,"minecraft:climb_one_cm":36,"minecraft:fall_one_cm":23878},"minecraft:used":{"minecraft:wooden_axe":3,"dynamictrees:spruce_seed":1,"minecraft:stone_pickaxe":27,"minecraft:iron_pickaxe":40,"minecraft:netherite_axe":11,"minecraft:wooden_pickaxe":6,"minecraft:stone_axe":5,"minecraft:mossy_cobblestone":1,"minecraft:crafting_table":7,"minecraft:furnace":2,"biomesoplenty:maple_sapling":4},"minecraft:mined":{"minecraft:furnace":1,"minecraft:mossy_cobblestone":1,"minecraft:iron_ore":10,"biomesoplenty:maple_leaves":1,"minecraft:crafting_table":6,"minecraft:coal_ore":31,"minecraft:oak_log":13,"minecraft:cobblestone":18,"minecraft:stone":11,"minecraft:fern":1},"minecraft:picked_up":{"minecraft:raw_iron":10,"minecraft:stick":34,"minecraft:crafting_table":6,"minecraft:leather":2,"dynamictrees:spruce_seed":6,"minecraft:oak_log":13,"minecraft:spruce_log":45,"minecraft:mossy_cobblestone":1,"minecraft:wooden_sword":1,"biomesoplenty:maple_sapling":4,"minecraft:wheat_seeds":2,"minecraft:beef":1,"minecraft:coal":31,"minecraft:oak_planks":1,"minecraft:cobblestone":29,"minecraft:furnace":1},"minecraft:crafted":{"minecraft:wooden_sword":1,"minecraft:oak_planks":16,"minecraft:crafting_table":2,"minecraft:spruce_planks":24,"minecraft:stick":8,"minecraft:iron_ingot":7,"minecraft:wooden_pickaxe":2,"minecraft:iron_pickaxe":1,"minecraft:stone_pickaxe":2,"minecraft:wooden_axe":1,"minecraft:stone_sword":1,"minecraft:iron_sword":1,"minecraft:furnace":1,"minecraft:stone_axe":2,"minecraft:air":0}},"DataVersion":3465}