{"stats":{"minecraft:killed":{"vampirism:vampire":4,"vampirism:advanced_vampire":2,"minecraft:spider":6,"minecraft:skeleton":2,"vampirism:advanced_hunter":3,"vampirism:vampire_baron":1,"naturalist:butterfly":1,"minecraft:creeper":2,"vampirism:hunter":21,"minecraft:zombie":9,"minecraft:cow":4,"minecraft:enderman":1},"minecraft:used":{"vampirism:altar_infusion":7,"minecraft:chest":1,"vampirism:blood_container":1,"mores:tanzanite_shield":2,"minecraft:dirt":5,"minecraft:diamond_helmet":2,"minecraft:milk_bucket":1,"sophisticatedbackpacks:diamond_backpack":8,"minecraft:wooden_axe":31,"vampirism:blood_pedestal":3,"minecraft:grass_block":2,"epicpaladins:moonlight_axe":54,"minecraft:diamond_chestplate":2,"minecraft:furnace":1,"epicpaladins:moonlight_hoe":5,"tombstone:gift":8,"epicpaladins:moonlight_sword":225,"vampirism:heart_striker_ultimate":1,"vampirism:weapon_table":1,"vampirism:coffin_gray":3,"vampirism:altar_inspiration":3,"minecraft:diamond_boots":2,"minecraft:stone_pickaxe":59,"minecraft:wooden_pickaxe":6,"vampirism:human_heart":3,"minecraft:golden_apple":1,"minecraft:crafting_table":3,"epicpaladins:moonlight_pickaxe":82,"minecraft:spruce_log":12,"vampirism:hunter_axe_ultimate":1,"minecraft:bread":21,"minecraft:iron_pickaxe":2,"vampirism:altar_pillar":15,"minecraft:cobblestone":1,"vampirism:altar_cleansing":1,"minecraft:coarse_dirt":2,"minecraft:diamond_leggings":2},"minecraft:picked_up":{"minecraft:crafting_table":1,"minecraft:coarse_dirt":4,"mores:sapphire_helmet":2,"minecraft:enchanted_book":1,"tombstone:grave_key":1,"vampirism:pure_salt_water":1,"mores:sapphire_leggings":2,"minecraft:string":9,"vampirism:obi_belt":2,"minecraft:beef":48,"dynamictrees:oak_seed":15,"minecraft:stick":38,"minecraft:raw_iron":34,"minecraft:sandstone":2,"minecraft:porkchop":3,"tombstone:grave_dust":3,"vampirism:vampire_fang":64,"vampirism:blood_bottle":7,"minecraft:arrow":1,"minecraft:rotten_flesh":20,"mores:sapphire_boots":2,"vampirism:altar_inspiration":1,"tombstone:essence_of_undeath":2,"mores:sapphire_chestplate":2,"minecraft:mutton":3,"minecraft:white_wool":3,"minecraft:cobblestone":32,"vampirism:pure_blood_4":1,"vampirism:weapon_table":1,"vampirism:vampire_book":1,"vampirism:vampire_blood_bottle":3,"minecraft:leather":24,"minecraft:oak_log":11,"minecraft:gunpowder":4,"minecraft:dirt":20,"minecraft:bone":2,"vampirism:human_heart":8,"minecraft:wheat_seeds":47,"minecraft:glass_bottle":7,"sophisticatedbackpacks:diamond_backpack":2,"minecraft:sweet_berries":36,"minecraft:sand":4,"minecraft:spruce_sapling":4,"minecraft:spruce_log":30,"minecraft:spider_eye":3,"vampirism:coffin_gray":2,"minecraft:bread":3,"minecraft:coal":79},"minecraft:custom":{"minecraft:mob_kills":66,"minecraft:interact_with_crafting_table":16,"vampirism:action_time_bat":958,"minecraft:damage_dealt_resisted":1382,"minecraft:leave_game":4,"minecraft:time_since_death":61476,"minecraft:climb_one_cm":258,"minecraft:damage_resisted":9,"vampirism:amount_bitten":202,"minecraft:sprint_one_cm":427622,"minecraft:walk_one_cm":307377,"minecraft:damage_blocked_by_shield":90,"vampirism:interact_with_coffin":1,"minecraft:drop":58,"vampirism:skills_unlocked":25,"minecraft:play_time":183831,"vampirism:interact_with_altar_inspiration":141,"minecraft:deaths":1,"minecraft:sneak_time":10418,"minecraft:walk_under_water_one_cm":1979,"minecraft:jump":3908,"minecraft:walk_on_water_one_cm":2288,"minecraft:total_world_time":183831,"vampirism:blood_drunk":52400,"minecraft:interact_with_furnace":17,"vampirism:altar_of_inspiration_rituals_performed":131,"vampirism:action_used_bat":3,"minecraft:sleep_in_bed":1,"vampirism:actions_used":3,"minecraft:time_since_rest":61543,"minecraft:damage_taken":93057,"minecraft:damage_absorbed":41,"minecraft:damage_dealt":19045,"minecraft:swim_one_cm":10716,"minecraft:fly_one_cm":1040576,"minecraft:player_kills":11,"minecraft:open_chest":10,"minecraft:crouch_one_cm":40563,"tombstone:undead_killed":11,"vampirism:items_filled_on_blood_pedestal":1,"minecraft:fall_one_cm":134303},"minecraft:mined":{"vampirism:altar_inspiration":1,"minecraft:grass_block":5,"vampirism:weapon_table":1,"minecraft:spruce_leaves":1,"dynamictrees:oak_leaves":1,"minecraft:iron_ore":34,"minecraft:stone":33,"minecraft:powder_snow":44,"minecraft:crafting_table":1,"vampirism:coffin_gray":1,"minecraft:tall_grass":44,"minecraft:coarse_dirt":2,"sophisticatedbackpacks:diamond_backpack":1,"minecraft:sweet_berry_bush":15,"minecraft:spruce_log":30,"minecraft:grass":54,"minecraft:coal_ore":79,"minecraft:sand":5,"minecraft:dirt":9,"minecraft:fern":1},"minecraft:crafted":{"minecraft:oak_planks":4,"minecraft:furnace":1,"minecraft:glass":9,"minecraft:iron_axe":1,"minecraft:stone_pickaxe":1,"minecraft:glass_bottle":6,"minecraft:crafting_table":1,"minecraft:spruce_planks":16,"minecraft:wooden_pickaxe":1,"minecraft:iron_sword":1,"minecraft:stone_axe":1,"minecraft:air":0,"minecraft:stick":12,"minecraft:iron_pickaxe":1,"minecraft:iron_ingot":8,"minecraft:wooden_axe":1,"minecraft:stone_sword":1},"minecraft:dropped":{"minecraft:wheat_seeds":39,"minecraft:oak_log":10,"vampirism:human_heart":4,"minecraft:glass_bottle":10,"vampirism:vampire_book":1,"minecraft:cobblestone":4,"minecraft:leather":1,"minecraft:stick":16,"minecraft:dirt":5,"mores:sapphire_leggings":1,"minecraft:string":9,"mores:sapphire_helmet":1,"mores:sapphire_chestplate":1,"mores:sapphire_boots":1,"dynamictrees:oak_seed":13,"vampirism:obi_belt":1,"minecraft:rotten_flesh":18,"minecraft:oak_planks":1,"vampirism:blood_bottle":2,"sophisticatedbackpacks:diamond_backpack":1,"vampirism:vampire_blood_bottle":1,"vampirism:vampire_fang":64,"minecraft:spider_eye":3,"tombstone:essence_of_undeath":1,"minecraft:glass":2,"minecraft:beef":21}},"DataVersion":3465}