{"stats":{"minecraft:killed_by":{"minecraft:skeleton":1},"minecraft:custom":{"minecraft:time_since_rest":40,"minecraft:deaths":2,"minecraft:play_time":1790,"minecraft:sprint_one_cm":2958,"minecraft:damage_taken":550,"minecraft:walk_one_cm":6483,"minecraft:mob_kills":1,"minecraft:jump":50,"minecraft:damage_dealt":155,"minecraft:leave_game":1,"minecraft:time_since_death":15,"minecraft:total_world_time":1790,"minecraft:fall_one_cm":3414,"minecraft:fly_one_cm":15219},"minecraft:killed":{"minecraft:pig":1},"minecraft:mined":{"minecraft:grass":2},"minecraft:picked_up":{"minecraft:chicken":7,"minecraft:feather":5,"minecraft:arrow":14,"minecraft:bone":14,"minecraft:glow_ink_sac":8,"minecraft:rotten_flesh":9,"minecraft:salmon":1,"minecraft:leather":8,"minecraft:wheat_seeds":3,"minecraft:peony":2,"minecraft:beef":21,"minecraft:porkchop":36,"minecraft:sand":14,"minecraft:rose_bush":1,"minecraft:gray_wool":1,"minecraft:ink_sac":17,"minecraft:light_gray_wool":1,"minecraft:rabbit":1,"minecraft:black_wool":1,"minecraft:mutton":9,"minecraft:white_wool":4,"minecraft:cornflower":3,"minecraft:dirt":24,"minecraft:oxeye_daisy":3}},"DataVersion":3120}