{"stats":{"minecraft:custom":{"minecraft:jump":62,"minecraft:time_since_rest":6027,"minecraft:leave_game":1,"minecraft:crouch_one_cm":46,"minecraft:sprint_one_cm":3410,"minecraft:play_time":6027,"minecraft:time_since_death":6027,"minecraft:walk_one_cm":4757,"minecraft:sneak_time":18,"minecraft:total_world_time":6027,"minecraft:fall_one_cm":209,"minecraft:fly_one_cm":4090},"minecraft:mined":{"minecraft:oak_log":7},"minecraft:picked_up":{"minecraft:oak_log":7},"minecraft:crafted":{"minecraft:crafting_table":1,"minecraft:oak_planks":28,"minecraft:stick":8}},"DataVersion":3465}