{"stats":{"minecraft:dropped":{"born_in_chaos_v1:ethereal_spirit":5,"minecraft:rotten_flesh":17,"minecraft:warped_roots":2,"dynamictrees:spruce_seed":12,"born_in_chaos_v1:pieceofdarkmetal":1,"minecraft:cornflower":1,"minecraft:howl_pottery_sherd":2,"minecraft:wooden_axe":1,"minecraft:cooked_cod":3,"minecraft:arrow":2,"minecraft:blue_orchid":1,"minecraft:wooden_pickaxe":1,"born_in_chaos_v1:supreme_measure":1,"minecraft:acacia_planks":1,"minecraft:brick":6,"minecraft:bone":1},"minecraft:killed":{"born_in_chaos_v1:fallen_chaos_knight":1,"born_in_chaos_v1:zombie_lumberjack":2,"born_in_chaos_v1:restless_spirit":2,"born_in_chaos_v1:skeleton_demoman":1,"minecraft:cod":6,"born_in_chaos_v1:zombie_bruiser":2,"born_in_chaos_v1:scarlet_persecutor":4,"born_in_chaos_v1:decrepit_skeleton":3,"born_in_chaos_v1:maggot":4,"minecraft:skeleton":4,"minecraft:sheep":7,"minecraft:zombie":9,"born_in_chaos_v1:dread_hound":2,"born_in_chaos_v1:corpse_fly":15,"born_in_chaos_v1:corpse_fish":1},"minecraft:custom":{"minecraft:interact_with_furnace":70,"minecraft:mob_kills":66,"minecraft:interact_with_crafting_table":22,"minecraft:leave_game":1,"minecraft:time_since_death":52318,"minecraft:climb_one_cm":106,"minecraft:time_since_rest":52318,"minecraft:sprint_one_cm":71052,"minecraft:damage_taken":929,"minecraft:walk_one_cm":91711,"minecraft:damage_blocked_by_shield":175,"minecraft:drop":26,"minecraft:damage_dealt":10433,"minecraft:swim_one_cm":4151,"minecraft:player_kills":3,"minecraft:fly_one_cm":112638,"minecraft:crouch_one_cm":3492,"minecraft:play_time":52318,"minecraft:sneak_time":1297,"minecraft:walk_under_water_one_cm":2207,"minecraft:boat_one_cm":20,"minecraft:jump":888,"minecraft:walk_on_water_one_cm":2023,"minecraft:total_world_time":52318,"minecraft:fall_one_cm":15960},"minecraft:used":{"minecraft:acacia_boat":3,"minecraft:cooked_mutton":10,"minecraft:stone_pickaxe":132,"minecraft:decorated_pot":1,"minecraft:shield":6,"minecraft:wooden_pickaxe":8,"minecraft:iron_sword":143,"born_in_chaos_v1:fried_maggot":8,"minecraft:rotten_flesh":4,"minecraft:mossy_cobblestone":1,"minecraft:dirt":3,"minecraft:crafting_table":5,"minecraft:tuff":1,"minecraft:snowball":13,"born_in_chaos_v1:supreme_measure":3,"minecraft:wooden_axe":9,"born_in_chaos_v1:monster_flesh":1,"minecraft:iron_pickaxe":27,"minecraft:stone_axe":37,"born_in_chaos_v1:rotten_fish":1,"minecraft:cooked_cod":3,"minecraft:furnace":2,"minecraft:bucket":1},"minecraft:mined":{"minecraft:large_amethyst_bud":2,"minecraft:mossy_cobblestone":1,"minecraft:crafting_table":4,"minecraft:decorated_pot":2,"minecraft:tall_grass":1,"minecraft:cobblestone":18,"minecraft:sugar_cane":7,"minecraft:furnace":3,"minecraft:iron_ore":47,"minecraft:andesite":1,"minecraft:grass":10,"minecraft:oak_log":7,"minecraft:coal_ore":65,"minecraft:gravel":1,"minecraft:stone":27},"minecraft:picked_up":{"born_in_chaos_v1:corpse_maggot":12,"minecraft:crafting_table":4,"born_in_chaos_v1:monster_flesh":1,"minecraft:jungle_log":2,"minecraft:andesite":2,"dynamictrees:spruce_seed":12,"minecraft:flint":1,"minecraft:brick":6,"minecraft:tuff":1,"minecraft:oak_log":8,"minecraft:chain":1,"minecraft:gunpowder":1,"minecraft:acacia_boat":2,"minecraft:cornflower":1,"minecraft:dirt":19,"born_in_chaos_v1:monster_skin":1,"minecraft:bone":7,"minecraft:blue_orchid":1,"minecraft:wheat_seeds":2,"minecraft:iron_ingot":1,"minecraft:light_gray_wool":1,"minecraft:sugar_cane":20,"minecraft:furnace":3,"minecraft:stick":31,"minecraft:raw_iron":47,"born_in_chaos_v1:ethereal_spirit":5,"minecraft:acacia_log":2,"minecraft:gravel":3,"minecraft:cherry_log":3,"born_in_chaos_v1:pieceofdarkmetal":1,"minecraft:spruce_log":29,"minecraft:mossy_cobblestone":1,"minecraft:howl_pottery_sherd":2,"born_in_chaos_v1:supreme_measure":1,"minecraft:arrow":2,"minecraft:rotten_flesh":21,"minecraft:cooked_cod":3,"minecraft:decorated_pot":1,"minecraft:bone_meal":1,"minecraft:warped_roots":2,"born_in_chaos_v1:rotten_fish":1,"minecraft:snowball":13,"minecraft:mutton":10,"minecraft:cod":10,"minecraft:coal":65,"minecraft:white_wool":6,"minecraft:cobblestone":46},"minecraft:crafted":{"minecraft:cherry_planks":12,"minecraft:cooked_cod":12,"minecraft:oak_planks":32,"minecraft:crafting_table":1,"minecraft:spruce_planks":116,"minecraft:wooden_pickaxe":1,"minecraft:iron_helmet":1,"minecraft:iron_sword":1,"minecraft:furnace":1,"minecraft:bucket":2,"minecraft:stone_axe":1,"minecraft:jungle_planks":8,"minecraft:acacia_boat":1,"minecraft:cooked_mutton":10,"minecraft:air":0,"minecraft:iron_chestplate":1,"minecraft:iron_boots":1,"minecraft:leather":2,"minecraft:shield":1,"minecraft:iron_axe":1,"born_in_chaos_v1:fried_maggot":11,"minecraft:stick":36,"minecraft:stone_pickaxe":1,"minecraft:iron_ingot":47,"minecraft:iron_pickaxe":2,"minecraft:wooden_axe":1,"minecraft:iron_leggings":1,"minecraft:white_bed":1,"minecraft:acacia_planks":8},"minecraft:broken":{"minecraft:stone_pickaxe":1}},"DataVersion":3465}