{"stats":{"minecraft:picked_up":{"vampirism:injection_garlic":1,"minecraft:crafting_table":14,"minecraft:string":2,"minecraft:iron_leggings":1,"mores:tourmaline_gem":12,"epicpaladins:bloodstone_gem":11,"minecraft:blackstone":117,"minecraft:cobbled_deepslate":10,"minecraft:beef":14,"dynamictrees:oak_seed":35,"minecraft:light_gray_wool":1,"minecraft:chest":2,"minecraft:furnace":10,"minecraft:stick":122,"minecraft:raw_iron":41,"epicpaladins:arclight_gem":10,"sophisticatedbackpacks:backpack":1,"minecraft:porkchop":2,"mores:topaz_gem":24,"tombstone:grave_dust":3,"vampirism:vampire_fang":1,"minecraft:carrot":1,"minecraft:stone_sword":1,"minecraft:arrow":4,"minecraft:rotten_flesh":17,"epicpaladins:cryorium_gem":9,"artifacts:snowshoes":1,"minecraft:hay_block":5,"minecraft:mutton":4,"minecraft:obsidian":10,"minecraft:snowball":90,"minecraft:white_wool":2,"minecraft:cobblestone":159,"minecraft:feather":1,"minecraft:lilac":1,"minecraft:leather":6,"minecraft:tuff":2,"minecraft:oak_log":45,"minecraft:gunpowder":5,"minecraft:lapis_lazuli":30,"minecraft:dirt":25,"minecraft:cooked_mutton":4,"minecraft:wheat_seeds":4,"mores:turquoise_gem":1,"minecraft:sweet_berries":16,"vampirism:fire_place":1,"mores:ruby_gem":1,"minecraft:amethyst_shard":16,"dynamictrees:acacia_seed":1,"minecraft:cyan_bed":1,"create:crimsite":20,"mores:sapphire_gem":5,"minecraft:diamond":14,"mores:anthracite":4,"minecraft:bread":5,"minecraft:coal":68},"minecraft:broken":{"minecraft:iron_pickaxe":1},"minecraft:killed_by":{"minecraft:player":1},"minecraft:crafted":{"minecraft:wooden_sword":1,"minecraft:oak_planks":180,"minecraft:furnace":2,"epicpaladins:bloodstone_sword":1,"mores:topaz_chestplate":1,"minecraft:diamond_leggings":1,"tombstone:grave_key":1,"mores:tourmaline_axe":1,"minecraft:stone_pickaxe":2,"minecraft:chest":2,"vampirism:stake":1,"mores:topaz_helmet":1,"minecraft:wheat":45,"minecraft:cooked_beef":14,"mores:topaz_dagger":1,"minecraft:cooked_porkchop":2,"minecraft:crafting_table":2,"minecraft:wooden_pickaxe":1,"mores:topaz_shovel":1,"minecraft:bucket":2,"mores:turquoise_shield":1,"minecraft:stone_axe":1,"mores:sapphire_shovel":1,"minecraft:bread":15,"minecraft:air":0,"minecraft:shield":1,"minecraft:diamond_pickaxe":1,"mores:tourmaline_pickaxe":2,"minecraft:stick":4,"minecraft:iron_ingot":41,"minecraft:iron_pickaxe":1,"mores:topaz_shield":1,"minecraft:wooden_axe":2,"minecraft:stone_sword":1,"minecraft:torch":32,"mores:sapphire_boots":1},"minecraft:used":{"minecraft:stone_sword":62,"minecraft:chest":2,"minecraft:shield":3,"mores:tourmaline_pickaxe":126,"minecraft:rotten_flesh":6,"minecraft:torch":15,"minecraft:dirt":16,"mores:tourmaline_axe":7,"minecraft:tuff":2,"minecraft:snowball":90,"minecraft:obsidian":3,"minecraft:wooden_axe":38,"minecraft:sweet_berries":13,"minecraft:furnace":9,"tombstone:gift":3,"minecraft:cooked_beef":14,"minecraft:cobbled_deepslate":9,"minecraft:cooked_mutton":4,"minecraft:water_bucket":11,"vampirism:fire_place":1,"minecraft:stone_pickaxe":101,"mores:topaz_shield":3,"minecraft:oak_planks":2,"mores:topaz_dagger":23,"minecraft:blackstone":75,"create:crimsite":20,"minecraft:wooden_pickaxe":32,"mores:turquoise_shield":2,"minecraft:crafting_table":15,"vampirism:stake":14,"mores:sapphire_shovel":9,"minecraft:diamond_pickaxe":34,"minecraft:bread":11,"minecraft:iron_pickaxe":254,"tombstone:grave_key":2,"minecraft:stone_axe":52,"minecraft:wooden_sword":1,"minecraft:cooked_porkchop":2,"epicpaladins:bloodstone_sword":72,"minecraft:bucket":13,"minecraft:diamond_leggings":1},"minecraft:dropped":{"minecraft:enchanted_book":1,"mores:topaz_shovel":1,"minecraft:wheat_seeds":4,"vampirism:stake":1,"minecraft:lilac":1,"minecraft:feather":1,"mores:topaz_shield":1,"epicpaladins:cryorium_gem":9,"tombstone:grave_dust":4,"minecraft:iron_leggings":1,"dynamictrees:acacia_seed":1,"epicpaladins:arclight_gem":10,"minecraft:stone_axe":1,"dynamictrees:oak_seed":35,"minecraft:stone_sword":2,"minecraft:cobbled_deepslate":1,"minecraft:rotten_flesh":11,"minecraft:light_gray_wool":1,"minecraft:shield":1,"minecraft:gunpowder":5,"vampirism:vampire_fang":1,"minecraft:arrow":4,"minecraft:stone_pickaxe":2,"mores:topaz_dagger":1},"minecraft:custom":{"minecraft:mob_kills":53,"minecraft:interact_with_crafting_table":40,"minecraft:open_barrel":2,"minecraft:damage_dealt_resisted":126,"minecraft:leave_game":7,"minecraft:time_since_death":21531,"minecraft:climb_one_cm":935,"minecraft:sprint_one_cm":257890,"minecraft:walk_one_cm":142865,"minecraft:damage_blocked_by_shield":365,"minecraft:drop":36,"vampirism:skills_unlocked":1,"minecraft:sneak_time":2998,"minecraft:play_time":112106,"minecraft:deaths":3,"minecraft:walk_under_water_one_cm":14954,"minecraft:jump":2172,"minecraft:walk_on_water_one_cm":26761,"minecraft:total_world_time":112106,"vampirism:interact_with_injection_chair":3,"minecraft:interact_with_furnace":46,"minecraft:time_since_rest":20133,"minecraft:damage_taken":2582,"minecraft:damage_dealt":11530,"minecraft:swim_one_cm":6528,"minecraft:fly_one_cm":658082,"minecraft:open_chest":1,"minecraft:crouch_one_cm":4327,"tombstone:undead_killed":28,"minecraft:fall_one_cm":56918},"minecraft:mined":{"minecraft:tuff":2,"minecraft:deepslate_diamond_ore":14,"minecraft:obsidian":10,"minecraft:spruce_leaves":2,"epicpaladins:deepslate_arclight_ore":10,"mores:deepslate_tourmaline_ore":12,"minecraft:furnace":10,"minecraft:iron_ore":16,"minecraft:fire":6,"minecraft:deepslate_lapis_ore":4,"vampirism:altar_infusion":1,"mores:deepslate_sapphire_ore":5,"minecraft:deepslate_iron_ore":25,"minecraft:stone":158,"minecraft:blackstone":118,"epicpaladins:deepslate_bloodstone_ore":11,"minecraft:amethyst_cluster":4,"mores:deepslate_anthracite_ore":4,"minecraft:powder_snow":1,"minecraft:crafting_table":15,"minecraft:chest":2,"minecraft:tall_grass":15,"minecraft:cobblestone":4,"minecraft:deepslate_coal_ore":11,"minecraft:cyan_bed":1,"mores:deepslate_turquoise_ore":1,"minecraft:seagrass":1,"mores:deepslate_ruby_ore":1,"minecraft:sweet_berry_bush":8,"epicpaladins:deepslate_cryorium_ore":9,"minecraft:lilac":1,"minecraft:birch_leaves":1,"minecraft:grass":24,"minecraft:coal_ore":57,"vampirism:fire_place":1,"minecraft:dirt":9,"create:crimsite":20,"mores:deepslate_topaz_ore":24,"minecraft:oak_leaves":1,"minecraft:deepslate":10},"minecraft:killed":{"vampirism:vampire":1,"vampirism:advanced_vampire":1,"minecraft:spider":1,"minecraft:skeleton":4,"minecraft:horse":3,"artifacts:mimic":1,"minecraft:pig":1,"naturalist:butterfly":1,"minecraft:creeper":3,"minecraft:sheep":3,"minecraft:zombie":24,"minecraft:cow":8}},"DataVersion":3465}