{"stats":{"minecraft:picked_up":{"minecraft:raw_iron":12,"minecraft:stick":110,"minecraft:crafting_table":3,"minecraft:leather":2,"sophisticatedbackpacks:backpack":1,"minecraft:porkchop":2,"minecraft:oak_log":37,"tombstone:grave_dust":2,"minecraft:dirt":9,"minecraft:string":2,"minecraft:iron_leggings":1,"minecraft:arrow":1,"minecraft:rotten_flesh":6,"minecraft:wheat_seeds":2,"minecraft:beef":5,"dynamictrees:oak_seed":30,"minecraft:coal":47,"minecraft:cobblestone":79,"minecraft:furnace":3},"minecraft:crafted":{"minecraft:cooked_beef":5,"minecraft:wooden_sword":1,"minecraft:oak_planks":148,"minecraft:cooked_porkchop":2,"minecraft:shield":1,"minecraft:crafting_table":2,"minecraft:iron_pickaxe":1,"minecraft:iron_ingot":12,"minecraft:wooden_pickaxe":1,"minecraft:stone_pickaxe":2,"minecraft:wooden_axe":2,"minecraft:stone_sword":1,"minecraft:furnace":1,"minecraft:bucket":1,"minecraft:stone_axe":1,"minecraft:air":0},"minecraft:used":{"minecraft:wooden_axe":38,"minecraft:stone_sword":7,"minecraft:stone_pickaxe":76,"minecraft:iron_pickaxe":36,"minecraft:wooden_pickaxe":32,"minecraft:stone_axe":7,"minecraft:wooden_sword":1,"minecraft:dirt":5,"minecraft:crafting_table":4,"minecraft:furnace":3,"minecraft:cooked_porkchop":2,"minecraft:bucket":1,"minecraft:cooked_beef":1},"minecraft:dropped":{"minecraft:wheat_seeds":1,"dynamictrees:oak_seed":30},"minecraft:custom":{"minecraft:time_since_rest":20766,"minecraft:interact_with_furnace":19,"minecraft:sprint_one_cm":46214,"minecraft:damage_taken":235,"minecraft:walk_one_cm":33773,"minecraft:mob_kills":8,"minecraft:drop":2,"minecraft:damage_dealt":1512,"minecraft:interact_with_crafting_table":8,"minecraft:fly_one_cm":51290,"minecraft:crouch_one_cm":1299,"minecraft:play_time":20766,"tombstone:undead_killed":4,"minecraft:sneak_time":441,"minecraft:jump":295,"minecraft:walk_on_water_one_cm":102,"minecraft:time_since_death":20766,"minecraft:total_world_time":20766,"minecraft:fall_one_cm":9252},"minecraft:mined":{"minecraft:furnace":3,"minecraft:iron_ore":12,"minecraft:crafting_table":3,"minecraft:grass":12,"minecraft:coal_ore":47,"minecraft:tall_grass":7,"minecraft:stone":82},"minecraft:killed":{"minecraft:skeleton":1,"minecraft:zombie":3,"minecraft:pig":1,"minecraft:spider":1,"minecraft:cow":2}},"DataVersion":3465}