{"stats":{"minecraft:dropped":{"born_in_chaos_v1:shattered_skull":1,"minecraft:wheat_seeds":1,"minecraft:warped_roots":2,"dynamictrees:spruce_seed":12,"born_in_chaos_v1:pieceofdarkmetal":4,"minecraft:cornflower":1,"minecraft:wooden_axe":1,"minecraft:cooked_cod":3,"minecraft:jungle_door":2,"minecraft:sand":2,"minecraft:acacia_planks":1,"minecraft:bone":11,"minecraft:gravel":3,"born_in_chaos_v1:ethereal_spirit":5,"minecraft:rotten_flesh":29,"minecraft:gunpowder":1,"minecraft:howl_pottery_sherd":2,"born_in_chaos_v1:corpse_maggot":11,"minecraft:arrow":2,"minecraft:blue_orchid":1,"minecraft:wooden_pickaxe":1,"born_in_chaos_v1:supreme_measure":1,"minecraft:brick":6},"minecraft:killed":{"born_in_chaos_v1:restless_spirit":2,"born_in_chaos_v1:zombie_lumberjack":3,"born_in_chaos_v1:skeleton_demoman":1,"minecraft:cod":6,"born_in_chaos_v1:zombie_bruiser":3,"born_in_chaos_v1:maggot":6,"born_in_chaos_v1:scarlet_persecutor":6,"minecraft:skeleton":4,"minecraft:chicken":1,"born_in_chaos_v1:corpse_fish":1,"born_in_chaos_v1:fallen_chaos_knight":1,"minecraft:pig":3,"born_in_chaos_v1:swarmer":1,"born_in_chaos_v1:decrepit_skeleton":3,"minecraft:sheep":9,"minecraft:pillager":2,"minecraft:zombie":12,"born_in_chaos_v1:dread_hound":2,"born_in_chaos_v1:corpse_fly":20,"born_in_chaos_v1:door_knight":1,"minecraft:cow":4},"minecraft:custom":{"minecraft:mob_kills":94,"minecraft:interact_with_crafting_table":23,"minecraft:damage_dealt_resisted":170,"minecraft:leave_game":2,"minecraft:time_since_death":70524,"minecraft:climb_one_cm":106,"minecraft:sprint_one_cm":103134,"minecraft:walk_one_cm":109744,"minecraft:damage_blocked_by_shield":280,"minecraft:drop":40,"minecraft:play_time":70524,"minecraft:sneak_time":1821,"minecraft:walk_under_water_one_cm":4097,"minecraft:boat_one_cm":60,"minecraft:jump":1274,"minecraft:walk_on_water_one_cm":4264,"minecraft:total_world_time":70524,"minecraft:interact_with_furnace":70,"minecraft:time_since_rest":70524,"minecraft:damage_taken":1302,"minecraft:damage_dealt":15199,"minecraft:swim_one_cm":48127,"minecraft:fly_one_cm":192694,"minecraft:player_kills":3,"minecraft:open_chest":7,"minecraft:crouch_one_cm":3862,"minecraft:fall_one_cm":25781},"minecraft:used":{"minecraft:flint_and_steel":18,"minecraft:decorated_pot":1,"minecraft:shield":10,"minecraft:iron_sword":258,"born_in_chaos_v1:fried_maggot":11,"minecraft:rotten_flesh":4,"minecraft:dirt":15,"minecraft:tuff":1,"minecraft:snowball":13,"born_in_chaos_v1:supreme_measure":3,"minecraft:wooden_axe":9,"minecraft:furnace":2,"minecraft:goat_horn":4,"minecraft:cooked_cod":11,"minecraft:cooked_mutton":10,"minecraft:acacia_boat":3,"minecraft:water_bucket":1,"minecraft:stone_pickaxe":132,"minecraft:wooden_pickaxe":8,"minecraft:sandstone":2,"minecraft:mossy_cobblestone":1,"minecraft:sand":4,"minecraft:tnt":1,"minecraft:crafting_table":6,"born_in_chaos_v1:monster_flesh":1,"minecraft:iron_pickaxe":27,"minecraft:stone_axe":45,"born_in_chaos_v1:rotten_fish":1,"minecraft:jungle_door":1,"minecraft:bucket":2},"minecraft:mined":{"minecraft:large_amethyst_bud":2,"minecraft:mossy_cobblestone":1,"minecraft:decorated_pot":2,"minecraft:furnace":3,"minecraft:iron_ore":47,"minecraft:fire":6,"minecraft:andesite":1,"biomesoplenty:barley":27,"minecraft:stone":27,"minecraft:crafting_table":4,"minecraft:tall_grass":3,"minecraft:cobblestone":18,"minecraft:sugar_cane":7,"minecraft:grass":18,"minecraft:coal_ore":65,"minecraft:oak_log":7,"minecraft:gravel":1,"minecraft:sand":9},"minecraft:picked_up":{"minecraft:crafting_table":4,"minecraft:chicken":1,"dynamictrees:spruce_seed":12,"minecraft:chain":1,"minecraft:brick":6,"minecraft:cornflower":1,"minecraft:blue_orchid":1,"minecraft:light_gray_wool":1,"minecraft:sugar_cane":20,"minecraft:furnace":3,"minecraft:raw_iron":47,"minecraft:stick":31,"minecraft:sandstone":32,"born_in_chaos_v1:shattered_skull":1,"minecraft:acacia_log":2,"minecraft:cherry_log":3,"born_in_chaos_v1:pieceofdarkmetal":4,"minecraft:howl_pottery_sherd":2,"minecraft:arrow":2,"minecraft:rotten_flesh":33,"minecraft:cooked_cod":3,"minecraft:decorated_pot":1,"minecraft:mutton":10,"minecraft:cod":10,"minecraft:snowball":13,"minecraft:white_wool":8,"minecraft:cobblestone":46,"born_in_chaos_v1:corpse_maggot":23,"minecraft:cooked_beef":9,"born_in_chaos_v1:monster_flesh":1,"minecraft:andesite":2,"minecraft:jungle_log":2,"minecraft:leather":3,"minecraft:flint":1,"minecraft:tuff":1,"minecraft:oak_log":8,"minecraft:gunpowder":1,"minecraft:acacia_boat":2,"minecraft:dirt":19,"born_in_chaos_v1:monster_skin":1,"minecraft:cooked_mutton":2,"minecraft:bone":10,"minecraft:wheat_seeds":3,"minecraft:iron_ingot":2,"minecraft:cooked_porkchop":7,"born_in_chaos_v1:ethereal_spirit":5,"minecraft:gravel":3,"minecraft:sand":6,"minecraft:spruce_log":29,"minecraft:mossy_cobblestone":1,"born_in_chaos_v1:supreme_measure":1,"minecraft:bone_meal":1,"minecraft:warped_roots":2,"born_in_chaos_v1:rotten_fish":1,"minecraft:coal":65},"minecraft:broken":{"minecraft:stone_pickaxe":1},"minecraft:crafted":{"minecraft:cherry_planks":12,"minecraft:oak_planks":32,"minecraft:furnace":1,"minecraft:cooked_mutton":10,"minecraft:flint_and_steel":1,"minecraft:iron_boots":1,"minecraft:leather":2,"minecraft:iron_axe":1,"born_in_chaos_v1:fried_maggot":11,"minecraft:stone_pickaxe":1,"minecraft:dark_oak_planks":16,"minecraft:cooked_cod":12,"minecraft:crafting_table":2,"minecraft:spruce_planks":116,"minecraft:wooden_pickaxe":1,"minecraft:iron_helmet":1,"minecraft:iron_sword":1,"minecraft:bucket":2,"minecraft:stone_axe":1,"minecraft:acacia_boat":1,"minecraft:air":0,"minecraft:jungle_planks":8,"minecraft:jungle_door":3,"minecraft:iron_chestplate":1,"minecraft:shield":1,"minecraft:stick":40,"minecraft:iron_ingot":47,"minecraft:iron_pickaxe":2,"minecraft:wooden_axe":1,"minecraft:iron_leggings":1,"minecraft:white_bed":1,"minecraft:acacia_planks":8}},"DataVersion":3465}