{"stats":{"minecraft:killed":{"minecraft:pig":1,"vampirism:advanced_vampire":1,"naturalist:butterfly":1,"minecraft:spider":1,"minecraft:creeper":1,"minecraft:sheep":1,"minecraft:skeleton":1,"minecraft:horse":3,"minecraft:zombie":12,"minecraft:cow":6},"minecraft:used":{"vampirism:fire_place":1,"minecraft:water_bucket":1,"minecraft:stone_sword":55,"minecraft:stone_pickaxe":99,"minecraft:wooden_pickaxe":32,"minecraft:shield":2,"minecraft:rotten_flesh":6,"minecraft:dirt":10,"minecraft:crafting_table":5,"vampirism:stake":14,"minecraft:snowball":90,"minecraft:wooden_axe":38,"minecraft:iron_pickaxe":47,"minecraft:stone_axe":39,"minecraft:wooden_sword":1,"minecraft:sweet_berries":13,"minecraft:furnace":3,"minecraft:cooked_porkchop":2,"minecraft:bucket":2,"tombstone:gift":2,"minecraft:cooked_beef":5},"minecraft:picked_up":{"minecraft:crafting_table":4,"minecraft:lilac":1,"minecraft:leather":6,"minecraft:oak_log":45,"minecraft:gunpowder":1,"minecraft:dirt":16,"minecraft:string":2,"minecraft:iron_leggings":1,"minecraft:wheat_seeds":4,"minecraft:beef":10,"dynamictrees:oak_seed":35,"minecraft:furnace":3,"minecraft:stick":122,"minecraft:raw_iron":12,"minecraft:sweet_berries":16,"vampirism:fire_place":1,"sophisticatedbackpacks:backpack":1,"minecraft:porkchop":2,"tombstone:grave_dust":2,"minecraft:stone_sword":1,"minecraft:arrow":1,"minecraft:rotten_flesh":14,"minecraft:mutton":2,"minecraft:coal":64,"minecraft:snowball":90,"minecraft:white_wool":1,"minecraft:cobblestone":95},"minecraft:custom":{"minecraft:interact_with_furnace":19,"minecraft:mob_kills":28,"minecraft:interact_with_crafting_table":9,"minecraft:leave_game":4,"minecraft:time_since_death":42489,"minecraft:time_since_rest":42489,"minecraft:sprint_one_cm":122817,"minecraft:damage_taken":374,"minecraft:walk_one_cm":78647,"minecraft:damage_blocked_by_shield":80,"minecraft:drop":3,"minecraft:damage_dealt":5852,"minecraft:fly_one_cm":208691,"minecraft:crouch_one_cm":1947,"tombstone:undead_killed":13,"minecraft:play_time":42489,"minecraft:sneak_time":1046,"minecraft:jump":993,"minecraft:walk_on_water_one_cm":123,"minecraft:total_world_time":42489,"minecraft:fall_one_cm":33361},"minecraft:mined":{"minecraft:powder_snow":1,"minecraft:crafting_table":4,"minecraft:tall_grass":15,"minecraft:cobblestone":4,"minecraft:deepslate_coal_ore":11,"minecraft:spruce_leaves":2,"minecraft:furnace":3,"minecraft:iron_ore":12,"minecraft:sweet_berry_bush":8,"minecraft:lilac":1,"minecraft:birch_leaves":1,"minecraft:grass":21,"minecraft:coal_ore":53,"vampirism:fire_place":1,"minecraft:stone":93,"minecraft:oak_leaves":1},"minecraft:crafted":{"minecraft:cooked_beef":5,"minecraft:wooden_sword":1,"minecraft:oak_planks":180,"minecraft:cooked_porkchop":2,"minecraft:crafting_table":2,"minecraft:wooden_pickaxe":1,"minecraft:furnace":1,"minecraft:bucket":1,"minecraft:stone_axe":1,"minecraft:air":0,"minecraft:shield":1,"minecraft:iron_ingot":12,"minecraft:iron_pickaxe":1,"minecraft:stone_pickaxe":2,"minecraft:wooden_axe":2,"minecraft:stone_sword":1,"vampirism:stake":1},"minecraft:dropped":{"minecraft:wheat_seeds":1,"dynamictrees:oak_seed":30,"minecraft:stone_sword":1}},"DataVersion":3465}