{"stats":{"minecraft:dropped":{"minecraft:wooden_axe":1,"minecraft:wooden_pickaxe":1,"dynamictrees:spruce_seed":9,"born_in_chaos_v1:supreme_measure":1},"minecraft:killed":{"minecraft:sheep":5,"born_in_chaos_v1:skeleton_demoman":1},"minecraft:custom":{"minecraft:time_since_rest":22318,"minecraft:interact_with_furnace":6,"minecraft:sprint_one_cm":29602,"minecraft:damage_taken":466,"minecraft:walk_one_cm":36525,"minecraft:mob_kills":6,"minecraft:drop":4,"minecraft:damage_dealt":1081,"minecraft:interact_with_crafting_table":7,"minecraft:fly_one_cm":38173,"minecraft:player_kills":3,"minecraft:crouch_one_cm":2272,"minecraft:play_time":22318,"minecraft:sneak_time":919,"minecraft:jump":320,"minecraft:leave_game":1,"minecraft:time_since_death":22318,"minecraft:total_world_time":22318,"minecraft:fall_one_cm":3916},"minecraft:used":{"minecraft:cooked_mutton":6,"born_in_chaos_v1:supreme_measure":3,"minecraft:wooden_axe":9,"minecraft:stone_pickaxe":41,"minecraft:wooden_pickaxe":8,"minecraft:stone_axe":20,"minecraft:mossy_cobblestone":1,"minecraft:crafting_table":3,"minecraft:furnace":1},"minecraft:mined":{"minecraft:furnace":1,"minecraft:mossy_cobblestone":1,"minecraft:iron_ore":3,"minecraft:andesite":1,"minecraft:crafting_table":3,"minecraft:grass":7,"minecraft:coal_ore":19,"minecraft:oak_log":7,"minecraft:gravel":1,"minecraft:tall_grass":1,"minecraft:cobblestone":8,"minecraft:stone":14},"minecraft:picked_up":{"minecraft:raw_iron":3,"minecraft:stick":26,"minecraft:crafting_table":3,"minecraft:andesite":1,"dynamictrees:spruce_seed":9,"minecraft:flint":1,"minecraft:oak_log":7,"minecraft:spruce_log":21,"minecraft:gunpowder":1,"minecraft:mossy_cobblestone":1,"born_in_chaos_v1:supreme_measure":1,"minecraft:bone":1,"minecraft:wheat_seeds":1,"minecraft:mutton":7,"minecraft:coal":19,"minecraft:white_wool":5,"minecraft:cobblestone":21,"minecraft:furnace":1},"minecraft:crafted":{"minecraft:oak_planks":28,"minecraft:shield":1,"minecraft:crafting_table":1,"minecraft:stick":8,"minecraft:spruce_planks":84,"minecraft:iron_ingot":3,"minecraft:wooden_pickaxe":1,"minecraft:stone_pickaxe":1,"minecraft:wooden_axe":1,"minecraft:iron_sword":1,"minecraft:furnace":1,"minecraft:stone_axe":1,"minecraft:air":0,"minecraft:cooked_mutton":7}},"DataVersion":3465}