{"stats":{"minecraft:crafted":{"minecraft:acacia_planks":28},"minecraft:mined":{"biomesoplenty:wildflower":1,"biomesoplenty:dune_grass":1},"minecraft:killed_by":{"spore:usurper":2,"spore:delusioner":1},"minecraft:picked_up":{"minecraft:stick":4,"minecraft:cooked_cod":3,"minecraft:acacia_log":7,"dynamictrees:acacia_seed":1,"gravestone:obituary":2,"biomesoplenty:wildflower":2,"minecraft:iron_boots":1},"minecraft:custom":{"minecraft:open_chest":1,"minecraft:time_since_rest":4301,"minecraft:crouch_one_cm":29,"minecraft:play_time":6316,"minecraft:sprint_one_cm":12283,"minecraft:damage_taken":1480,"minecraft:deaths":3,"minecraft:walk_one_cm":7840,"minecraft:sneak_time":78,"minecraft:walk_under_water_one_cm":435,"minecraft:drop":2,"minecraft:jump":74,"minecraft:damage_dealt":55,"minecraft:leave_game":2,"minecraft:time_since_death":4219,"minecraft:walk_on_water_one_cm":5419,"minecraft:total_world_time":6316,"minecraft:swim_one_cm":5052,"minecraft:fall_one_cm":5422,"minecraft:fly_one_cm":19863},"minecraft:used":{"minecraft:cooked_cod":3,"minecraft:iron_boots":1},"minecraft:dropped":{"gravestone:obituary":1,"biomesoplenty:wildflower":1}},"DataVersion":3120}