{"stats":{"minecraft:picked_up":{"vampirism:vampire_book":1,"vampirism:weapon_table":1,"vampirism:vampire_blood_bottle":3,"vampirism:item_tent":9,"minecraft:leather":3,"minecraft:oak_stairs":1,"minecraft:stone_brick_wall":1,"minecraft:stone_brick_stairs":1,"minecraft:oak_log":28,"minecraft:dirt":97,"minecraft:string":7,"minecraft:lantern":2,"minecraft:bone":3,"vampirism:human_heart":3,"minecraft:apple":2,"minecraft:wheat_seeds":19,"minecraft:spruce_planks":1,"comforts:sleeping_bag_white":1,"minecraft:beef":17,"dynamictrees:oak_seed":19,"minecraft:oak_planks":3,"minecraft:iron_sword":1,"minecraft:mossy_stone_brick_stairs":4,"sophisticatedbackpacks:diamond_backpack":1,"minecraft:egg":1,"minecraft:stick":33,"minecraft:raw_iron":14,"vampirism:fire_place":1,"minecraft:torch":1,"minecraft:sand":6,"tombstone:grave_dust":1,"vampirism:vampire_fang":3,"minecraft:spruce_log":1,"minecraft:spider_eye":3,"minecraft:andesite_wall":1,"minecraft:arrow":1,"minecraft:rotten_flesh":4,"minecraft:stone_axe":1,"minecraft:bread":49,"minecraft:white_wool":4,"minecraft:obsidian":1,"minecraft:mutton":2,"minecraft:coal":23,"minecraft:cobblestone":20,"minecraft:ender_pearl":1},"minecraft:crafted":{"minecraft:oak_planks":112,"minecraft:crafting_table":1,"minecraft:spruce_planks":128,"minecraft:chest":2},"minecraft:used":{"vampirism:fire_place":1,"minecraft:water_bucket":5,"minecraft:oak_planks":111,"minecraft:chest":2,"minecraft:ender_pearl":1,"minecraft:spruce_planks":19,"vampirism:human_heart":2,"mores:sapphire_chestplate":1,"epicpaladins:moonlight_shovel":76,"mores:tanzanite_shield":15,"minecraft:golden_apple":7,"minecraft:dirt":84,"minecraft:sand":6,"minecraft:crafting_table":2,"epicpaladins:moonlight_pickaxe":77,"mores:sapphire_boots":1,"minecraft:spruce_log":1,"minecraft:obsidian":11,"minecraft:lava_bucket":7,"minecraft:bread":92,"epicpaladins:moonlight_axe":22,"mores:sapphire_helmet":1,"minecraft:cobblestone":17,"minecraft:pufferfish_bucket":2,"minecraft:bucket":13,"epicpaladins:moonlight_hoe":2,"tombstone:gift":1,"comforts:sleeping_bag_white":1,"mores:sapphire_leggings":1,"epicpaladins:moonlight_sword":287},"minecraft:dropped":{"minecraft:bread":24,"minecraft:stone_axe":1,"minecraft:wheat_seeds":19,"dynamictrees:oak_seed":19,"vampirism:human_heart":1,"minecraft:raw_iron":3,"minecraft:cobblestone":3,"minecraft:rotten_flesh":4,"minecraft:andesite_wall":1,"minecraft:leather":3,"minecraft:mossy_stone_brick_stairs":2,"minecraft:dirt":13,"vampirism:vampire_blood_bottle":3,"minecraft:torch":1,"minecraft:spruce_planks":1,"minecraft:arrow":1,"minecraft:oak_stairs":1,"tombstone:grave_dust":2,"minecraft:spider_eye":2,"minecraft:beef":17,"minecraft:string":5,"minecraft:bone":3},"minecraft:custom":{"minecraft:mob_kills":45,"minecraft:interact_with_crafting_table":4,"minecraft:open_barrel":5,"minecraft:damage_dealt_resisted":1088,"minecraft:leave_game":3,"minecraft:time_since_death":31199,"minecraft:sleep_in_bed":1,"minecraft:climb_one_cm":2428,"minecraft:time_since_rest":30478,"minecraft:sprint_one_cm":410130,"vampirism:amount_bitten":47,"minecraft:damage_absorbed":224,"minecraft:damage_taken":298857,"minecraft:walk_one_cm":318431,"minecraft:damage_blocked_by_shield":530,"tombstone:sneak_grave":5,"vampirism:interact_with_coffin":2,"minecraft:drop":35,"vampirism:skills_unlocked":3,"minecraft:damage_dealt":14012,"minecraft:talked_to_villager":1,"minecraft:swim_one_cm":10305,"minecraft:damage_dealt_absorbed":18,"minecraft:fly_one_cm":480653,"minecraft:open_chest":10,"minecraft:crouch_one_cm":16479,"minecraft:play_time":132953,"tombstone:undead_killed":7,"minecraft:deaths":2,"minecraft:sneak_time":5448,"minecraft:walk_under_water_one_cm":574,"minecraft:jump":2676,"tombstone:villager_killed":1,"minecraft:walk_on_water_one_cm":5566,"minecraft:total_world_time":132953,"vampirism:blood_drunk":12400,"minecraft:fall_one_cm":78252,"minecraft:horse_one_cm":958},"minecraft:mined":{"minecraft:spruce_planks":1,"vampirism:tent_main":3,"minecraft:obsidian":2,"minecraft:grass_block":7,"minecraft:stone_brick_wall":1,"minecraft:andesite_wall":1,"vampirism:weapon_table":1,"minecraft:tall_grass":70,"minecraft:cobblestone":1,"minecraft:spruce_leaves":2,"minecraft:red_stained_glass_pane":3,"sophisticatedbackpacks:diamond_backpack":1,"minecraft:iron_ore":14,"minecraft:fire":1,"minecraft:spruce_log":1,"minecraft:bee_nest":1,"vampirism:tent":6,"minecraft:stone_brick_stairs":2,"minecraft:grass":122,"biomesoplenty:sea_oats":1,"minecraft:mossy_stone_brick_stairs":4,"minecraft:coal_ore":22,"minecraft:dirt_path":1,"vampirism:fire_place":1,"minecraft:oak_stairs":1,"minecraft:lantern":2,"minecraft:gravel":1,"minecraft:sand":5,"minecraft:dirt":54,"minecraft:stone":18,"minecraft:stone_bricks":2,"minecraft:fern":1},"minecraft:killed":{"vampirism:vampire":5,"vampirism:advanced_vampire":1,"minecraft:spider":8,"vampirism:hunter":7,"minecraft:skeleton":3,"minecraft:zombie":4,"minecraft:chicken":1,"vampirism:advanced_hunter":1,"vampirism:villager_converted":1,"minecraft:enderman":1,"minecraft:cow":1}},"DataVersion":3465}