{"stats":{"minecraft:dropped":{"minecraft:stone_axe":1,"minecraft:wheat_seeds":9,"dynamictrees:oak_seed":9,"vampirism:human_heart":1,"minecraft:rotten_flesh":4,"minecraft:dirt":13,"vampirism:vampire_blood_bottle":3,"minecraft:spider_eye":2,"minecraft:arrow":1,"minecraft:beef":14,"minecraft:string":3,"minecraft:bone":1},"minecraft:killed":{"vampirism:advanced_vampire":1,"minecraft:spider":3,"vampirism:hunter":3,"minecraft:skeleton":2,"minecraft:zombie":4,"minecraft:enderman":1,"minecraft:cow":1},"minecraft:used":{"minecraft:oak_planks":1,"minecraft:ender_pearl":1,"vampirism:human_heart":1,"mores:sapphire_chestplate":1,"epicpaladins:moonlight_shovel":74,"minecraft:golden_apple":3,"mores:tanzanite_shield":10,"minecraft:dirt":84,"minecraft:sand":6,"epicpaladins:moonlight_pickaxe":6,"mores:sapphire_boots":1,"minecraft:bread":91,"epicpaladins:moonlight_axe":9,"mores:sapphire_helmet":1,"minecraft:cobblestone":6,"epicpaladins:moonlight_hoe":1,"tombstone:gift":1,"comforts:sleeping_bag_white":1,"mores:sapphire_leggings":1,"epicpaladins:moonlight_sword":162},"minecraft:custom":{"minecraft:mob_kills":18,"minecraft:interact_with_crafting_table":2,"minecraft:damage_dealt_resisted":466,"minecraft:leave_game":2,"minecraft:time_since_death":65554,"minecraft:sleep_in_bed":1,"minecraft:time_since_rest":58269,"vampirism:amount_bitten":19,"minecraft:sprint_one_cm":151370,"minecraft:walk_one_cm":154982,"minecraft:damage_taken":100487,"minecraft:damage_absorbed":85,"minecraft:damage_blocked_by_shield":280,"tombstone:sneak_grave":5,"vampirism:interact_with_coffin":2,"minecraft:drop":19,"vampirism:skills_unlocked":1,"minecraft:damage_dealt":7521,"minecraft:swim_one_cm":10305,"minecraft:fly_one_cm":246460,"minecraft:crouch_one_cm":5382,"minecraft:play_time":65554,"tombstone:undead_killed":6,"minecraft:sneak_time":1871,"minecraft:walk_under_water_one_cm":528,"minecraft:jump":1385,"minecraft:walk_on_water_one_cm":2706,"minecraft:total_world_time":65554,"vampirism:blood_drunk":2500,"minecraft:fall_one_cm":51500,"minecraft:horse_one_cm":958},"minecraft:mined":{"vampirism:tent_main":1,"minecraft:grass_block":6,"minecraft:tall_grass":55,"sophisticatedbackpacks:diamond_backpack":1,"minecraft:bee_nest":1,"vampirism:tent":1,"biomesoplenty:sea_oats":1,"minecraft:grass":98,"minecraft:dirt_path":1,"vampirism:fire_place":1,"minecraft:sand":5,"minecraft:dirt":54,"minecraft:stone":6,"minecraft:fern":1},"minecraft:picked_up":{"vampirism:vampire_book":1,"vampirism:vampire_blood_bottle":3,"vampirism:item_tent":2,"minecraft:oak_log":20,"minecraft:string":3,"minecraft:dirt":97,"minecraft:bone":3,"vampirism:human_heart":2,"minecraft:wheat_seeds":16,"comforts:sleeping_bag_white":1,"minecraft:beef":16,"dynamictrees:oak_seed":9,"minecraft:oak_planks":1,"sophisticatedbackpacks:diamond_backpack":1,"minecraft:stick":20,"vampirism:fire_place":1,"minecraft:sand":6,"tombstone:grave_dust":1,"vampirism:vampire_fang":2,"minecraft:spider_eye":2,"minecraft:arrow":1,"minecraft:rotten_flesh":4,"minecraft:stone_axe":1,"minecraft:bread":23,"minecraft:cobblestone":6,"minecraft:ender_pearl":1}},"DataVersion":3465}