{"stats":{"minecraft:used":{"minecraft:beetroot":4,"minecraft:iron_bars":2,"mores:silver_battleaxe":61,"minecraft:chest":1,"minecraft:spruce_planks":17,"minecraft:shield":39,"dynamictrees:oak_seed":1,"minecraft:cooked_salmon":12,"minecraft:cooked_chicken":4,"minecraft:iron_chestplate":1,"minecraft:dirt":1,"minecraft:mutton":5,"minecraft:carrot":20,"minecraft:dark_oak_planks":2,"minecraft:iron_axe":153,"moonsweaponry:iron_greatsword":63,"minecraft:iron_helmet":1,"minecraft:smooth_basalt":5,"minecraft:sweet_berries":1,"minecraft:furnace":5,"tombstone:gift":7,"minecraft:egg":3,"minecraft:stone_pickaxe":28,"minecraft:oak_planks":15,"minecraft:blackstone":2,"minecraft:wooden_pickaxe":3,"minecraft:leather_boots":1,"born_in_chaos_v1:stimulating_decoction":1,"minecraft:salmon":2,"minecraft:glow_berries":3,"minecraft:crafting_table":7,"born_in_chaos_v1:cultivated_pumpkin":3,"born_in_chaos_v1:holiday_candy":5,"minecraft:bread":14,"minecraft:string":1,"minecraft:iron_pickaxe":159,"minecraft:leather_helmet":1,"moonsweaponry:iron_rapier":12,"minecraft:cobblestone":52,"minecraft:white_banner":2,"minecraft:cooked_porkchop":2,"minecraft:andesite":33},"minecraft:dropped":{"minecraft:iron_ingot":5,"minecraft:enchanted_book":2,"mores:sterling_chestplate":1,"born_in_chaos_v1:shattered_skull":1,"minecraft:shelter_pottery_sherd":3,"minecraft:wheat_seeds":1,"minecraft:oak_log":1,"minecraft:glow_ink_sac":3,"minecraft:glass_bottle":1,"minecraft:feather":3,"minecraft:lead":1,"born_in_chaos_v1:holiday_candy":5,"minecraft:poisonous_potato":5,"minecraft:cobblestone":1,"minecraft:iron_helmet":2,"born_in_chaos_v1:pieceofdarkmetal":1,"minecraft:copper_ingot":4,"minecraft:stick":7,"mores:tin_helmet":1,"born_in_chaos_v1:monster_flesh":2,"minecraft:dirt":1,"born_in_chaos_v1:gnawed_bones":1,"minecraft:dark_oak_log":1,"minecraft:ink_sac":4,"born_in_chaos_v1:monster_skin":2,"minecraft:rose_bush":1,"minecraft:cooked_salmon":3,"minecraft:bone_meal":1,"minecraft:iron_axe":1,"minecraft:bucket":1,"epicpaladins:arclight_gem":1,"minecraft:bone":16,"minecraft:sweet_berries":3,"mores:anthracite":2,"minecraft:blackstone":13,"dynamictrees:oak_seed":9,"minecraft:cobbled_deepslate":7,"mores:raw_tin":3,"minecraft:raw_iron":3,"born_in_chaos_v1:ethereal_spirit":4,"minecraft:rotten_flesh":47,"born_in_chaos_v1:smoked_flesh":20,"minecraft:iron_boots":2,"sophisticatedbackpacks:backpack":1,"born_in_chaos_v1:spiritual_dust":3,"mores:tin_boots":1,"minecraft:pumpkin_seeds":9,"minecraft:shield":2,"minecraft:gunpowder":2,"mores:tin_chestplate":1,"mores:raw_silver":6,"born_in_chaos_v1:corpse_maggot":5,"minecraft:leather_boots":1,"minecraft:andesite":12,"minecraft:barrel":5,"minecraft:slime_ball":1,"minecraft:wooden_pickaxe":2,"minecraft:stone_pickaxe":4,"mores:tin_leggings":1,"minecraft:bread":4},"minecraft:crafted":{"minecraft:oak_planks":88,"minecraft:cooked_chicken":4,"minecraft:furnace":2,"minecraft:bone_meal":30,"minecraft:iron_boots":1,"minecraft:iron_axe":1,"minecraft:stone_pickaxe":1,"minecraft:wheat":45,"minecraft:cooked_porkchop":2,"minecraft:crafting_table":2,"minecraft:spruce_planks":52,"minecraft:wooden_pickaxe":1,"minecraft:cooked_salmon":13,"minecraft:bread":15,"minecraft:air":0,"minecraft:iron_chestplate":1,"minecraft:shield":2,"minecraft:stick":12,"born_in_chaos_v1:smoked_flesh":9,"minecraft:iron_ingot":21,"minecraft:iron_pickaxe":1},"minecraft:killed":{"born_in_chaos_v1:zombie_clown":1,"born_in_chaos_v1:restless_spirit":1,"born_in_chaos_v1:skeleton_demoman":1,"born_in_chaos_v1:zombie_clown_not_despawn":1,"minecraft:spider":2,"minecraft:zombie_horse":2,"born_in_chaos_v1:baby_skeleton_minion":1,"born_in_chaos_v1:maggot":6,"minecraft:skeleton":4,"minecraft:chicken":2,"born_in_chaos_v1:bonescaller":1,"minecraft:pig":4,"born_in_chaos_v1:baby_skeleton":1,"minecraft:salmon":15,"minecraft:creeper":1,"born_in_chaos_v1:decrepit_skeleton":4,"minecraft:sheep":7,"minecraft:zombie":25,"born_in_chaos_v1:dread_hound":2,"born_in_chaos_v1:corpse_fly":5,"born_in_chaos_v1:door_knight":1,"minecraft:villager":1},"minecraft:custom":{"minecraft:mob_kills":90,"minecraft:interact_with_crafting_table":24,"minecraft:open_barrel":52,"minecraft:damage_dealt_resisted":687,"minecraft:leave_game":5,"minecraft:time_since_death":0,"minecraft:climb_one_cm":2493,"minecraft:damage_resisted":825,"minecraft:sprint_one_cm":396528,"minecraft:walk_one_cm":280710,"minecraft:damage_blocked_by_shield":1125,"minecraft:drop":114,"minecraft:talked_to_villager":1,"minecraft:play_time":132582,"minecraft:deaths":12,"minecraft:sneak_time":4744,"minecraft:walk_under_water_one_cm":11566,"minecraft:jump":3052,"minecraft:interact_with_blast_furnace":1,"minecraft:walk_on_water_one_cm":13390,"minecraft:total_world_time":132582,"minecraft:interact_with_furnace":51,"minecraft:sleep_in_bed":2,"minecraft:time_since_rest":0,"minecraft:damage_taken":6744,"minecraft:damage_dealt":13937,"minecraft:swim_one_cm":32673,"minecraft:fly_one_cm":474838,"minecraft:open_chest":8,"minecraft:crouch_one_cm":9805,"tombstone:undead_killed":42,"tombstone:villager_killed":1,"minecraft:interact_with_smoker":3,"minecraft:fall_one_cm":77272},"minecraft:broken":{"minecraft:leather_helmet":1,"minecraft:iron_axe":1},"minecraft:picked_up":{"minecraft:crafting_table":6,"minecraft:shelter_pottery_sherd":3,"minecraft:iron_chestplate":1,"minecraft:chicken":4,"minecraft:lead":1,"minecraft:wooden_pickaxe":1,"mores:tin_helmet":2,"minecraft:enchanted_book":4,"minecraft:shield":3,"minecraft:brick":9,"born_in_chaos_v1:holiday_candy":20,"minecraft:string":5,"minecraft:iron_axe":2,"minecraft:cooked_salmon":2,"minecraft:blackstone":31,"minecraft:beetroot":4,"moonsweaponry:iron_rapier":3,"moonsweaponry:iron_greatsword":6,"minecraft:cobbled_deepslate":7,"minecraft:bucket":2,"minecraft:spruce_planks":11,"mores:silver_battleaxe":3,"minecraft:rose_bush":1,"born_in_chaos_v1:gnawed_bones":1,"dynamictrees:oak_seed":10,"minecraft:iron_pickaxe":2,"born_in_chaos_v1:stimulating_decoction":1,"minecraft:chest":7,"minecraft:furnace":4,"minecraft:iron_boots":5,"minecraft:egg":4,"minecraft:stick":45,"minecraft:raw_iron":46,"born_in_chaos_v1:shattered_skull":4,"epicpaladins:arclight_gem":1,"minecraft:copper_ingot":3,"minecraft:porkchop":8,"sophisticatedbackpacks:backpack":3,"mores:topaz_gem":1,"tombstone:grave_dust":41,"minecraft:carrot":3,"born_in_chaos_v1:pieceofdarkmetal":4,"mores:tin_boots":2,"minecraft:dark_oak_planks":2,"mores:raw_tin":3,"minecraft:rotten_flesh":51,"minecraft:hay_block":5,"minecraft:saddle":3,"born_in_chaos_v1:cultivated_pumpkin":14,"minecraft:glow_berries":2,"minecraft:mutton":9,"minecraft:iron_bars":2,"minecraft:white_wool":15,"minecraft:cobblestone":77,"born_in_chaos_v1:fused_bone":4,"born_in_chaos_v1:corpse_maggot":5,"minecraft:feather":3,"born_in_chaos_v1:monster_flesh":2,"minecraft:glow_ink_sac":3,"born_in_chaos_v1:spiritual_dust":3,"minecraft:andesite":45,"minecraft:salmon":15,"mores:tin_leggings":1,"minecraft:oak_log":23,"minecraft:gunpowder":2,"minecraft:lapis_lazuli":45,"tombstone:gift":1,"minecraft:dirt":2,"minecraft:white_banner":4,"born_in_chaos_v1:monster_skin":2,"minecraft:leather_boots":1,"minecraft:bone":26,"mores:sterling_chestplate":3,"minecraft:wheat_seeds":1,"minecraft:stone_pickaxe":4,"born_in_chaos_v1:smoked_flesh":10,"minecraft:iron_ingot":14,"minecraft:oak_planks":2,"minecraft:smooth_basalt":11,"minecraft:sweet_berries":3,"born_in_chaos_v1:ethereal_spirit":4,"minecraft:poisonous_potato":5,"minecraft:ink_sac":4,"minecraft:spruce_log":13,"minecraft:dark_oak_log":1,"minecraft:trapped_chest":3,"minecraft:barrel":5,"minecraft:leather_helmet":1,"mores:tin_chestplate":1,"minecraft:pumpkin_seeds":9,"minecraft:sugar":32,"minecraft:slime_ball":1,"minecraft:diamond":3,"mores:anthracite":2,"minecraft:iron_helmet":6,"minecraft:bone_meal":97,"minecraft:bread":3,"minecraft:netherrack":1,"mores:raw_silver":6,"minecraft:melon_seeds":3,"minecraft:coal":20},"minecraft:killed_by":{"minecraft:player":6},"minecraft:mined":{"create:zinc_ore":5,"minecraft:spruce_planks":2,"minecraft:deepslate_diamond_ore":1,"minecraft:decorated_pot":1,"born_in_chaos_v1:gnawed_bones":1,"minecraft:large_fern":2,"minecraft:hay_block":5,"minecraft:furnace":4,"minecraft:cobbled_deepslate":3,"minecraft:iron_ore":30,"minecraft:fire":6,"minecraft:barrel":5,"minecraft:andesite":23,"minecraft:deepslate_lapis_ore":1,"minecraft:vine":1,"minecraft:deepslate_iron_ore":7,"minecraft:iron_bars":2,"minecraft:stone":55,"minecraft:white_banner":1,"minecraft:blackstone":2,"minecraft:crafting_table":6,"minecraft:torch":1,"minecraft:chest":3,"minecraft:rose_bush":1,"minecraft:tall_grass":2,"minecraft:cobblestone":25,"biomesoplenty:sprout":6,"minecraft:oak_planks":2,"minecraft:seagrass":1,"minecraft:purple_bed":1,"dynamictrees:birch_leaves":1,"minecraft:spruce_log":13,"biomesoplenty:maple_leaves":2,"minecraft:white_wall_banner":1,"minecraft:grass":12,"minecraft:coal_ore":8,"minecraft:sand":1,"minecraft:dirt":2,"mores:silver_ore":7,"mores:deepslate_topaz_ore":2,"epicpaladins:arclight_ore":1,"minecraft:deepslate":2,"minecraft:fern":1}},"DataVersion":3465}