{"stats":{"minecraft:custom":{"minecraft:mob_kills":82,"vampirism:interact_with_altar_of_infusion":3,"minecraft:interact_with_crafting_table":15,"minecraft:open_barrel":5,"minecraft:damage_dealt_resisted":2112,"minecraft:leave_game":6,"minecraft:time_since_death":116115,"minecraft:climb_one_cm":3691,"vampirism:amount_bitten":122,"minecraft:sprint_one_cm":805510,"minecraft:walk_one_cm":539065,"minecraft:damage_blocked_by_shield":1637,"vampirism:interact_with_coffin":2,"minecraft:drop":59,"vampirism:skills_unlocked":3,"minecraft:damage_dealt_absorbed":18,"minecraft:talked_to_villager":1,"minecraft:play_time":217869,"vampirism:interact_with_altar_inspiration":9,"minecraft:deaths":2,"minecraft:sneak_time":13860,"minecraft:walk_under_water_one_cm":16148,"minecraft:jump":4310,"minecraft:walk_on_water_one_cm":27542,"minecraft:total_world_time":217869,"vampirism:blood_drunk":37500,"vampirism:altar_of_inspiration_rituals_performed":59,"minecraft:interact_with_furnace":22,"minecraft:sleep_in_bed":1,"minecraft:time_since_rest":115394,"minecraft:damage_taken":399311,"minecraft:damage_absorbed":463,"tombstone:sneak_grave":5,"minecraft:damage_dealt":20648,"minecraft:swim_one_cm":46879,"minecraft:fly_one_cm":881083,"minecraft:open_chest":12,"minecraft:crouch_one_cm":53635,"tombstone:undead_killed":10,"tombstone:villager_killed":1,"minecraft:fall_one_cm":120760,"minecraft:horse_one_cm":958},"minecraft:mined":{"minecraft:spruce_planks":98,"biomesoplenty:white_sand":38,"minecraft:obsidian":3,"minecraft:stone_brick_wall":1,"minecraft:grass_block":8,"minecraft:decorated_pot":1,"biomesoplenty:flowering_oak_leaves":1,"vampirism:weapon_table":1,"minecraft:spruce_leaves":2,"minecraft:red_stained_glass_pane":3,"minecraft:iron_ore":14,"minecraft:fire":1,"vampirism:tent":7,"biomesoplenty:sea_oats":1,"minecraft:mossy_stone_brick_stairs":4,"minecraft:dirt_path":1,"minecraft:oak_stairs":1,"minecraft:lantern":2,"minecraft:stone":48,"sophisticatedbackpacks:backpack":1,"vampirism:tent_main":5,"minecraft:andesite_wall":1,"minecraft:glass":6,"minecraft:tall_grass":70,"minecraft:cobblestone":31,"biomesoplenty:sprout":2,"sophisticatedbackpacks:diamond_backpack":1,"minecraft:spruce_log":1,"minecraft:bee_nest":1,"minecraft:stone_brick_stairs":2,"minecraft:grass":129,"minecraft:oak_log":4,"minecraft:coal_ore":22,"vampirism:fire_place":1,"minecraft:sand":5,"minecraft:gravel":1,"minecraft:dirt":56,"minecraft:stone_bricks":2,"minecraft:oak_leaves":1,"minecraft:fern":8},"minecraft:dropped":{"minecraft:bread":24,"minecraft:wheat_seeds":19,"vampirism:human_heart":1,"minecraft:glass_bottle":1,"minecraft:decorated_pot":1,"minecraft:cobblestone":3,"minecraft:andesite_wall":1,"minecraft:leather":3,"minecraft:mossy_stone_brick_stairs":2,"minecraft:dirt":13,"minecraft:torch":1,"minecraft:mutton":2,"tombstone:grave_dust":2,"minecraft:potion":1,"minecraft:oak_stairs":1,"minecraft:phantom_membrane":2,"minecraft:string":9,"minecraft:white_wool":4,"minecraft:bone":6,"minecraft:white_tulip":3,"minecraft:stone_axe":1,"minecraft:compass":1,"dynamictrees:oak_seed":19,"minecraft:obsidian":1,"minecraft:raw_iron":3,"minecraft:rotten_flesh":4,"sophisticatedbackpacks:backpack":1,"minecraft:salmon":1,"vampirism:vampire_blood_bottle":6,"minecraft:spruce_trapdoor":1,"minecraft:spruce_planks":47,"minecraft:spider_eye":2,"minecraft:arrow":2,"minecraft:beef":17},"minecraft:killed":{"vampirism:vampire":6,"vampirism:advanced_vampire":3,"minecraft:spider":10,"naturalist:coral_snake":1,"minecraft:skeleton":6,"minecraft:chicken":1,"vampirism:advanced_hunter":1,"vampirism:villager_converted":1,"naturalist:lizard_tail":1,"vampirism:converted_cow":1,"minecraft:creeper":1,"vampirism:hunter":11,"minecraft:zombie":4,"minecraft:enderman":1,"minecraft:cow":1},"minecraft:used":{"minecraft:decorated_pot":1,"minecraft:spruce_planks":769,"minecraft:chest":2,"mores:sapphire_chestplate":1,"biomesoplenty:white_sand":3,"epicpaladins:moonlight_shovel":118,"mores:tanzanite_shield":43,"minecraft:dirt":84,"minecraft:mutton":1,"minecraft:obsidian":11,"minecraft:glass":6,"minecraft:lava_bucket":7,"epicpaladins:moonlight_axe":130,"epicpaladins:moonlight_hoe":2,"tombstone:gift":3,"comforts:sleeping_bag_white":1,"mores:sapphire_leggings":1,"epicpaladins:moonlight_sword":428,"minecraft:water_bucket":5,"vampirism:fire_place":1,"vampirism:altar_inspiration":1,"minecraft:glass_bottle":14,"minecraft:oak_planks":113,"minecraft:ender_pearl":1,"vampirism:human_heart":4,"minecraft:golden_apple":13,"minecraft:sand":6,"minecraft:crafting_table":3,"epicpaladins:moonlight_pickaxe":138,"mores:sapphire_boots":1,"minecraft:spruce_log":17,"sophisticatedbackpacks:backpack":1,"minecraft:bread":92,"dynamictrees:acacia_seed":1,"mores:sapphire_helmet":1,"minecraft:potion":14,"minecraft:cobblestone":57,"minecraft:pufferfish_bucket":2,"minecraft:bucket":14,"minecraft:glass_pane":22,"minecraft:air":10},"minecraft:picked_up":{"minecraft:oak_stairs":1,"minecraft:stone_brick_wall":1,"minecraft:stone_brick_stairs":1,"minecraft:string":11,"minecraft:compass":1,"comforts:sleeping_bag_white":1,"minecraft:spruce_planks":139,"minecraft:beef":22,"minecraft:white_tulip":3,"dynamictrees:oak_seed":19,"minecraft:light_gray_wool":1,"minecraft:spruce_trapdoor":1,"minecraft:phantom_membrane":2,"minecraft:egg":2,"minecraft:stick":35,"minecraft:raw_iron":14,"minecraft:torch":1,"sophisticatedbackpacks:backpack":2,"minecraft:porkchop":2,"tombstone:grave_dust":1,"vampirism:vampire_fang":3,"minecraft:andesite_wall":1,"minecraft:arrow":2,"minecraft:rotten_flesh":4,"minecraft:decorated_pot":2,"tombstone:essence_of_undeath":1,"minecraft:mutton":10,"minecraft:obsidian":3,"minecraft:white_wool":8,"minecraft:cobblestone":87,"vampirism:vampire_blood_bottle":8,"biomesoplenty:white_sand":38,"vampirism:weapon_table":1,"vampirism:vampire_book":1,"vampirism:item_tent":11,"minecraft:leather":3,"minecraft:oak_log":33,"naturalist:lizard_tail":1,"minecraft:dirt":107,"minecraft:lantern":2,"minecraft:bone":6,"vampirism:human_heart":6,"minecraft:apple":2,"minecraft:wheat_seeds":19,"minecraft:glass_bottle":10,"minecraft:iron_sword":1,"minecraft:oak_planks":62,"minecraft:mossy_stone_brick_stairs":4,"sophisticatedbackpacks:diamond_backpack":1,"vampirism:fire_place":1,"minecraft:sand":6,"dynamictrees:acacia_seed":1,"minecraft:spruce_log":1,"minecraft:spider_eye":4,"minecraft:stone_axe":1,"minecraft:bread":55,"minecraft:coal":43,"minecraft:ender_pearl":1},"minecraft:crafted":{"minecraft:oak_planks":128,"minecraft:glass_pane":32,"minecraft:glass":35,"vampirism:altar_inspiration":1,"minecraft:chest":2,"minecraft:crafting_table":2,"minecraft:spruce_planks":704,"minecraft:air":0,"vampirism:blood_container":1}},"DataVersion":3465}