{"stats":{"minecraft:broken":{"minecraft:stone_pickaxe":1,"minecraft:wooden_axe":1},"minecraft:crafted":{"minecraft:oak_planks":20,"minecraft:birch_boat":3,"farmersdelight:rope":4,"extendedgears:large_shaftless_cogwheel":1,"smallships:sail":2,"minecraft:glass":14,"extendedgears:large_half_shaft_cogwheel":1,"create:mechanical_press":1,"minecraft:chest":7,"create_things_and_misc:copper_knife":1,"create:cogwheel":8,"minecraft:smoker":1,"create:depot":1,"minecraft:wooden_shovel":1,"extendedgears:half_shaft_cogwheel":1,"minecraft:cooked_porkchop":2,"minecraft:crafting_table":5,"minecraft:spruce_planks":104,"comforts:sleeping_bag_green":1,"farmersdelight:iron_knife":1,"minecraft:wooden_pickaxe":1,"travelersbackpack:standard":1,"minecraft:copper_ingot":2,"minecraft:gold_block":3,"minecraft:birch_planks":52,"biomesoplenty:fir_planks":68,"minecraft:emerald_block":2,"minecraft:iron_chestplate":1,"minecraft:diamond_pickaxe":1,"create:water_wheel":3,"minecraft:shield":1,"minecraft:stick":12,"minecraft:iron_ingot":99,"minecraft:iron_pickaxe":1,"minecraft:iron_block":10,"minecraft:gold_ingot":9,"create:large_cogwheel":8,"create:wrench":1,"minecraft:iron_nugget":450,"minecraft:spruce_button":1,"comforts:sleeping_bag_white":1,"minecraft:furnace":4,"minecraft:diamond_block":7,"minecraft:lantern":4,"minecraft:iron_axe":1,"minecraft:birch_chest_boat":3,"minecraft:stone_pickaxe":2,"smallships:birch_brigg":1,"farmersdelight:rice":1,"minecraft:lead":5,"minecraft:birch_sign":3,"minecraft:wheat":117,"minecraft:cooked_cod":19,"create:andesite_alloy":64,"travelersbackpack:backpack_tank":2,"minecraft:iron_sword":1,"create:goggles":1,"create:large_water_wheel":3,"minecraft:bucket":2,"minecraft:bread":47,"minecraft:air":0,"minecraft:wooden_axe":1,"minecraft:iron_shovel":1,"create:shaft":32,"minecraft:acacia_planks":92,"minecraft:torch":48},"minecraft:mined":{"create:deepslate_zinc_ore":24,"minecraft:spruce_planks":19,"minecraft:jungle_slab":4,"create:andesite_casing":30,"minecraft:granite":16,"minecraft:grass_block":11,"biomesoplenty:orange_sandstone":7,"gothic:black_mushroom":1,"minecraft:spawner":7,"comforts:sleeping_bag_green":1,"minecraft:iron_ore":27,"minecraft:deepslate_lapis_ore":3,"minecraft:birch_wall_sign":2,"farmersdelight:rice_panicles":1,"create:mechanical_press":1,"minecraft:spruce_slab":1,"minecraft:deepslate_redstone_ore":8,"create:cogwheel":11,"minecraft:kelp_plant":1,"minecraft:jungle_stairs":5,"minecraft:blast_furnace":1,"minecraft:chest":3,"minecraft:dead_bush":1,"supplementaries:wild_flax":1,"minecraft:cobblestone":21,"minecraft:sugar_cane":2,"minecraft:oak_planks":9,"minecraft:seagrass":5,"minecraft:wheat":25,"minecraft:purple_banner":1,"minecraft:grass":108,"biomesoplenty:clover":10,"minecraft:oak_log":7,"minecraft:sand":9,"minecraft:crimson_planks":3,"minecraft:smooth_basalt":2,"minecraft:netherrack":3,"create:andesite_encased_cogwheel":1,"minecraft:deepslate":7,"create:zinc_ore":9,"minecraft:deepslate_diamond_ore":1,"biomesoplenty:desert_grass":13,"gothic:waterpipe":2,"gravestone:gravestone":2,"minecraft:purple_terracotta":3,"create:large_cogwheel":6,"minecraft:jungle_planks":19,"biomesoplenty:dead_grass":6,"minecraft:sandstone":5,"biomesoplenty:dune_grass":20,"minecraft:hay_block":14,"minecraft:redstone_ore":1,"create:shaft":6,"minecraft:furnace":2,"minecraft:carrots":12,"minecraft:andesite":342,"minecraft:gold_block":1,"createindustry:lead_ore":8,"minecraft:potatoes":15,"farmersdelight:rope":12,"minecraft:deepslate_iron_ore":1,"minecraft:rail":1,"minecraft:stripped_oak_log":1,"extendedgears:half_shaft_cogwheel":4,"minecraft:stone":154,"create:andesite_encased_large_cogwheel":5,"minecraft:white_wool":8,"minecraft:green_wool":5,"supplementaries:wall_lantern":2,"biomesoplenty:orange_sand":30,"create_new_age:magnetite_block":2,"minecraft:oak_fence":2,"minecraft:crafting_table":7,"biomesoplenty:fir_planks":2,"minecraft:copper_ore":21,"biomesoplenty:sprout":16,"minecraft:lapis_ore":2,"minecraft:deepslate_gold_ore":4,"minecraft:diorite":7,"supplementaries:urn":3,"minecraft:spruce_stairs":1,"minecraft:birch_planks":15,"minecraft:coal_ore":41,"dtbop:acacia_undergrowth_leaves":8,"minecraft:gravel":34,"minecraft:cobweb":1,"minecraft:cracked_stone_bricks":2,"minecraft:stone_bricks":7,"minecraft:mossy_stone_bricks":4,"minecraft:fern":2},"minecraft:killed_by":{"minecraft:vindicator":1,"spore:inf_villager":1},"minecraft:custom":{"minecraft:interact_with_crafting_table":105,"minecraft:open_barrel":52,"minecraft:leave_game":13,"minecraft:time_since_death":130036,"minecraft:damage_resisted":132,"minecraft:sprint_one_cm":605013,"minecraft:damage_blocked_by_shield":1510,"minecraft:drop":97,"minecraft:play_time":278246,"minecraft:deaths":2,"minecraft:jump":4481,"minecraft:walk_on_water_one_cm":40477,"minecraft:interact_with_furnace":51,"minecraft:sleep_in_bed":8,"minecraft:damage_dealt":28685,"minecraft:crouch_one_cm":30978,"minecraft:interact_with_smoker":4,"minecraft:inspect_dispenser":1,"minecraft:interact_with_smithing_table":1,"minecraft:mob_kills":235,"minecraft:interact_with_anvil":1,"minecraft:climb_one_cm":2079,"minecraft:walk_one_cm":452211,"minecraft:sneak_time":11034,"minecraft:walk_under_water_one_cm":45131,"minecraft:boat_one_cm":80904,"minecraft:total_world_time":278439,"minecraft:time_since_rest":100328,"minecraft:damage_taken":5547,"minecraft:damage_absorbed":183,"minecraft:swim_one_cm":84790,"minecraft:fly_one_cm":1436141,"minecraft:open_chest":188,"minecraft:fish_caught":1,"minecraft:fall_one_cm":109787},"minecraft:picked_up":{"minecraft:wooden_axe":2,"spore:mutated_heart":2,"minecraft:wheat":25,"farmersdelight:rice_panicle":1,"minecraft:crimson_planks":1,"minecraft:string":6,"minecraft:raw_copper":84,"minecraft:purple_banner":2,"irons_spellbooks:arcane_essence":4,"create:mechanical_press":1,"minecraft:cobbled_deepslate":1,"biomesoplenty:fir_planks":2,"comforts:sleeping_bag_white":1,"minecraft:spruce_planks":16,"createindustry:raw_lead":11,"crittersandcompanions:koi_fish":1,"minecraft:furnace":2,"minecraft:stick":87,"minecraft:torch":2,"minecraft:acacia_log":56,"create:andesite_casing":30,"minecraft:spruce_stairs":1,"minecraft:porkchop":10,"minecraft:diorite":11,"create:large_cogwheel":11,"minecraft:rotten_flesh":25,"dtbop:fir_seed":7,"farmersdelight:rope":12,"minecraft:green_wool":5,"minecraft:cod":39,"minecraft:cobblestone":174,"minecraft:birch_log":17,"minecraft:feather":7,"minecraft:andesite":361,"minecraft:potato":107,"biomesoplenty:fir_log":130,"minecraft:flint":2,"create:raw_zinc":33,"supplementaries:flax_seeds":1,"minecraft:lantern":3,"minecraft:lapis_lazuli":34,"minecraft:dirt":11,"minecraft:bone":48,"comforts:sleeping_bag_green":1,"minecraft:acacia_planks":16,"minecraft:wheat_seeds":82,"minecraft:raw_gold":4,"create_new_age:magnetite_block":2,"create:shaft":6,"minecraft:oak_planks":8,"spore:cerebrum":1,"create:cogwheel":13,"spore:armor_fragment":1,"minecraft:jungle_planks":32,"minecraft:poisonous_potato":2,"dynamictrees:acacia_seed":2,"minecraft:ink_sac":10,"minecraft:lily_of_the_valley":1,"farmersdelight:ham":1,"minecraft:jungle_slab":4,"minecraft:diamond":1,"minecraft:bone_meal":3,"minecraft:emerald":17,"spore:spine_fragment":2,"minecraft:netherrack":2,"minecraft:crafting_table":7,"create_new_age:thorium":4,"minecraft:chicken":4,"gothic:black_mushroom_item":1,"minecraft:wooden_pickaxe":1,"minecraft:gold_block":1,"gravestone:obituary":5,"minecraft:shield":1,"gothic:waterpipe":2,"minecraft:white_carpet":1,"minecraft:beef":20,"farmersdelight:straw":27,"minecraft:spruce_slab":1,"biomesoplenty:wildflower":2,"minecraft:chest":3,"minecraft:sugar_cane":5,"minecraft:raw_iron":33,"minecraft:carrot":57,"minecraft:redstone":40,"minecraft:purple_terracotta":2,"minecraft:arrow":76,"minecraft:jungle_stairs":9,"biomesoplenty:orange_sandstone":8,"minecraft:hay_block":13,"crittersandcompanions:silk":4,"minecraft:gold_ingot":17,"minecraft:mutton":9,"minecraft:white_wool":13,"biomesoplenty:orange_sand":47,"minecraft:stripped_oak_log":1,"minecraft:salmon":6,"minecraft:leather":20,"minecraft:birch_planks":25,"minecraft:oak_log":6,"extendedgears:half_shaft_cogwheel":4,"naturalist:bass":2,"minecraft:kelp":93,"minecraft:rabbit_hide":3,"minecraft:iron_ingot":7,"dynamictrees:birch_seed":14,"spore:mutated_fiber":10,"minecraft:smooth_basalt":8,"minecraft:quartz":21,"minecraft:gravel":36,"minecraft:blast_furnace":1,"minecraft:spider_eye":5,"gothic:meat":3,"minecraft:stone_axe":1,"minecraft:birch_sign":2,"minecraft:gray_wool":1,"minecraft:coal":44},"minecraft:killed":{"minecraft:spider":4,"minecraft:cod":54,"gothic:gothic_wolf":1,"minecraft:skeleton":39,"minecraft:chicken":4,"irons_spellbooks:summoned_skeleton":1,"minecraft:tropical_fish":5,"minecraft:pig":6,"minecraft:zombie_villager":2,"minecraft:salmon":13,"minecraft:iron_golem":1,"irons_spellbooks:necromancer":1,"minecraft:creeper":1,"minecraft:sheep":6,"spore:inf_villager":3,"minecraft:pillager":11,"minecraft:zombie":14,"gothic:snapper":1,"spore:inf_human":13,"minecraft:cow":8,"minecraft:vindicator":15,"naturalist:bass":5,"crittersandcompanions:otter":3,"minecraft:husk":9,"spore:inf_pillager":3,"spore:busser":1},"minecraft:used":{"minecraft:iron_shovel":24,"minecraft:spruce_slab":1,"minecraft:chest":6,"minecraft:shield":45,"minecraft:iron_sword":352,"minecraft:iron_chestplate":1,"crittersandcompanions:koi_fish":1,"create:cogwheel":25,"gothic:waterpipe":1,"minecraft:carrot":52,"create:depot":1,"minecraft:spruce_wood":16,"minecraft:lantern":5,"create_new_age:magnetite_block":1,"create:shaft":6,"minecraft:furnace":5,"minecraft:cooked_cod":15,"minecraft:potato":59,"comforts:sleeping_bag_green":1,"minecraft:stone_pickaxe":201,"minecraft:oak_planks":1,"minecraft:wooden_pickaxe":4,"biomesoplenty:fir_planks":39,"minecraft:golden_apple":1,"minecraft:purple_terracotta":1,"minecraft:bread":57,"create:andesite_casing":10,"farmersdelight:ham":1,"minecraft:gravel":26,"minecraft:andesite":11,"create:large_cogwheel":17,"minecraft:acacia_log":4,"minecraft:spruce_planks":80,"gothic:meat":2,"minecraft:wooden_shovel":17,"minecraft:torch":4,"minecraft:dirt":1,"minecraft:white_carpet":1,"extendedgears:half_shaft_cogwheel":4,"farmersdelight:rope":12,"minecraft:purple_banner":1,"minecraft:wooden_axe":30,"create:wrench":27,"minecraft:iron_axe":136,"biomesoplenty:orange_sand":21,"minecraft:smooth_basalt":2,"biomesoplenty:orange_sandstone":6,"create_things_and_misc:copper_knife":64,"smallships:birch_brigg":2,"comforts:sleeping_bag_white":1,"minecraft:enchanted_golden_apple":1,"farmersdelight:iron_knife":201,"minecraft:water_bucket":1,"minecraft:birch_planks":18,"minecraft:crafting_table":11,"minecraft:birch_sign":3,"minecraft:cod":15,"minecraft:smoker":1,"minecraft:oak_log":2,"extendedgears:large_half_shaft_cogwheel":2,"minecraft:diamond_pickaxe":600,"create:mechanical_press":2,"minecraft:chicken":1,"minecraft:iron_pickaxe":4,"create:large_water_wheel":3,"minecraft:stone_axe":1,"minecraft:fishing_rod":6,"travelersbackpack:standard":4,"minecraft:cobblestone":49,"minecraft:porkchop":4,"minecraft:cooked_porkchop":2,"extendedgears:large_shaftless_cogwheel":2,"minecraft:bucket":2},"minecraft:dropped":{"spore:spine_fragment":2,"minecraft:jungle_planks":13,"farmersdelight:rice":1,"minecraft:cod":3,"minecraft:dirt":7,"minecraft:cooked_cod":4,"gravestone:obituary":6,"minecraft:bone_meal":2,"minecraft:gold_ingot":16,"minecraft:gravel":4,"minecraft:stone_axe":1,"minecraft:rotten_flesh":24,"minecraft:salmon":6,"minecraft:carrot":28,"supplementaries:flax_seeds":1,"minecraft:jungle_stairs":9,"biomesoplenty:wildflower":2,"minecraft:arrow":4,"spore:armor_fragment":2,"minecraft:netherrack":2,"minecraft:iron_ingot":3,"minecraft:purple_terracotta":1,"minecraft:poisonous_potato":1,"minecraft:cobblestone":1,"minecraft:acacia_log":29,"minecraft:stick":7,"minecraft:jungle_slab":3,"biomesoplenty:orange_sand":8,"minecraft:gray_wool":1,"minecraft:diorite":11,"minecraft:ink_sac":10,"naturalist:bass":2,"minecraft:wooden_axe":2,"spore:mutated_heart":1,"minecraft:string":3,"dynamictrees:acacia_seed":1,"minecraft:acacia_planks":4,"extendedgears:half_shaft_cogwheel":1,"minecraft:raw_iron":5,"minecraft:iron_boots":2,"spore:cerebrum":1,"spore:mutated_fiber":9,"minecraft:lily_of_the_valley":1,"minecraft:shield":1,"minecraft:wooden_shovel":1,"minecraft:spider_eye":5,"biomesoplenty:orange_sandstone":2,"minecraft:wooden_pickaxe":2}},"DataVersion":3120}