{"stats":{"minecraft:killed":{"minecraft:cod":6,"minecraft:squid":1},"minecraft:picked_up":{"createbb:white_meth":2,"minecraft:sugar_cane":2,"minecraft:cod":4},"minecraft:used":{"minecraft:bedrock":3,"createoreexcavation:drilling_machine":1,"minecraft:netherite_sword":1,"smallships:acacia_drakkar":1,"minecraft:sand":7,"smallships:mangrove_galley":1,"smallships:dark_oak_brigg":5,"createdieselgenerators:diesel_engine":1,"immersive_aircraft:biplane":1,"horse_colors:donkey_spawn_egg":7,"horse_colors:horse_spawn_egg":11,"createbb:white_meth":9},"minecraft:dropped":{"createbb:white_meth":2},"minecraft:custom":{"minecraft:time_since_rest":44860,"minecraft:crouch_one_cm":1734,"minecraft:sprint_one_cm":18759,"minecraft:play_time":44860,"minecraft:walk_one_cm":23077,"minecraft:sneak_time":708,"minecraft:walk_under_water_one_cm":1751,"minecraft:mob_kills":7,"minecraft:drop":2,"minecraft:boat_one_cm":9486,"minecraft:jump":99,"minecraft:damage_dealt":110,"minecraft:leave_game":4,"minecraft:walk_on_water_one_cm":4212,"minecraft:time_since_death":44860,"minecraft:climb_one_cm":467,"minecraft:total_world_time":44860,"minecraft:fly_one_cm":705354,"minecraft:horse_one_cm":731}},"DataVersion":3120}