{"stats":{"minecraft:used":{"minecraft:iron_shovel":24,"minecraft:spruce_slab":1,"minecraft:chest":4,"minecraft:shield":40,"minecraft:iron_sword":261,"minecraft:wooden_shovel":17,"gothic:meat":2,"minecraft:iron_chestplate":1,"minecraft:torch":4,"minecraft:dirt":1,"minecraft:white_carpet":1,"gothic:waterpipe":1,"minecraft:carrot":52,"minecraft:purple_banner":1,"farmersdelight:rope":12,"minecraft:wooden_axe":30,"minecraft:lantern":3,"minecraft:iron_axe":84,"create_new_age:magnetite_block":1,"biomesoplenty:orange_sand":6,"biomesoplenty:orange_sandstone":5,"comforts:sleeping_bag_green":1,"minecraft:cooked_cod":6,"minecraft:furnace":4,"comforts:sleeping_bag_white":1,"minecraft:enchanted_golden_apple":1,"minecraft:potato":59,"create_things_and_misc:copper_knife":64,"smallships:birch_brigg":2,"farmersdelight:iron_knife":201,"minecraft:birch_planks":18,"minecraft:stone_pickaxe":201,"minecraft:oak_planks":1,"minecraft:wooden_pickaxe":4,"biomesoplenty:fir_planks":39,"minecraft:golden_apple":1,"minecraft:crafting_table":10,"minecraft:birch_sign":3,"minecraft:cod":13,"minecraft:purple_terracotta":1,"minecraft:smoker":1,"minecraft:oak_log":2,"minecraft:diamond_pickaxe":491,"minecraft:chicken":1,"minecraft:iron_pickaxe":4,"minecraft:bread":51,"farmersdelight:ham":1,"minecraft:gravel":26,"minecraft:stone_axe":1,"minecraft:cobblestone":49,"travelersbackpack:standard":3,"minecraft:porkchop":4,"minecraft:cooked_porkchop":2,"minecraft:andesite":11},"minecraft:mined":{"create:zinc_ore":9,"create:deepslate_zinc_ore":24,"minecraft:spruce_planks":3,"minecraft:deepslate_diamond_ore":1,"minecraft:jungle_slab":4,"biomesoplenty:desert_grass":9,"gothic:waterpipe":2,"minecraft:granite":16,"gravestone:gravestone":2,"minecraft:purple_terracotta":3,"minecraft:grass_block":11,"minecraft:jungle_planks":19,"biomesoplenty:dead_grass":1,"biomesoplenty:orange_sandstone":6,"biomesoplenty:dune_grass":7,"minecraft:sandstone":5,"gothic:black_mushroom":1,"minecraft:spawner":7,"minecraft:hay_block":14,"comforts:sleeping_bag_green":1,"minecraft:redstone_ore":1,"minecraft:furnace":2,"minecraft:carrots":12,"minecraft:iron_ore":27,"minecraft:andesite":336,"minecraft:deepslate_lapis_ore":3,"minecraft:gold_block":1,"createindustry:lead_ore":8,"minecraft:potatoes":15,"farmersdelight:rope":12,"minecraft:deepslate_iron_ore":1,"minecraft:rail":1,"minecraft:stripped_oak_log":1,"minecraft:birch_wall_sign":2,"farmersdelight:rice_panicles":1,"minecraft:stone":106,"minecraft:white_wool":8,"supplementaries:wall_lantern":2,"minecraft:green_wool":5,"minecraft:spruce_slab":1,"minecraft:deepslate_redstone_ore":8,"minecraft:kelp_plant":1,"biomesoplenty:orange_sand":28,"create_new_age:magnetite_block":2,"minecraft:oak_fence":2,"minecraft:crafting_table":6,"minecraft:jungle_stairs":5,"minecraft:blast_furnace":1,"biomesoplenty:fir_planks":2,"minecraft:chest":1,"supplementaries:wild_flax":1,"minecraft:copper_ore":21,"minecraft:cobblestone":21,"minecraft:lapis_ore":2,"minecraft:deepslate_gold_ore":4,"minecraft:oak_planks":9,"minecraft:sugar_cane":2,"minecraft:diorite":7,"supplementaries:urn":3,"minecraft:spruce_stairs":1,"minecraft:seagrass":5,"minecraft:birch_planks":15,"minecraft:purple_banner":1,"minecraft:wheat":25,"minecraft:grass":108,"biomesoplenty:clover":10,"minecraft:coal_ore":41,"minecraft:oak_log":7,"minecraft:gravel":34,"minecraft:sand":9,"minecraft:crimson_planks":3,"minecraft:cobweb":1,"minecraft:cracked_stone_bricks":2,"minecraft:stone_bricks":7,"minecraft:netherrack":3,"minecraft:mossy_stone_bricks":4,"minecraft:deepslate":7,"minecraft:fern":2},"minecraft:killed":{"minecraft:spider":2,"minecraft:vindicator":15,"minecraft:cod":54,"gothic:gothic_wolf":1,"minecraft:skeleton":35,"minecraft:chicken":4,"naturalist:bass":5,"crittersandcompanions:otter":3,"minecraft:tropical_fish":5,"minecraft:pig":6,"minecraft:salmon":13,"minecraft:iron_golem":1,"spore:inf_pillager":1,"minecraft:sheep":6,"spore:inf_villager":2,"minecraft:pillager":11,"gothic:snapper":1,"minecraft:zombie":9,"spore:inf_human":11,"spore:busser":1,"minecraft:cow":8},"minecraft:killed_by":{"minecraft:vindicator":1,"spore:inf_villager":1},"minecraft:broken":{"minecraft:stone_pickaxe":1,"minecraft:wooden_axe":1},"minecraft:dropped":{"minecraft:purple_terracotta":1,"minecraft:poisonous_potato":1,"minecraft:cobblestone":1,"minecraft:jungle_planks":13,"minecraft:acacia_log":29,"farmersdelight:rice":1,"minecraft:cod":3,"minecraft:stick":4,"minecraft:jungle_slab":3,"minecraft:dirt":7,"biomesoplenty:orange_sand":8,"minecraft:gray_wool":1,"minecraft:diorite":2,"naturalist:bass":2,"minecraft:wooden_axe":2,"minecraft:cooked_cod":2,"gravestone:obituary":3,"minecraft:bone_meal":2,"spore:mutated_heart":1,"minecraft:string":2,"dynamictrees:acacia_seed":1,"minecraft:acacia_planks":4,"minecraft:gold_ingot":16,"minecraft:gravel":4,"minecraft:stone_axe":1,"minecraft:raw_iron":5,"minecraft:iron_boots":2,"spore:cerebrum":1,"spore:mutated_fiber":5,"minecraft:salmon":6,"minecraft:lily_of_the_valley":1,"supplementaries:flax_seeds":1,"minecraft:shield":1,"minecraft:jungle_stairs":9,"minecraft:wooden_shovel":1,"biomesoplenty:orange_sandstone":1,"minecraft:wooden_pickaxe":2,"spore:armor_fragment":2,"minecraft:netherrack":2},"minecraft:crafted":{"minecraft:oak_planks":20,"comforts:sleeping_bag_white":1,"minecraft:birch_boat":3,"minecraft:furnace":4,"farmersdelight:rope":4,"minecraft:diamond_block":7,"smallships:sail":2,"minecraft:glass":12,"minecraft:iron_axe":1,"minecraft:birch_chest_boat":3,"minecraft:stone_pickaxe":2,"smallships:birch_brigg":1,"farmersdelight:rice":1,"minecraft:chest":7,"create_things_and_misc:copper_knife":1,"minecraft:lead":5,"minecraft:birch_sign":3,"minecraft:smoker":1,"minecraft:wheat":117,"minecraft:cooked_cod":8,"minecraft:wooden_shovel":1,"minecraft:cooked_porkchop":2,"minecraft:crafting_table":5,"comforts:sleeping_bag_green":1,"farmersdelight:iron_knife":1,"travelersbackpack:backpack_tank":2,"travelersbackpack:standard":1,"minecraft:wooden_pickaxe":1,"minecraft:iron_sword":1,"minecraft:copper_ingot":2,"minecraft:gold_block":3,"minecraft:birch_planks":52,"minecraft:bread":47,"minecraft:air":0,"biomesoplenty:fir_planks":68,"minecraft:iron_chestplate":1,"minecraft:diamond_pickaxe":1,"minecraft:emerald_block":2,"minecraft:shield":1,"minecraft:stick":12,"minecraft:iron_ingot":14,"minecraft:iron_pickaxe":1,"minecraft:wooden_axe":1,"minecraft:iron_block":10,"minecraft:iron_shovel":1,"minecraft:acacia_planks":44,"minecraft:torch":32},"minecraft:custom":{"minecraft:interact_with_smithing_table":1,"minecraft:interact_with_anvil":1,"minecraft:mob_kills":203,"minecraft:interact_with_crafting_table":68,"minecraft:open_barrel":52,"minecraft:leave_game":10,"minecraft:time_since_death":59492,"minecraft:climb_one_cm":2079,"minecraft:damage_resisted":132,"minecraft:sprint_one_cm":460128,"minecraft:damage_blocked_by_shield":1360,"minecraft:walk_one_cm":289972,"minecraft:drop":64,"minecraft:play_time":207702,"minecraft:deaths":2,"minecraft:sneak_time":9606,"minecraft:walk_under_water_one_cm":45131,"minecraft:boat_one_cm":80904,"minecraft:jump":3430,"minecraft:walk_on_water_one_cm":39753,"minecraft:total_world_time":207895,"minecraft:interact_with_furnace":42,"minecraft:sleep_in_bed":8,"minecraft:time_since_rest":29784,"minecraft:damage_taken":4935,"minecraft:damage_absorbed":183,"minecraft:damage_dealt":22215,"minecraft:swim_one_cm":84790,"minecraft:fly_one_cm":981906,"minecraft:open_chest":142,"minecraft:crouch_one_cm":25698,"minecraft:interact_with_smoker":4,"minecraft:fall_one_cm":89110,"minecraft:inspect_dispenser":1},"minecraft:picked_up":{"minecraft:wooden_axe":2,"spore:mutated_heart":2,"create_new_age:thorium":4,"minecraft:crafting_table":6,"minecraft:wheat":25,"minecraft:chicken":4,"minecraft:wooden_pickaxe":1,"gothic:black_mushroom_item":1,"farmersdelight:rice_panicle":1,"minecraft:gold_block":1,"gravestone:obituary":2,"minecraft:crimson_planks":1,"minecraft:shield":1,"gothic:waterpipe":2,"minecraft:string":4,"minecraft:raw_copper":84,"minecraft:white_carpet":1,"minecraft:purple_banner":2,"biomesoplenty:fir_planks":2,"comforts:sleeping_bag_white":1,"minecraft:beef":20,"farmersdelight:straw":27,"createindustry:raw_lead":11,"minecraft:spruce_slab":1,"minecraft:chest":1,"minecraft:sugar_cane":5,"minecraft:furnace":2,"minecraft:stick":79,"minecraft:raw_iron":33,"minecraft:torch":2,"minecraft:acacia_log":48,"minecraft:spruce_stairs":1,"minecraft:porkchop":10,"minecraft:diorite":5,"minecraft:carrot":43,"minecraft:redstone":40,"minecraft:purple_terracotta":2,"minecraft:arrow":72,"dtbop:fir_seed":7,"minecraft:jungle_stairs":9,"biomesoplenty:orange_sandstone":6,"minecraft:hay_block":13,"crittersandcompanions:silk":4,"farmersdelight:rope":12,"minecraft:green_wool":5,"minecraft:gold_ingot":17,"minecraft:mutton":9,"minecraft:cod":39,"biomesoplenty:orange_sand":30,"minecraft:white_wool":13,"minecraft:cobblestone":126,"minecraft:stripped_oak_log":1,"minecraft:birch_log":17,"minecraft:feather":7,"minecraft:andesite":331,"minecraft:salmon":6,"minecraft:leather":20,"minecraft:potato":107,"minecraft:birch_planks":25,"biomesoplenty:fir_log":130,"minecraft:flint":2,"create:raw_zinc":33,"minecraft:oak_log":6,"supplementaries:flax_seeds":1,"minecraft:lapis_lazuli":34,"minecraft:dirt":11,"minecraft:lantern":3,"naturalist:bass":2,"minecraft:bone":43,"comforts:sleeping_bag_green":1,"minecraft:acacia_planks":16,"minecraft:kelp":93,"minecraft:wheat_seeds":82,"minecraft:raw_gold":4,"create_new_age:magnetite_block":2,"minecraft:rabbit_hide":3,"minecraft:iron_ingot":7,"dynamictrees:birch_seed":14,"spore:mutated_fiber":6,"minecraft:oak_planks":8,"spore:cerebrum":1,"spore:armor_fragment":1,"minecraft:quartz":21,"minecraft:poisonous_potato":2,"minecraft:gravel":36,"minecraft:jungle_planks":32,"dynamictrees:acacia_seed":2,"minecraft:blast_furnace":1,"minecraft:lily_of_the_valley":1,"farmersdelight:ham":1,"minecraft:jungle_slab":4,"gothic:meat":3,"minecraft:diamond":1,"minecraft:stone_axe":1,"minecraft:bone_meal":3,"minecraft:birch_sign":2,"minecraft:gray_wool":1,"minecraft:emerald":17,"minecraft:netherrack":2,"minecraft:coal":44}},"DataVersion":3120}