{"stats":{"minecraft:killed":{"minecraft:cod":6,"minecraft:squid":1},"minecraft:picked_up":{"createbb:white_meth":2,"minecraft:cod":4},"minecraft:used":{"createoreexcavation:drilling_machine":1,"smallships:dark_oak_brigg":2,"createdieselgenerators:diesel_engine":1,"immersive_aircraft:biplane":1,"horse_colors:donkey_spawn_egg":7,"createbb:white_meth":9,"horse_colors:horse_spawn_egg":11},"minecraft:dropped":{"createbb:white_meth":2},"minecraft:custom":{"minecraft:time_since_rest":17689,"minecraft:crouch_one_cm":273,"minecraft:sprint_one_cm":6347,"minecraft:play_time":17689,"minecraft:walk_one_cm":16502,"minecraft:sneak_time":297,"minecraft:mob_kills":7,"minecraft:drop":2,"minecraft:boat_one_cm":3785,"minecraft:jump":31,"minecraft:leave_game":3,"minecraft:walk_on_water_one_cm":290,"minecraft:time_since_death":17689,"minecraft:total_world_time":17689,"minecraft:fly_one_cm":232485,"minecraft:horse_one_cm":731}},"DataVersion":3120}