{"stats":{"minecraft:killed":{"minecraft:cod":6,"minecraft:squid":1},"minecraft:picked_up":{"createbb:white_meth":2,"minecraft:cod":4},"minecraft:used":{"createoreexcavation:drilling_machine":1,"smallships:acacia_drakkar":1,"smallships:dark_oak_brigg":3,"createdieselgenerators:diesel_engine":1,"immersive_aircraft:biplane":1,"horse_colors:donkey_spawn_egg":7,"createbb:white_meth":9,"horse_colors:horse_spawn_egg":11},"minecraft:dropped":{"createbb:white_meth":2},"minecraft:custom":{"minecraft:time_since_rest":21016,"minecraft:crouch_one_cm":516,"minecraft:sprint_one_cm":6918,"minecraft:play_time":21016,"minecraft:walk_one_cm":17363,"minecraft:sneak_time":384,"minecraft:walk_under_water_one_cm":685,"minecraft:mob_kills":7,"minecraft:drop":2,"minecraft:boat_one_cm":7587,"minecraft:jump":34,"minecraft:leave_game":3,"minecraft:walk_on_water_one_cm":1666,"minecraft:time_since_death":21016,"minecraft:total_world_time":21016,"minecraft:fly_one_cm":276526,"minecraft:horse_one_cm":731}},"DataVersion":3120}