{"stats":{"minecraft:killed":{"minecraft:cod":6,"minecraft:squid":1},"minecraft:mined":{"naturalist:teddy_bear":1,"gothic:giant_river_plant":1},"minecraft:picked_up":{"minecraft:milk_bucket":1,"supplementaries:candy":47,"naturalist:venison":1,"naturalist:teddy_bear":1,"minecraft:lead":1,"createbb:white_meth":2,"gothic:giant_river_plant":4,"farmersdelight:hamburger":4,"minecraft:sugar_cane":2,"minecraft:cod":4},"minecraft:used":{"iceandfire:spawn_egg_hydra":1,"createoreexcavation:drilling_machine":1,"minecraft:netherite_sword":1,"createindustry:thermite_grenade":1,"iceandfire:spawn_egg_ice_dragon":1,"supplementaries:blackstone_lamp":2,"smallships:dark_oak_brigg":5,"iceandfire:spawn_egg_sea_serpent":5,"createdieselgenerators:diesel_engine":1,"iceandfire:spawn_egg_dread_ghoul":1,"exposure:lightroom":1,"horse_colors:donkey_spawn_egg":7,"iceandfire:spawn_egg_lich":1,"iceandfire:spawn_egg_ghost":1,"createbb:white_meth":9,"naturalist:snake_spawn_egg":2,"iceandfire:spawn_egg_myrmex_sentinel":1,"iceandfire:spawn_egg_dread_scuttler":1,"suppsquared:metal_cross_brace":12,"minecraft:bedrock":22,"smallships:acacia_drakkar":1,"minecraft:sand":7,"iceandfire:spawn_egg_dread_thrall":2,"iceandfire:spawn_egg_dread_knight":1,"minecraft:crafting_table":1,"exposure:photograph":6,"smallships:mangrove_galley":1,"truly_custom_horse_tack:jump_black":7,"minecraft:waxed_oxidized_cut_copper_stairs":1,"immersive_aircraft:gyrodyne":1,"naturalist:teddy_bear":1,"iceandfire:spawn_egg_dread_horse":1,"truly_custom_horse_tack:head_stand":9,"iceandfire:spawn_egg_fire_dragon":1,"immersive_aircraft:biplane":2,"artifacts:mimic_spawn_egg":6,"horse_colors:horse_spawn_egg":16,"truly_custom_horse_tack:saddle_rack":1},"minecraft:crafted":{"exposure:developed_color_film":1},"minecraft:dropped":{"supplementaries:soap":1,"farmersdelight:hamburger":4,"createbb:white_meth":15,"gothic:giant_river_plant":1,"minecraft:lead":1},"minecraft:custom":{"minecraft:time_since_rest":8291,"minecraft:sprint_one_cm":30971,"minecraft:walk_one_cm":65607,"minecraft:mob_kills":8,"minecraft:drop":22,"minecraft:damage_dealt":280,"exposure:interact_with_lightroom":1,"minecraft:talked_to_villager":1,"minecraft:interact_with_crafting_table":1,"minecraft:swim_one_cm":2128,"minecraft:fly_one_cm":793316,"minecraft:crouch_one_cm":2909,"exposure:film_frames_exposed":1,"minecraft:play_time":68860,"minecraft:deaths":1,"minecraft:sneak_time":1251,"minecraft:walk_under_water_one_cm":3010,"minecraft:boat_one_cm":9486,"minecraft:jump":167,"minecraft:leave_game":4,"minecraft:time_since_death":8258,"minecraft:walk_on_water_one_cm":8243,"minecraft:total_world_time":68860,"minecraft:climb_one_cm":467,"minecraft:fall_one_cm":418,"minecraft:horse_one_cm":2069}},"DataVersion":3120}