{"stats":{"minecraft:dropped":{"minecraft:wooden_axe":3,"minecraft:wooden_pickaxe":1,"dynamictrees:spruce_seed":1},"minecraft:killed":{"minecraft:zombie":1},"minecraft:custom":{"minecraft:time_since_rest":11233,"minecraft:interact_with_furnace":2,"minecraft:sprint_one_cm":23015,"minecraft:damage_taken":55,"minecraft:walk_one_cm":10572,"minecraft:mob_kills":1,"minecraft:drop":5,"minecraft:damage_dealt":343,"minecraft:interact_with_crafting_table":7,"minecraft:fly_one_cm":27924,"minecraft:crouch_one_cm":2097,"minecraft:play_time":11233,"minecraft:sneak_time":1670,"minecraft:jump":187,"minecraft:leave_game":1,"minecraft:time_since_death":11233,"minecraft:total_world_time":11233,"minecraft:fall_one_cm":2545},"minecraft:used":{"minecraft:wooden_axe":2,"minecraft:stone_pickaxe":101,"minecraft:wooden_pickaxe":4,"minecraft:spruce_planks":2,"minecraft:stone_axe":6,"minecraft:glow_berries":4,"minecraft:mossy_cobblestone":1,"minecraft:cobblestone":5,"minecraft:crafting_table":3,"minecraft:furnace":1},"minecraft:mined":{"minecraft:mossy_cobblestone":4,"minecraft:iron_ore":37,"minecraft:crafting_table":1,"minecraft:cave_vines_plant":2,"minecraft:coal_ore":24,"minecraft:cave_vines":1,"minecraft:copper_ore":1,"minecraft:tall_grass":1,"minecraft:cobblestone":7,"minecraft:stone":28,"minecraft:fern":1},"minecraft:picked_up":{"minecraft:wooden_axe":2,"minecraft:raw_iron":37,"minecraft:stick":4,"minecraft:crafting_table":1,"dynamictrees:spruce_seed":3,"minecraft:spruce_log":8,"minecraft:mossy_cobblestone":1,"minecraft:raw_copper":4,"minecraft:glow_berries":2,"minecraft:coal":24,"minecraft:cobblestone":33},"minecraft:crafted":{"minecraft:crafting_table":2,"minecraft:spruce_planks":32,"minecraft:stick":8,"minecraft:wooden_pickaxe":1,"minecraft:stone_pickaxe":1,"minecraft:wooden_axe":1,"minecraft:furnace":1,"minecraft:torch":16,"minecraft:stone_axe":1}},"DataVersion":3465}