{"stats":{"minecraft:killed":{"minecraft:spider":1,"naturalist:snail":1,"minecraft:skeleton":5,"minecraft:chicken":7,"artifacts:mimic":3,"minecraft:pig":4,"minecraft:creeper":2,"minecraft:sheep":4,"minecraft:zombie":3,"naturalist:sparrow":1,"minecraft:cow":6},"minecraft:used":{"minecraft:oak_fence":1,"minecraft:flint_and_steel":1,"epicpaladins:cryorium_pickaxe":181,"epicpaladins:cryorium_hoe":504,"minecraft:iron_sword":40,"minecraft:mutton":5,"minecraft:golden_shovel":5,"minecraft:milk_bucket":1,"minecraft:stone_brick_slab":1,"minecraft:lantern":9,"minecraft:iron_axe":10,"biomesoplenty:tall_lavender":1,"minecraft:smooth_basalt":4,"minecraft:golden_carrot":5,"minecraft:beef":3,"tombstone:gift":1,"minecraft:cooked_beef":4,"minecraft:cobbled_deepslate":22,"minecraft:golden_axe":25,"epicpaladins:cryorium_sword":23,"minecraft:oak_planks":7,"minecraft:blackstone":71,"minecraft:wooden_pickaxe":2,"epicpaladins:cryorium_axe":4,"minecraft:golden_hoe":21,"minecraft:crafting_table":8,"minecraft:white_bed":1,"tombstone:bag_of_seeds":1,"minecraft:bread":16,"minecraft:iron_pickaxe":215,"minecraft:wooden_sword":85,"minecraft:fire_charge":1,"minecraft:cobblestone":25},"minecraft:broken":{"minecraft:golden_hoe":1},"minecraft:picked_up":{"minecraft:cocoa_beans":1,"minecraft:crafting_table":3,"minecraft:chicken":7,"minecraft:wooden_pickaxe":2,"minecraft:gold_block":1,"minecraft:string":7,"mores:tourmaline_gem":26,"biomesoplenty:tall_lavender":3,"epicpaladins:bloodstone_gem":15,"minecraft:blackstone":87,"minecraft:cobbled_deepslate":22,"minecraft:beef":15,"minecraft:coal_block":4,"minecraft:furnace":1,"minecraft:stick":2,"minecraft:raw_iron":30,"artifacts:charm_of_sinking":1,"minecraft:oak_fence":1,"minecraft:porkchop":9,"vampirism:holy_water_bottle_enhanced":1,"mores:topaz_gem":23,"tombstone:grave_dust":1,"vampirism:vampire_fang":1,"minecraft:stone_pressure_plate":1,"mores:raw_tin":13,"artifacts:snorkel":1,"minecraft:arrow":6,"epicpaladins:cryorium_gem":10,"minecraft:rotten_flesh":14,"biomesoplenty:jacaranda_log":8,"minecraft:beetroot_seeds":3,"minecraft:hay_block":22,"artifacts:cross_necklace":1,"minecraft:gold_ingot":2,"minecraft:mutton":5,"minecraft:white_wool":5,"minecraft:cobblestone":25,"biomesoplenty:lavender":25,"minecraft:feather":7,"minecraft:golden_carrot":5,"minecraft:glow_ink_sac":1,"minecraft:leather":8,"minecraft:oak_log":22,"minecraft:gunpowder":1,"minecraft:lapis_lazuli":33,"minecraft:lantern":10,"minecraft:bone":4,"minecraft:chipped_anvil":1,"minecraft:stone_bricks":1,"minecraft:bow":1,"minecraft:wheat_seeds":6,"minecraft:raw_gold":19,"minecraft:iron_ingot":7,"mores:turquoise_gem":3,"minecraft:book":27,"minecraft:smooth_basalt":4,"minecraft:stone_brick_slab":1,"minecraft:torchflower_seeds":2,"mores:raw_cobalt":12,"minecraft:blast_furnace":1,"minecraft:white_bed":1,"minecraft:spruce_log":1,"minecraft:pumpkin_seeds":1,"minecraft:slime_ball":1,"mores:sapphire_gem":2,"minecraft:diamond":27,"minecraft:bread":1,"minecraft:damaged_anvil":1,"minecraft:coal":52},"minecraft:custom":{"minecraft:interact_with_anvil":1,"minecraft:mob_kills":38,"minecraft:interact_with_crafting_table":42,"minecraft:open_barrel":18,"minecraft:leave_game":5,"minecraft:time_since_death":2403,"minecraft:climb_one_cm":2859,"minecraft:sprint_one_cm":231292,"minecraft:walk_one_cm":168557,"minecraft:drop":41,"minecraft:talked_to_villager":3,"minecraft:play_time":75667,"minecraft:deaths":1,"minecraft:sneak_time":5827,"minecraft:jump":1256,"minecraft:walk_on_water_one_cm":292,"minecraft:total_world_time":75667,"minecraft:interact_with_furnace":28,"minecraft:interact_with_cartography_table":2,"minecraft:sleep_in_bed":1,"minecraft:time_since_rest":2212,"minecraft:damage_taken":1328,"minecraft:damage_dealt":5936,"minecraft:fly_one_cm":234820,"minecraft:open_chest":10,"minecraft:crouch_one_cm":23805,"tombstone:undead_killed":8,"minecraft:fall_one_cm":29371},"minecraft:mined":{"minecraft:white_bed":1,"minecraft:mossy_cobblestone":1,"minecraft:deepslate_diamond_ore":27,"epicpaladins:cryorium_ore":6,"minecraft:sculk_vein":26,"biomesoplenty:bush":2,"minecraft:coal_block":5,"dynamictrees:oak_leaves":1,"minecraft:hay_block":22,"biomesoplenty:jacaranda_log":8,"minecraft:magma_block":1,"biomesoplenty:tall_lavender":1,"mores:deepslate_tourmaline_ore":27,"minecraft:sculk_catalyst":3,"minecraft:furnace":1,"minecraft:iron_ore":12,"minecraft:fire":12,"biomesoplenty:lavender":6,"minecraft:deepslate_lapis_ore":3,"minecraft:gold_block":1,"mores:deepslate_cobalt_ore":5,"minecraft:sculk_shrieker":1,"minecraft:bookshelf":9,"minecraft:deepslate_iron_ore":18,"mores:deepslate_sapphire_ore":2,"minecraft:lantern":5,"minecraft:stone":26,"biomesoplenty:jacaranda_leaves":1,"mores:cobalt_ore":7,"minecraft:blackstone":91,"epicpaladins:deepslate_bloodstone_ore":15,"minecraft:crafting_table":3,"minecraft:oak_fence":1,"minecraft:blast_furnace":1,"minecraft:sculk_sensor":8,"minecraft:tall_grass":22,"minecraft:deepslate_gold_ore":11,"minecraft:lapis_ore":2,"minecraft:oak_planks":1,"minecraft:damaged_anvil":1,"minecraft:sculk":472,"mores:tin_ore":4,"mores:deepslate_turquoise_ore":3,"epicpaladins:deepslate_cryorium_ore":4,"minecraft:spruce_log":1,"minecraft:grass":51,"minecraft:oak_log":22,"minecraft:coal_ore":47,"minecraft:cobweb":7,"minecraft:smooth_basalt":4,"minecraft:chipped_anvil":1,"minecraft:gold_ore":8,"mores:deepslate_topaz_ore":23,"minecraft:deepslate":24},"minecraft:crafted":{"minecraft:wooden_sword":1,"minecraft:oak_planks":52,"minecraft:coal":36,"epicpaladins:cryorium_hoe":1,"mores:topaz_boots":1,"mores:topaz_chestplate":1,"minecraft:iron_axe":1,"mores:tin_ingot":13,"mores:tourmaline_leggings":1,"minecraft:chest":1,"epicpaladins:cryorium_pickaxe":1,"sophisticatedbackpacks:iron_backpack":1,"minecraft:wheat":198,"minecraft:cooked_beef":12,"minecraft:golden_axe":1,"sophisticatedbackpacks:backpack":1,"biomesoplenty:jacaranda_planks":32,"minecraft:crafting_table":5,"minecraft:spruce_planks":4,"minecraft:wooden_pickaxe":1,"minecraft:iron_sword":1,"sophisticatedbackpacks:gold_backpack":1,"epicpaladins:cryorium_axe":1,"minecraft:bucket":1,"mores:tin_leggings":1,"minecraft:bread":78,"minecraft:air":0,"epicpaladins:cryorium_sword":1,"mores:tin_boots":1,"minecraft:stick":16,"minecraft:iron_ingot":8,"minecraft:iron_pickaxe":1,"minecraft:gold_ingot":37,"minecraft:white_bed":1},"minecraft:dropped":{"minecraft:iron_sword":1,"mores:sterling_chestplate":1,"minecraft:wheat_seeds":6,"minecraft:glow_ink_sac":1,"biomesoplenty:lavender":25,"minecraft:golden_axe":1,"minecraft:lantern":1,"biomesoplenty:jacaranda_planks":8,"tombstone:grave_dust":1,"minecraft:wooden_sword":1,"minecraft:iron_axe":1,"minecraft:iron_pickaxe":1,"minecraft:white_wool":1,"minecraft:cocoa_beans":2,"minecraft:wheat":1,"minecraft:rotten_flesh":14,"minecraft:golden_shovel":1,"mores:tin_boots":1,"minecraft:torchflower_seeds":4,"minecraft:pumpkin_seeds":2,"minecraft:beetroot_seeds":6,"minecraft:stone_bricks":1,"minecraft:stone_pressure_plate":1,"minecraft:slime_ball":1,"minecraft:wooden_pickaxe":3,"mores:tin_leggings":1,"biomesoplenty:tall_lavender":2}},"DataVersion":3465}