{"stats":{"minecraft:broken":{"mores:topaz_helmet":1,"minecraft:golden_hoe":1,"vampirism:stake":6},"minecraft:custom":{"minecraft:interact_with_crafting_table":96,"minecraft:open_barrel":27,"minecraft:leave_game":9,"minecraft:time_since_death":226908,"minecraft:sprint_one_cm":1002079,"minecraft:drop":121,"minecraft:talked_to_villager":5,"minecraft:play_time":300172,"minecraft:deaths":1,"minecraft:jump":8497,"minecraft:walk_on_water_one_cm":8285,"vampirism:altar_of_inspiration_rituals_performed":1,"minecraft:interact_with_furnace":44,"minecraft:interact_with_cartography_table":2,"vampirism:interact_with_research_table":13,"minecraft:sleep_in_bed":6,"minecraft:damage_dealt":55931,"minecraft:player_kills":1,"minecraft:crouch_one_cm":33850,"tombstone:undead_killed":69,"tombstone:villager_killed":9,"minecraft:interact_with_smoker":6,"minecraft:interact_with_smithing_table":1,"minecraft:interact_with_anvil":1,"minecraft:mob_kills":237,"vampirism:killed_with_stake":66,"minecraft:damage_dealt_resisted":1659,"minecraft:climb_one_cm":3825,"minecraft:walk_one_cm":584495,"vampirism:skills_unlocked":6,"minecraft:damage_dealt_absorbed":55,"minecraft:sneak_time":9423,"minecraft:walk_under_water_one_cm":4372,"minecraft:interact_with_blast_furnace":3,"minecraft:total_world_time":300172,"vampirism:interact_with_injection_chair":4,"tombstone:raider_killed":2,"minecraft:time_since_rest":48885,"minecraft:damage_taken":4801,"vampirism:weapon_table":1,"minecraft:swim_one_cm":65827,"minecraft:fly_one_cm":1698431,"minecraft:open_chest":38,"minecraft:fall_one_cm":191828},"minecraft:picked_up":{"minecraft:wheat":1,"minecraft:stone_brick_stairs":2,"minecraft:string":25,"mores:tourmaline_gem":29,"biomesoplenty:tall_lavender":3,"epicpaladins:bloodstone_gem":15,"minecraft:experience_bottle":1,"vampirism:obi_belt":2,"minecraft:cobbled_deepslate":76,"minecraft:coal_block":4,"minecraft:furnace":3,"minecraft:stick":13,"epicpaladins:arclight_gem":9,"minecraft:oak_fence":1,"minecraft:torch":35,"minecraft:acacia_log":6,"minecraft:porkchop":9,"vampirism:holy_water_bottle_enhanced":1,"mores:topaz_gem":64,"tombstone:grave_dust":11,"vampirism:vampire_fang":29,"mores:raw_tin":13,"vampirism:hunter_table":2,"epicpaladins:cryorium_gem":11,"minecraft:rotten_flesh":44,"vampirism:pure_blood_2":1,"minecraft:iron_block":1,"minecraft:cobblestone":49,"biomesoplenty:lavender":25,"vampirism:weapon_table":3,"vampirism:vampire_book":1,"minecraft:feather":7,"vampirism:med_chair":1,"minecraft:smoker":2,"minecraft:tuff":19,"minecraft:acacia_boat":3,"naturalist:lizard_tail":1,"minecraft:lapis_lazuli":69,"minecraft:lantern":10,"minecraft:glass":6,"minecraft:bone":38,"minecraft:chipped_anvil":1,"minecraft:bow":2,"minecraft:wheat_seeds":16,"minecraft:raw_gold":19,"minecraft:oak_planks":9,"mores:turquoise_gem":14,"vampirism:cursed_spruce_log":30,"vampirism:dark_spruce_sapling":4,"vampirism:ring":1,"minecraft:sand":57,"dynamictrees:acacia_seed":3,"mores:raw_cobalt":12,"minecraft:dark_oak_log":2,"vampirism:pure_blood_0":2,"minecraft:bundle":2,"minecraft:diamond":46,"minecraft:bread":2,"minecraft:emerald":5,"minecraft:cocoa_beans":1,"minecraft:coarse_dirt":1,"minecraft:crafting_table":14,"minecraft:chicken":7,"minecraft:wooden_pickaxe":2,"minecraft:gold_block":1,"minecraft:item_frame":1,"minecraft:blackstone":114,"vampirism:cursed_earth":1,"minecraft:beef":21,"minecraft:spruce_slab":1,"minecraft:sugar_cane":6,"minecraft:raw_iron":44,"artifacts:charm_of_sinking":1,"minecraft:redstone":5,"minecraft:stone_pressure_plate":1,"minecraft:dark_oak_planks":1,"artifacts:snorkel":1,"minecraft:decorated_pot":2,"vampirism:cobbled_dark_stone":1,"minecraft:arrow":25,"biomesoplenty:jacaranda_log":8,"minecraft:beetroot_seeds":3,"vampirism:altar_inspiration":1,"minecraft:hay_block":34,"artifacts:cross_necklace":1,"tombstone:essence_of_undeath":1,"minecraft:gold_ingot":2,"minecraft:mutton":15,"minecraft:white_wool":13,"vampirism:vampire_blood_bottle":32,"minecraft:golden_carrot":5,"minecraft:glow_ink_sac":4,"minecraft:leather":11,"vampirism:pure_blood_3":1,"minecraft:filled_map":1,"minecraft:birch_planks":1,"minecraft:oak_log":22,"minecraft:gunpowder":10,"vampirism:human_heart":1,"minecraft:apple":1,"minecraft:stone_bricks":1,"minecraft:iron_ingot":8,"minecraft:cooked_chicken":11,"minecraft:glass_bottle":1,"minecraft:iron_sword":1,"minecraft:book":27,"minecraft:smooth_basalt":13,"minecraft:stone_brick_slab":1,"minecraft:torchflower_seeds":2,"mores:ruby_gem":1,"minecraft:spruce_sapling":1,"minecraft:blast_furnace":4,"mores:moissanite_gem":1,"minecraft:white_bed":3,"minecraft:spruce_log":2,"minecraft:spider_eye":2,"minecraft:pumpkin_seeds":1,"mores:sapphire_gem":14,"minecraft:slime_ball":1,"vampirism:vampire_orchid":3,"tombstone:magic_scroll":2,"minecraft:damaged_anvil":1,"minecraft:coal":58},"minecraft:killed":{"naturalist:rattlesnake":1,"vampirism:vampire":73,"minecraft:witch":2,"vampirism:advanced_vampire":4,"minecraft:spider":15,"naturalist:snail":1,"minecraft:skeleton":33,"vampirism:blinding_bat":1,"minecraft:chicken":7,"vampirism:advanced_hunter":1,"vampirism:converted_sheep":1,"artifacts:mimic":3,"vampirism:vampire_baron":4,"minecraft:pig":4,"minecraft:creeper":10,"vampirism:hunter":1,"minecraft:sheep":12,"minecraft:zombie":36,"minecraft:cow":11,"vampirism:villager_converted":9,"naturalist:lizard_tail":1,"naturalist:sparrow":1},"minecraft:crafted":{"minecraft:oak_planks":88,"mores:sapphire_helmet":2,"vampirism:injection_garlic":3,"epicpaladins:cryorium_hoe":1,"vampirism:med_chair":1,"mores:topaz_leggings":1,"minecraft:glass":50,"minecraft:bow":1,"mores:tin_ingot":13,"minecraft:chest":1,"vampirism:stake":13,"mores:topaz_helmet":1,"minecraft:glass_bottle":3,"minecraft:golden_axe":1,"sophisticatedbackpacks:backpack":1,"biomesoplenty:jacaranda_planks":32,"minecraft:crafting_table":13,"minecraft:spruce_planks":4,"minecraft:wooden_pickaxe":1,"minecraft:baked_potato":5,"epicpaladins:cryorium_sword":1,"vampirism:hunter_axe_normal":1,"sophisticatedbackpacks:diamond_backpack":1,"minecraft:stick":104,"minecraft:iron_ingot":17,"minecraft:iron_pickaxe":1,"minecraft:gold_ingot":37,"vampirism:cursed_spruce_boat":3,"minecraft:wooden_sword":1,"minecraft:coal":36,"vampirism:cursed_spruce_planks":84,"minecraft:furnace":1,"mores:topaz_boots":2,"minecraft:bone_meal":15,"mores:topaz_chestplate":1,"minecraft:glass_pane":16,"vampirism:injection_empty":3,"minecraft:iron_axe":1,"mores:tourmaline_leggings":1,"epicpaladins:cryorium_pickaxe":1,"minecraft:dark_oak_planks":8,"minecraft:wheat":306,"sophisticatedbackpacks:iron_backpack":1,"minecraft:cooked_beef":12,"minecraft:iron_sword":1,"sophisticatedbackpacks:gold_backpack":1,"epicpaladins:cryorium_axe":1,"minecraft:bucket":1,"mores:tin_leggings":1,"minecraft:acacia_boat":1,"minecraft:bread":132,"minecraft:air":0,"mores:tin_boots":1,"minecraft:golden_apple":4,"minecraft:white_bed":2,"minecraft:acacia_planks":24,"minecraft:torch":136,"mores:sapphire_boots":1,"epicpaladins:cryorium_shovel":1},"minecraft:mined":{"minecraft:dark_oak_planks":1,"minecraft:white_bed":3,"epicpaladins:cryorium_ore":6,"minecraft:sculk_vein":33,"minecraft:spruce_trapdoor":2,"vampirism:weapon_table":3,"minecraft:coal_block":5,"vampirism:hunter_table":2,"minecraft:magma_block":1,"biomesoplenty:tall_lavender":1,"mores:deepslate_tourmaline_ore":29,"minecraft:sculk_catalyst":4,"minecraft:fire":14,"minecraft:iron_ore":22,"minecraft:cobbled_deepslate":4,"biomesoplenty:lavender":6,"minecraft:deepslate_lapis_ore":9,"minecraft:sculk_shrieker":2,"mores:deepslate_sapphire_ore":14,"minecraft:iron_block":1,"minecraft:spruce_slab":1,"mores:deepslate_moissanite_ore":1,"biomesoplenty:jacaranda_leaves":1,"minecraft:deepslate_redstone_ore":1,"minecraft:blackstone":120,"minecraft:smoker":2,"minecraft:torch":22,"minecraft:blast_furnace":4,"create:scoria":7,"minecraft:cobblestone":4,"minecraft:sugar_cane":3,"minecraft:oak_planks":10,"minecraft:damaged_anvil":1,"mores:deepslate_turquoise_ore":14,"minecraft:wall_torch":10,"vampirism:dark_spruce_leaves":1,"epicpaladins:deepslate_cryorium_ore":5,"vampirism:med_chair":1,"minecraft:stone_brick_stairs":2,"minecraft:grass":175,"minecraft:oak_log":22,"minecraft:sand":79,"minecraft:smooth_basalt":13,"mores:deepslate_topaz_ore":64,"minecraft:oak_leaves":4,"minecraft:deepslate":60,"minecraft:tuff":36,"minecraft:mossy_cobblestone":1,"minecraft:deepslate_diamond_ore":43,"vampirism:altar_inspiration":1,"minecraft:dark_oak_log":2,"minecraft:gray_stained_glass_pane":2,"biomesoplenty:bush":4,"minecraft:decorated_pot":2,"vampirism:vampire_orchid":3,"minecraft:spruce_leaves":6,"epicpaladins:deepslate_arclight_ore":9,"minecraft:hay_block":34,"dynamictrees:oak_leaves":1,"biomesoplenty:jacaranda_log":8,"minecraft:furnace":3,"minecraft:andesite":8,"minecraft:gold_block":1,"mores:deepslate_cobalt_ore":5,"minecraft:bookshelf":9,"minecraft:deepslate_iron_ore":22,"minecraft:lantern":5,"minecraft:stone":64,"mores:cobalt_ore":7,"vampirism:dark_stone":1,"epicpaladins:deepslate_bloodstone_ore":15,"vampirism:cursed_spruce_log":30,"minecraft:oak_fence":1,"vampirism:cursed_grass":1,"minecraft:crafting_table":13,"dynamictrees:acacia_leaves":1,"minecraft:emerald_ore":5,"minecraft:sculk_sensor":9,"minecraft:tall_grass":40,"minecraft:lapis_ore":2,"minecraft:deepslate_gold_ore":11,"minecraft:sculk":640,"minecraft:diorite":4,"mores:tin_ore":4,"minecraft:birch_planks":1,"minecraft:coarse_dirt":1,"mores:deepslate_ruby_ore":1,"minecraft:spruce_log":1,"vampirism:cursed_roots":2,"minecraft:coal_ore":50,"minecraft:cobweb":7,"minecraft:chipped_anvil":1,"minecraft:gold_ore":8},"minecraft:dropped":{"minecraft:iron_sword":2,"vampirism:stake":1,"minecraft:cooked_beef":8,"vampirism:human_heart":1,"minecraft:glow_ink_sac":4,"minecraft:lantern":1,"minecraft:item_frame":1,"mores:topaz_chestplate":1,"minecraft:wooden_sword":1,"minecraft:sand":1,"mores:tourmaline_leggings":1,"minecraft:iron_pickaxe":1,"minecraft:white_wool":1,"minecraft:gold_ingot":10,"minecraft:blackstone":10,"minecraft:wheat":1,"minecraft:rotten_flesh":22,"minecraft:oak_planks":23,"minecraft:golden_shovel":1,"minecraft:gunpowder":8,"vampirism:vampire_blood_bottle":1,"minecraft:beetroot_seeds":6,"mores:steel_helmet":1,"minecraft:spruce_slab":1,"minecraft:stone_brick_stairs":2,"biomesoplenty:tall_lavender":2,"minecraft:bread":18,"mores:sterling_chestplate":1,"minecraft:wheat_seeds":15,"biomesoplenty:lavender":25,"mores:topaz_gem":36,"minecraft:golden_axe":1,"biomesoplenty:jacaranda_planks":8,"minecraft:stick":2,"mores:tourmaline_gem":20,"tombstone:grave_dust":5,"minecraft:iron_axe":1,"minecraft:string":13,"dynamictrees:acacia_seed":3,"minecraft:spruce_sapling":1,"vampirism:injection_garlic":2,"minecraft:cocoa_beans":2,"epicpaladins:bloodstone_gem":12,"mores:tin_boots":1,"minecraft:torchflower_seeds":4,"minecraft:pumpkin_seeds":2,"minecraft:filled_map":2,"mores:topaz_boots":1,"minecraft:stone_pressure_plate":1,"minecraft:stone_bricks":1,"minecraft:spider_eye":2,"minecraft:slime_ball":1,"minecraft:bow":1,"minecraft:wooden_pickaxe":3,"mores:tin_leggings":1},"minecraft:used":{"epicpaladins:cryorium_hoe":694,"minecraft:decorated_pot":2,"minecraft:iron_sword":40,"minecraft:mutton":5,"minecraft:tuff":19,"minecraft:milk_bucket":2,"minecraft:lantern":9,"minecraft:bow":27,"minecraft:furnace":2,"epicpaladins:cryorium_shovel":78,"vampirism:weapon_table":3,"minecraft:oak_planks":15,"minecraft:blackstone":104,"minecraft:wooden_pickaxe":2,"epicpaladins:cryorium_axe":70,"minecraft:golden_hoe":21,"minecraft:blast_furnace":1,"vampirism:stake":442,"minecraft:bread":129,"vampirism:cursed_earth":1,"vampirism:dark_spruce_sapling":1,"vampirism:garlic_bread":3,"minecraft:fire_charge":1,"minecraft:wooden_sword":85,"vampirism:med_chair":1,"minecraft:coarse_dirt":1,"minecraft:bone_meal":7,"minecraft:experience_bottle":1,"minecraft:oak_fence":1,"minecraft:flint_and_steel":1,"epicpaladins:cryorium_pickaxe":503,"minecraft:cooked_chicken":5,"minecraft:torch":162,"minecraft:golden_shovel":5,"minecraft:stone_brick_slab":1,"minecraft:iron_axe":10,"biomesoplenty:tall_lavender":1,"vampirism:cursed_spruce_boat":3,"minecraft:smooth_basalt":7,"minecraft:golden_carrot":5,"minecraft:beef":3,"vampirism:cobbled_dark_stone":1,"tombstone:gift":3,"minecraft:cooked_beef":4,"minecraft:cobbled_deepslate":54,"minecraft:golden_axe":25,"epicpaladins:cryorium_sword":488,"minecraft:acacia_boat":4,"minecraft:water_bucket":76,"minecraft:baked_potato":5,"minecraft:crafting_table":26,"vampirism:hunter_table":2,"minecraft:white_bed":5,"minecraft:smoker":1,"minecraft:spruce_log":1,"tombstone:bag_of_seeds":1,"minecraft:apple":1,"minecraft:iron_pickaxe":215,"vampirism:cursed_spruce_log":9,"minecraft:cobblestone":37,"minecraft:bucket":77,"vampirism:vampire_orchid":3}},"DataVersion":3465}