{"stats":{"minecraft:picked_up":{"minecraft:cocoa_beans":1,"minecraft:crafting_table":5,"minecraft:chicken":7,"minecraft:wooden_pickaxe":2,"minecraft:gold_block":1,"minecraft:string":14,"mores:tourmaline_gem":29,"minecraft:item_frame":1,"biomesoplenty:tall_lavender":3,"epicpaladins:bloodstone_gem":15,"minecraft:blackstone":114,"minecraft:cobbled_deepslate":76,"minecraft:beef":15,"minecraft:coal_block":4,"minecraft:furnace":3,"minecraft:raw_iron":34,"minecraft:stick":2,"artifacts:charm_of_sinking":1,"epicpaladins:arclight_gem":9,"minecraft:oak_fence":1,"minecraft:torch":9,"minecraft:porkchop":9,"vampirism:holy_water_bottle_enhanced":1,"tombstone:grave_dust":9,"mores:topaz_gem":64,"vampirism:vampire_fang":4,"minecraft:redstone":5,"minecraft:stone_pressure_plate":1,"mores:raw_tin":13,"vampirism:hunter_table":2,"artifacts:snorkel":1,"minecraft:arrow":20,"minecraft:rotten_flesh":27,"epicpaladins:cryorium_gem":11,"biomesoplenty:jacaranda_log":8,"minecraft:beetroot_seeds":3,"minecraft:hay_block":34,"artifacts:cross_necklace":1,"minecraft:gold_ingot":2,"minecraft:mutton":5,"minecraft:white_wool":5,"minecraft:cobblestone":41,"biomesoplenty:lavender":25,"vampirism:vampire_book":1,"minecraft:feather":7,"vampirism:vampire_blood_bottle":3,"minecraft:golden_carrot":5,"minecraft:glow_ink_sac":4,"minecraft:leather":8,"minecraft:smoker":1,"minecraft:tuff":19,"minecraft:oak_log":22,"minecraft:gunpowder":8,"minecraft:lapis_lazuli":69,"minecraft:lantern":10,"minecraft:glass":6,"minecraft:bone":28,"minecraft:chipped_anvil":1,"minecraft:stone_bricks":1,"minecraft:bow":2,"minecraft:wheat_seeds":6,"minecraft:raw_gold":19,"minecraft:iron_ingot":8,"minecraft:oak_planks":7,"minecraft:glass_bottle":1,"mores:turquoise_gem":14,"minecraft:book":27,"minecraft:smooth_basalt":13,"minecraft:stone_brick_slab":1,"vampirism:ring":1,"minecraft:torchflower_seeds":2,"mores:ruby_gem":1,"minecraft:sand":57,"minecraft:spruce_sapling":1,"minecraft:blast_furnace":2,"mores:raw_cobalt":12,"mores:moissanite_gem":1,"minecraft:white_bed":1,"minecraft:spruce_log":1,"minecraft:spider_eye":1,"minecraft:bundle":1,"minecraft:pumpkin_seeds":1,"minecraft:slime_ball":1,"mores:sapphire_gem":14,"minecraft:diamond":43,"minecraft:bread":1,"tombstone:magic_scroll":2,"minecraft:damaged_anvil":1,"minecraft:coal":55},"minecraft:broken":{"minecraft:golden_hoe":1},"minecraft:crafted":{"minecraft:wooden_sword":1,"minecraft:oak_planks":88,"minecraft:coal":36,"vampirism:injection_garlic":1,"epicpaladins:cryorium_hoe":1,"minecraft:furnace":1,"mores:topaz_leggings":1,"mores:topaz_boots":2,"mores:topaz_chestplate":1,"minecraft:glass_pane":16,"vampirism:injection_empty":1,"minecraft:glass":50,"minecraft:bow":1,"minecraft:iron_axe":1,"mores:tin_ingot":13,"minecraft:chest":1,"mores:tourmaline_leggings":1,"epicpaladins:cryorium_pickaxe":1,"mores:topaz_helmet":1,"sophisticatedbackpacks:iron_backpack":1,"minecraft:wheat":198,"minecraft:cooked_beef":12,"minecraft:golden_axe":1,"sophisticatedbackpacks:backpack":1,"biomesoplenty:jacaranda_planks":32,"minecraft:crafting_table":7,"minecraft:spruce_planks":4,"minecraft:wooden_pickaxe":1,"minecraft:iron_sword":1,"sophisticatedbackpacks:gold_backpack":1,"epicpaladins:cryorium_axe":1,"minecraft:bucket":1,"mores:tin_leggings":1,"minecraft:bread":78,"minecraft:air":0,"epicpaladins:cryorium_sword":1,"mores:tin_boots":1,"sophisticatedbackpacks:diamond_backpack":1,"minecraft:stick":44,"minecraft:iron_ingot":8,"minecraft:iron_pickaxe":1,"minecraft:gold_ingot":37,"minecraft:white_bed":1,"minecraft:torch":100,"epicpaladins:cryorium_shovel":1},"minecraft:used":{"minecraft:oak_fence":1,"minecraft:flint_and_steel":1,"epicpaladins:cryorium_pickaxe":466,"epicpaladins:cryorium_hoe":694,"minecraft:iron_sword":40,"minecraft:torch":77,"minecraft:mutton":5,"minecraft:golden_shovel":5,"minecraft:tuff":19,"minecraft:milk_bucket":2,"minecraft:stone_brick_slab":1,"minecraft:lantern":9,"minecraft:iron_axe":10,"biomesoplenty:tall_lavender":1,"minecraft:smooth_basalt":7,"minecraft:golden_carrot":5,"minecraft:beef":3,"minecraft:furnace":2,"epicpaladins:cryorium_shovel":78,"tombstone:gift":2,"minecraft:cooked_beef":4,"minecraft:cobbled_deepslate":54,"minecraft:golden_axe":25,"epicpaladins:cryorium_sword":224,"minecraft:water_bucket":76,"minecraft:oak_planks":14,"minecraft:blackstone":104,"minecraft:wooden_pickaxe":2,"epicpaladins:cryorium_axe":15,"minecraft:golden_hoe":21,"minecraft:crafting_table":11,"vampirism:hunter_table":1,"minecraft:blast_furnace":1,"minecraft:white_bed":2,"tombstone:bag_of_seeds":1,"minecraft:bread":53,"minecraft:iron_pickaxe":215,"minecraft:wooden_sword":85,"minecraft:fire_charge":1,"minecraft:cobblestone":25,"minecraft:bucket":76},"minecraft:dropped":{"minecraft:iron_sword":1,"mores:sterling_chestplate":1,"minecraft:wheat_seeds":6,"minecraft:glow_ink_sac":1,"biomesoplenty:lavender":25,"minecraft:golden_axe":1,"minecraft:lantern":1,"biomesoplenty:jacaranda_planks":8,"minecraft:item_frame":1,"mores:tourmaline_gem":20,"minecraft:wooden_sword":1,"minecraft:iron_axe":1,"tombstone:grave_dust":5,"minecraft:sand":1,"mores:tourmaline_leggings":1,"minecraft:iron_pickaxe":1,"minecraft:string":8,"minecraft:white_wool":1,"minecraft:blackstone":10,"minecraft:cocoa_beans":2,"minecraft:wheat":1,"epicpaladins:bloodstone_gem":9,"minecraft:rotten_flesh":16,"minecraft:oak_planks":15,"minecraft:golden_shovel":1,"mores:tin_boots":1,"minecraft:pumpkin_seeds":2,"minecraft:torchflower_seeds":4,"mores:topaz_boots":1,"minecraft:gunpowder":7,"minecraft:beetroot_seeds":6,"mores:steel_helmet":1,"minecraft:stone_bricks":1,"minecraft:stone_pressure_plate":1,"minecraft:slime_ball":1,"minecraft:wooden_pickaxe":3,"mores:tin_leggings":1,"biomesoplenty:tall_lavender":2},"minecraft:custom":{"minecraft:interact_with_smithing_table":1,"minecraft:mob_kills":107,"minecraft:interact_with_anvil":1,"minecraft:interact_with_crafting_table":58,"minecraft:open_barrel":21,"minecraft:damage_dealt_resisted":277,"minecraft:leave_game":7,"minecraft:time_since_death":62119,"minecraft:climb_one_cm":2975,"minecraft:sprint_one_cm":432964,"minecraft:walk_one_cm":320188,"minecraft:drop":64,"vampirism:skills_unlocked":1,"minecraft:damage_dealt_absorbed":55,"minecraft:talked_to_villager":3,"minecraft:play_time":135383,"minecraft:deaths":1,"minecraft:sneak_time":8581,"minecraft:walk_under_water_one_cm":691,"minecraft:jump":2856,"minecraft:interact_with_blast_furnace":1,"minecraft:walk_on_water_one_cm":1162,"minecraft:total_world_time":135383,"vampirism:interact_with_injection_chair":4,"minecraft:interact_with_furnace":43,"tombstone:raider_killed":2,"minecraft:interact_with_cartography_table":2,"vampirism:interact_with_research_table":2,"minecraft:sleep_in_bed":2,"minecraft:time_since_rest":9723,"minecraft:damage_taken":2489,"minecraft:damage_dealt":21863,"minecraft:swim_one_cm":13084,"minecraft:player_kills":1,"minecraft:fly_one_cm":572467,"minecraft:open_chest":19,"minecraft:crouch_one_cm":32552,"tombstone:undead_killed":48,"minecraft:interact_with_smoker":1,"minecraft:fall_one_cm":64686},"minecraft:mined":{"minecraft:tuff":36,"minecraft:white_bed":1,"minecraft:mossy_cobblestone":1,"minecraft:deepslate_diamond_ore":43,"epicpaladins:cryorium_ore":6,"minecraft:sculk_vein":33,"biomesoplenty:bush":2,"minecraft:coal_block":5,"minecraft:spruce_leaves":6,"vampirism:hunter_table":2,"epicpaladins:deepslate_arclight_ore":9,"minecraft:hay_block":34,"dynamictrees:oak_leaves":1,"biomesoplenty:jacaranda_log":8,"minecraft:magma_block":1,"biomesoplenty:tall_lavender":1,"mores:deepslate_tourmaline_ore":29,"minecraft:sculk_catalyst":4,"minecraft:furnace":3,"minecraft:iron_ore":12,"minecraft:cobbled_deepslate":4,"minecraft:fire":14,"biomesoplenty:lavender":6,"minecraft:andesite":8,"minecraft:deepslate_lapis_ore":9,"minecraft:gold_block":1,"mores:deepslate_cobalt_ore":5,"minecraft:sculk_shrieker":2,"minecraft:bookshelf":9,"mores:deepslate_sapphire_ore":14,"minecraft:deepslate_iron_ore":22,"minecraft:lantern":5,"minecraft:stone":59,"biomesoplenty:jacaranda_leaves":1,"mores:deepslate_moissanite_ore":1,"minecraft:deepslate_redstone_ore":1,"mores:cobalt_ore":7,"minecraft:blackstone":120,"epicpaladins:deepslate_bloodstone_ore":15,"minecraft:smoker":1,"minecraft:crafting_table":5,"minecraft:oak_fence":1,"minecraft:torch":5,"minecraft:blast_furnace":2,"create:scoria":7,"minecraft:sculk_sensor":9,"minecraft:tall_grass":22,"minecraft:deepslate_gold_ore":11,"minecraft:lapis_ore":2,"minecraft:damaged_anvil":1,"minecraft:oak_planks":8,"minecraft:sculk":640,"minecraft:diorite":4,"mores:tin_ore":4,"minecraft:wall_torch":3,"mores:deepslate_turquoise_ore":14,"mores:deepslate_ruby_ore":1,"epicpaladins:deepslate_cryorium_ore":5,"minecraft:spruce_log":1,"minecraft:grass":54,"minecraft:coal_ore":50,"minecraft:oak_log":22,"minecraft:sand":79,"minecraft:cobweb":7,"minecraft:smooth_basalt":13,"minecraft:gold_ore":8,"minecraft:chipped_anvil":1,"mores:deepslate_topaz_ore":64,"minecraft:deepslate":60},"minecraft:killed":{"vampirism:vampire":8,"minecraft:witch":2,"vampirism:advanced_vampire":4,"minecraft:spider":8,"naturalist:snail":1,"minecraft:skeleton":27,"minecraft:chicken":7,"artifacts:mimic":3,"minecraft:pig":4,"minecraft:creeper":6,"minecraft:sheep":4,"minecraft:zombie":21,"naturalist:sparrow":1,"minecraft:cow":6}},"DataVersion":3465}