{"stats":{"minecraft:used":{"minecraft:spruce_slab":2,"minecraft:stone":1,"minecraft:rotten_flesh":2,"epicpaladins:bloodstone_axe":38,"minecraft:spruce_boat":4,"born_in_chaos_v1:smoked_flesh":22,"minecraft:lava_bucket":2,"minecraft:grass_block":1,"born_in_chaos_v1:elixir_of_vampirism":1,"minecraft:furnace":20,"minecraft:cooked_cod":1,"minecraft:egg":4,"minecraft:potato":13,"minecraft:orange_tulip":2,"minecraft:blackstone":22,"minecraft:wooden_pickaxe":3,"tombstone:scroll_of_true_sight":1,"minecraft:golden_apple":10,"minecraft:glow_berries":4,"minecraft:sand":8,"minecraft:blast_furnace":2,"born_in_chaos_v1:staffof_magic_arrows":3,"born_in_chaos_v1:dark_ritual_dagger":204,"born_in_chaos_v1:smoked_fish":2,"minecraft:cooked_salmon":27,"born_in_chaos_v1:fried_maggot":15,"minecraft:netherrack":56,"minecraft:torch":272,"minecraft:iron_axe":85,"born_in_chaos_v1:nightmare_scythe":37,"minecraft:smooth_basalt":1,"tombstone:gift":7,"comforts:sleeping_bag_white":3,"minecraft:cobbled_deepslate":10,"minecraft:wheat_seeds":40,"minecraft:water_bucket":31,"born_in_chaos_v1:black_argillite_brick_stairs":1,"minecraft:mossy_cobblestone":1,"minecraft:crafting_table":37,"minecraft:white_bed":4,"minecraft:spruce_log":3,"minecraft:diamond_pickaxe":394,"epicpaladins:arclight_pickaxe":1561,"minecraft:iron_pickaxe":262,"minecraft:tnt_minecart":2,"born_in_chaos_v1:staffofthe_summoner":73,"tombstone:magic_scroll":4,"minecraft:cobblestone":73,"minecraft:potion":1,"minecraft:cooked_porkchop":20,"minecraft:dandelion":1,"epicpaladins:bloodstone_pickaxe":10927,"minecraft:red_sand":1,"minecraft:shield":29,"minecraft:iron_sword":319,"minecraft:mutton":4,"minecraft:jungle_planks":1,"minecraft:carrot":2,"minecraft:tuff":1,"minecraft:obsidian":10,"minecraft:lantern":1,"born_in_chaos_v1:gnawed_bones":1,"minecraft:magma_block":2,"moonsweaponry:diamond_katana":28,"minecraft:stone_pickaxe":36,"minecraft:oak_planks":6,"minecraft:ender_pearl":1,"minecraft:sandstone":2,"minecraft:blue_bed":3,"minecraft:white_wool":5,"epicpaladins:moonlight_pickaxe":244,"minecraft:bread":95,"born_in_chaos_v1:rotten_fish":1,"minecraft:andesite":7,"minecraft:chain":1,"minecraft:bone_meal":58,"minecraft:cobweb":6,"minecraft:experience_bottle":1,"mores:silver_battleaxe":16,"minecraft:flint_and_steel":1,"born_in_chaos_v1:great_reaper_axe":96,"minecraft:dried_kelp":3,"minecraft:spruce_planks":25,"born_in_chaos_v1:black_argillite":4,"minecraft:cooked_chicken":5,"minecraft:dirt":31,"mores:emerald_sword":217,"mores:silver_apple":2,"minecraft:dark_oak_planks":8,"minecraft:wooden_axe":1,"minecraft:oak_stairs":1,"minecraft:golden_carrot":3,"minecraft:cooked_beef":26,"minecraft:pumpkin":2,"minecraft:amethyst_block":12,"born_in_chaos_v1:stimulating_decoction":1,"born_in_chaos_v1:flaming_evil_pumpkin":2,"minecraft:smoker":3,"tombstone:bag_of_seeds":1,"minecraft:apple":4,"minecraft:detector_rail":6,"minecraft:fishing_rod":9,"minecraft:white_banner":2,"epicpaladins:bloodstone_sword":367,"minecraft:bucket":32,"mores:emerald_shield":26},"minecraft:dropped":{"minecraft:iron_sword":1,"minecraft:porkchop":2,"minecraft:cooked_beef":4,"minecraft:glow_ink_sac":7,"minecraft:glass_bottle":2,"minecraft:cooked_porkchop":9,"minecraft:red_sandstone":41,"minecraft:dark_oak_slab":1,"minecraft:saddle":1,"born_in_chaos_v1:pieceofdarkmetal":18,"mores:tin_ingot":5,"born_in_chaos_v1:nightmare_claw":1,"minecraft:rail":1,"minecraft:item_frame":3,"born_in_chaos_v1:monster_flesh":8,"minecraft:dirt":41,"minecraft:dark_oak_fence":1,"minecraft:yellow_dye":6,"minecraft:chain":3,"minecraft:gold_nugget":16,"minecraft:bone_meal":2,"minecraft:sand":1,"minecraft:sugar":2,"minecraft:iron_pickaxe":3,"minecraft:dark_oak_planks":6,"minecraft:fishing_rod":2,"minecraft:white_wool":3,"minecraft:bone":9,"minecraft:cobbled_deepslate":117,"minecraft:wheat":1,"minecraft:obsidian":4,"minecraft:rotten_flesh":36,"born_in_chaos_v1:smoked_flesh":9,"minecraft:tipped_arrow":3,"create:scoria":2,"minecraft:charcoal":10,"minecraft:jungle_log":1,"epicpaladins:bloodstone_shovel":1,"create:limestone":3,"mores:emerald_chestplate":2,"epicpaladins:bloodstone_sword":1,"minecraft:egg":2,"minecraft:enchanted_book":2,"minecraft:iron_ingot":67,"born_in_chaos_v1:intoxicating_decoction":1,"minecraft:wheat_seeds":88,"dynamictrees:birch_seed":26,"createoreexcavation:drill":1,"minecraft:iron_helmet":1,"minecraft:feather":4,"minecraft:cobblestone":656,"epicpaladins:bloodstone_pickaxe":1,"mores:emerald_shield":2,"minecraft:spruce_door":1,"minecraft:coal":7,"minecraft:golden_apple":1,"minecraft:pufferfish":4,"minecraft:cobweb":9,"born_in_chaos_v1:black_argillite":1,"minecraft:wooden_axe":3,"minecraft:rabbit":2,"minecraft:cooked_salmon":1,"minecraft:diamond_helmet":1,"minecraft:potion":1,"minecraft:red_dye":1,"minecraft:paper":12,"minecraft:string":2,"minecraft:lily_pad":1,"create:raw_zinc":2,"minecraft:spruce_sapling":6,"mores:sapphire_chestplate":1,"minecraft:furnace":1,"minecraft:cocoa_beans":6,"mores:raw_tin":60,"born_in_chaos_v1:rotten_fish":4,"minecraft:chicken":6,"mores:emerald_helmet":1,"minecraft:iron_boots":1,"sophisticatedbackpacks:backpack":2,"minecraft:torchflower_seeds":2,"minecraft:pumpkin_seeds":4,"minecraft:potato":3,"minecraft:spruce_boat":1,"moonsweaponry:iron_rapier":1,"mores:emerald_sword":3,"minecraft:spruce_planks":80,"moonsweaponry:diamond_warglaive":1,"moonsweaponry:diamond_katana":1,"minecraft:barrel":5,"minecraft:bow":1,"minecraft:magenta_dye":8,"mores:tin_leggings":1,"minecraft:magma_block":12,"minecraft:lantern":1,"minecraft:leather":2,"minecraft:jungle_planks":3,"create:crimsite":3,"dynamictrees:spruce_seed":1,"artifacts:vampiric_glove":1,"minecraft:flint":4,"minecraft:cracked_polished_blackstone_bricks":4,"moonsweaponry:iron_greatsword":1,"minecraft:cornflower":2,"minecraft:mutton":10,"minecraft:crimson_roots":1,"minecraft:polished_blackstone_bricks":1,"minecraft:gold_ingot":39,"mores:silver_nugget":5,"mores:anthracite":6,"mores:silver_battleaxe":1,"minecraft:blackstone":5,"mores:topaz_leggings":1,"born_in_chaos_v1:smoked_fish":10,"minecraft:carrot":1,"mores:tanzanite_leggings":1,"minecraft:gunpowder":9,"minecraft:beetroot_seeds":2,"born_in_chaos_v1:corpse_maggot":14,"minecraft:arrow":26,"minecraft:quartz":6,"minecraft:netherrack":2605,"minecraft:bread":1,"minecraft:oak_slab":1,"born_in_chaos_v1:wood_splitter_axe":1,"minecraft:lilac":12,"mores:topaz_gem":14,"minecraft:lead":1,"moonsweaponry:iron_halberd":1,"minecraft:stick":5,"born_in_chaos_v1:river_mint":2,"minecraft:torch":4,"mores:tourmaline_gem":18,"minecraft:brown_wool":1,"minecraft:iron_door":1,"tombstone:grave_dust":12,"minecraft:iron_leggings":2,"minecraft:iron_axe":2,"minecraft:polished_basalt":4,"minecraft:smooth_basalt":3,"mores:emerald_leggings":1,"minecraft:sweet_berries":14,"born_in_chaos_v1:black_argillite_brick_stairs":1,"mores:emerald_boots":3,"minecraft:tuff":46,"minecraft:raw_iron":13,"minecraft:red_terracotta":11,"minecraft:flint_and_steel":1,"minecraft:shield":2,"mores:cobalt_helmet":1,"minecraft:iron_chestplate":4,"minecraft:andesite":23,"mores:raw_silver":6,"minecraft:spruce_log":8,"minecraft:slime_ball":1,"minecraft:calcite":6},"minecraft:crafted":{"moonsweaponry:iron_halberd":1,"minecraft:smooth_stone":3,"mores:emerald_leggings":1,"born_in_chaos_v1:spiny_shell_armor_chestplate":1,"mores:topaz_leggings":1,"epicpaladins:bloodstone_axe":1,"minecraft:diamond_helmet":1,"mores:tin_ingot":5,"minecraft:magenta_dye":16,"minecraft:cooked_porkchop":29,"minecraft:tnt_minecart":1,"mores:tanzanite_chestplate":1,"born_in_chaos_v1:smoked_flesh":10,"minecraft:iron_pickaxe":2,"minecraft:gold_ingot":2,"minecraft:sandstone":2,"minecraft:golden_carrot":3,"mores:sapphire_chestplate":1,"comforts:sleeping_bag_white":1,"minecraft:bone_meal":57,"mores:emerald_shield":3,"born_in_chaos_v1:pieceofdarkmetal":54,"minecraft:stone_pickaxe":1,"minecraft:spruce_boat":3,"minecraft:dark_oak_planks":20,"born_in_chaos_v1:bottle_of_magical_energy":1,"minecraft:wheat":216,"minecraft:dried_kelp":3,"born_in_chaos_v1:great_reaper_axe":1,"sophisticatedbackpacks:gold_backpack":1,"minecraft:bone":6,"minecraft:orange_dye":8,"minecraft:golden_apple":2,"born_in_chaos_v1:elixir_of_vampirism":1,"minecraft:wooden_axe":1,"minecraft:iron_leggings":2,"mores:emerald_chestplate":2,"moonsweaponry:diamond_katana":1,"minecraft:oak_planks":24,"minecraft:cooked_chicken":4,"minecraft:stone":4,"epicpaladins:arclight_pickaxe":1,"born_in_chaos_v1:dark_metal_ingot":7,"mores:emerald_helmet":1,"born_in_chaos_v1:dark_ritual_dagger":1,"minecraft:iron_boots":2,"born_in_chaos_v1:pileof_dark_metal":10,"mores:silver_ingot":4,"sophisticatedbackpacks:backpack":2,"born_in_chaos_v1:smoked_fish":7,"minecraft:crafting_table":20,"mores:tanzanite_boots":1,"minecraft:spruce_planks":276,"minecraft:wooden_pickaxe":1,"minecraft:iron_helmet":2,"minecraft:birch_planks":24,"moonsweaponry:iron_rapier":1,"born_in_chaos_v1:staffofthe_summoner":1,"epicpaladins:moonlight_pickaxe":2,"minecraft:iron_chestplate":2,"minecraft:diamond_pickaxe":1,"minecraft:yellow_dye":3,"minecraft:shield":1,"sophisticatedbackpacks:diamond_backpack":3,"minecraft:stick":108,"minecraft:iron_ingot":124,"mores:emerald_boots":2,"mores:emerald_sword":2,"epicpaladins:bloodstone_shovel":1,"minecraft:coal":162,"minecraft:fishing_rod":3,"born_in_chaos_v1:nightmare_mantleofthe_night_leggings":1,"mores:silver_battleaxe":1,"born_in_chaos_v1:nightmare_mantleofthe_night_boots":1,"minecraft:furnace":13,"minecraft:blast_furnace":1,"epicpaladins:bloodstone_sword":2,"minecraft:leather":14,"born_in_chaos_v1:bone_handle":7,"minecraft:iron_axe":1,"born_in_chaos_v1:fried_maggot":15,"sophisticatedbackpacks:iron_backpack":1,"minecraft:cooked_beef":29,"minecraft:red_dye":1,"minecraft:cooked_cod":1,"mores:tanzanite_helmet":1,"born_in_chaos_v1:nightmare_scythe":1,"minecraft:iron_sword":2,"minecraft:cooked_salmon":27,"minecraft:bucket":1,"born_in_chaos_v1:bone_heart":1,"minecraft:bread":83,"minecraft:air":0,"mores:tanzanite_leggings":2,"minecraft:gold_nugget":36,"epicpaladins:bloodstone_pickaxe":7,"minecraft:acacia_planks":8,"minecraft:torch":244},"minecraft:killed":{"minecraft:cave_spider":7,"born_in_chaos_v1:restless_spirit":3,"born_in_chaos_v1:zombie_lumberjack":3,"born_in_chaos_v1:skeleton_demoman":1,"born_in_chaos_v1:door_knight_not_despawn":1,"born_in_chaos_v1:siamese_skeletonsright":1,"born_in_chaos_v1:baby_skeleton_minion":14,"minecraft:skeleton":21,"minecraft:chicken":6,"born_in_chaos_v1:skeleton_thrasher":2,"born_in_chaos_v1:supreme_bonescaller_stage_2":1,"minecraft:magma_cube":2,"born_in_chaos_v1:bone_imp":1,"minecraft:salmon":30,"minecraft:iron_golem":1,"minecraft:pillager":6,"minecraft:zombie":31,"born_in_chaos_v1:corpse_fly":26,"born_in_chaos_v1:door_knight":2,"minecraft:cow":14,"born_in_chaos_v1:thornshell_crab":3,"born_in_chaos_v1:barrel_zombie":1,"born_in_chaos_v1:bone_imp_minion":29,"born_in_chaos_v1:decrepit_skeleton":10,"born_in_chaos_v1:bloody_gadfly":1,"born_in_chaos_v1:dark_vortex":3,"born_in_chaos_v1:zombie_clown":1,"minecraft:witch":1,"minecraft:spider":9,"born_in_chaos_v1:firelight_not_despawn":1,"minecraft:piglin":1,"minecraft:pig":8,"born_in_chaos_v1:diamond_termite":6,"minecraft:zombie_villager":3,"minecraft:creeper":2,"minecraft:sheep":11,"born_in_chaos_v1:dread_hound":6,"minecraft:stray":12,"minecraft:blaze":2,"born_in_chaos_v1:siamese_skeletonsleft":1,"born_in_chaos_v1:zombie_bruiser":2,"born_in_chaos_v1:maggot":8,"born_in_chaos_v1:corpse_fish":4,"born_in_chaos_v1:fallen_chaos_knight":1,"born_in_chaos_v1:baby_skeleton":3,"born_in_chaos_v1:swarmer":2,"born_in_chaos_v1:bonescaller_not_despawn":3,"born_in_chaos_v1:nightmare_stalker":3},"minecraft:broken":{"epicpaladins:bloodstone_pickaxe":7,"minecraft:iron_boots":1,"minecraft:iron_sword":1,"epicpaladins:arclight_pickaxe":1,"minecraft:iron_helmet":1},"minecraft:custom":{"minecraft:interact_with_crafting_table":202,"minecraft:open_barrel":62,"minecraft:leave_game":5,"minecraft:time_since_death":284637,"minecraft:damage_blocked_by_shield":1620,"minecraft:play_time":462361,"minecraft:deaths":3,"minecraft:jump":7584,"minecraft:interact_with_furnace":201,"minecraft:interact_with_cartography_table":2,"minecraft:sleep_in_bed":14,"minecraft:damage_dealt":55040,"tombstone:undead_killed":146,"minecraft:interact_with_smoker":84,"minecraft:interact_with_smithing_table":2,"minecraft:damage_dealt_absorbed":440,"minecraft:sneak_time":18114,"minecraft:interact_with_blast_furnace":19,"minecraft:total_world_time":462361,"tombstone:raider_killed":7,"minecraft:time_since_rest":63290,"tombstone:cast_on_ally":2,"minecraft:swim_one_cm":54931,"minecraft:fly_one_cm":1413970,"minecraft:open_chest":91,"minecraft:fish_caught":2,"minecraft:fall_one_cm":191771,"minecraft:damage_resisted":4,"minecraft:sprint_one_cm":1547256,"minecraft:drop":397,"minecraft:talked_to_villager":12,"minecraft:interact_with_brewingstand":4,"minecraft:walk_on_water_one_cm":60423,"minecraft:player_kills":3,"minecraft:crouch_one_cm":49198,"minecraft:mob_kills":328,"minecraft:damage_dealt_resisted":8450,"minecraft:climb_one_cm":19743,"minecraft:walk_one_cm":1158995,"minecraft:raid_win":1,"minecraft:walk_under_water_one_cm":34908,"minecraft:boat_one_cm":20,"minecraft:raid_trigger":1,"minecraft:damage_taken":12284,"minecraft:damage_absorbed":498},"minecraft:picked_up":{"minecraft:wooden_axe":2,"minecraft:iron_chestplate":2,"minecraft:lead":1,"minecraft:oak_stairs":1,"minecraft:enchanted_book":1,"minecraft:amethyst_block":12,"minecraft:string":52,"create:limestone":3,"minecraft:cooked_salmon":1,"minecraft:pufferfish":4,"minecraft:gold_nugget":4,"minecraft:cobbled_deepslate":127,"minecraft:spruce_planks":11,"minecraft:coal_block":18,"born_in_chaos_v1:shattered_skull":1,"minecraft:acacia_log":2,"mores:topaz_gem":24,"born_in_chaos_v1:black_argillite_brick_stairs":2,"epicpaladins:moonlight_gem":35,"mores:raw_tin":68,"moonsweaponry:diamond_katana":1,"create:scoria":2,"minecraft:blackstone_wall":1,"minecraft:polished_basalt":5,"minecraft:iron_block":10,"mores:silver_nugget":5,"minecraft:birch_log":63,"born_in_chaos_v1:staffof_magic_arrows":1,"minecraft:magma_block":14,"minecraft:feather":12,"minecraft:cooked_beef":1,"minecraft:iron_door":1,"born_in_chaos_v1:spiritual_dust":11,"minecraft:jungle_log":1,"minecraft:brown_wool":1,"minecraft:smoker":5,"mores:tin_leggings":1,"minecraft:flint":4,"minecraft:lantern":2,"createoreexcavation:drill":1,"minecraft:rabbit":2,"minecraft:dark_oak_log":5,"minecraft:red_terracotta":11,"minecraft:barrel":5,"minecraft:bundle":1,"create:crimsite":3,"minecraft:bread":3,"born_in_chaos_v1:rotten_fish":7,"mores:raw_silver":10,"minecraft:dark_oak_fence":2,"minecraft:crimson_roots":1,"minecraft:crafting_table":19,"born_in_chaos_v1:seedof_chaos":12,"minecraft:cornflower":2,"minecraft:flint_and_steel":1,"born_in_chaos_v1:intoxicating_decoction":1,"born_in_chaos_v1:smoked_fish":5,"minecraft:beef":37,"born_in_chaos_v1:gnawed_bones":4,"minecraft:poppy":1,"minecraft:spruce_slab":2,"minecraft:minecart":1,"minecraft:chest":2,"minecraft:egg":6,"minecraft:spruce_fence":1,"sophisticatedbackpacks:backpack":1,"born_in_chaos_v1:pieceofdarkmetal":37,"minecraft:carrot":1,"born_in_chaos_v1:wood_splitter_axe":1,"minecraft:hay_block":24,"tombstone:essence_of_undeath":1,"born_in_chaos_v1:spiny_shell":8,"minecraft:gold_ingot":1,"minecraft:mutton":31,"minecraft:rail":1,"minecraft:white_wool":11,"born_in_chaos_v1:monster_flesh":6,"minecraft:yellow_dye":3,"minecraft:oak_log":6,"minecraft:lily_pad":1,"minecraft:ancient_debris":12,"epicpaladins:bloodstone_sword":1,"minecraft:blue_bed":3,"minecraft:paper":12,"minecraft:white_banner":2,"minecraft:apple":4,"minecraft:kelp":3,"born_in_chaos_v1:smoked_flesh":1,"tombstone:bag_of_seeds":1,"minecraft:dark_oak_slab":2,"minecraft:smooth_basalt":5,"minecraft:sweet_berries":14,"born_in_chaos_v1:orbofthe_summoner":3,"born_in_chaos_v1:ethereal_spirit":12,"mores:ruby_gem":6,"minecraft:spruce_sapling":6,"minecraft:spruce_log":76,"minecraft:slime_ball":1,"mores:sapphire_gem":9,"mores:anthracite":7,"minecraft:wheat":34,"minecraft:potion":1,"born_in_chaos_v1:bloody_gadfly_eye":1,"born_in_chaos_v1:black_argillite":5,"mores:tourmaline_gem":21,"epicpaladins:bloodstone_gem":29,"minecraft:experience_bottle":1,"minecraft:zombie_head":1,"minecraft:red_sand":1,"minecraft:tnt_minecart":2,"moonsweaponry:iron_greatsword":1,"comforts:sleeping_bag_white":3,"minecraft:redstone_torch":1,"minecraft:calcite":6,"minecraft:iron_pickaxe":1,"born_in_chaos_v1:stimulating_decoction":3,"mores:emerald_sword":1,"minecraft:furnace":17,"minecraft:tipped_arrow":6,"minecraft:stick":91,"epicpaladins:arclight_gem":3,"minecraft:oak_fence":1,"minecraft:torch":30,"born_in_chaos_v1:flaming_evil_pumpkin":2,"minecraft:porkchop":33,"tombstone:grave_dust":42,"born_in_chaos_v1:nightmare_claw":5,"mores:cobalt_helmet":1,"minecraft:rotten_flesh":100,"epicpaladins:cryorium_gem":9,"minecraft:obsidian":18,"minecraft:cod":1,"minecraft:cobblestone":1241,"minecraft:lilac":20,"minecraft:andesite":40,"minecraft:potato":12,"minecraft:tuff":47,"create:raw_zinc":2,"minecraft:lapis_lazuli":13,"minecraft:dirt":73,"born_in_chaos_v1:monster_skin":8,"minecraft:bone":66,"minecraft:bow":2,"minecraft:orange_tulip":10,"minecraft:wheat_seeds":126,"minecraft:raw_gold":1,"minecraft:oak_planks":6,"moonsweaponry:diamond_warglaive":1,"mores:tanzanite_gem":57,"minecraft:jungle_planks":6,"minecraft:sand":17,"mores:raw_cobalt":34,"minecraft:grass_block":1,"minecraft:mossy_cobblestone":1,"minecraft:sugar":2,"born_in_chaos_v1:fire_dust":1,"minecraft:diamond":31,"minecraft:spruce_boat":2,"minecraft:cracked_polished_blackstone_bricks":4,"minecraft:bone_meal":3,"minecraft:emerald":6,"minecraft:netherrack":2975,"minecraft:charcoal":10,"minecraft:cocoa_beans":6,"born_in_chaos_v1:diamond_termite_shard":6,"born_in_chaos_v1:river_mint":2,"minecraft:chicken":16,"dynamictrees:spruce_seed":1,"minecraft:gold_block":2,"epicpaladins:bloodstone_pickaxe":1,"minecraft:chain":5,"minecraft:shield":1,"minecraft:iron_axe":1,"minecraft:item_frame":4,"minecraft:blackstone":61,"minecraft:detector_rail":8,"mores:emerald_boots":1,"minecraft:raw_iron":83,"artifacts:vampiric_glove":1,"minecraft:polished_blackstone_bricks":1,"minecraft:dark_oak_planks":10,"minecraft:arrow":40,"minecraft:saddle":1,"born_in_chaos_v1:fused_bone":1,"born_in_chaos_v1:corpse_maggot":37,"minecraft:salmon":35,"minecraft:glow_ink_sac":7,"minecraft:leather":16,"minecraft:gunpowder":5,"minecraft:red_sandstone":41,"minecraft:iron_ingot":11,"born_in_chaos_v1:chipped_black_argillite_brick":1,"dynamictrees:birch_seed":26,"minecraft:cooked_chicken":1,"minecraft:book":3,"minecraft:oak_slab":1,"born_in_chaos_v1:death_totem":1,"minecraft:pumpkin":2,"born_in_chaos_v1:lifestealer_bone":4,"minecraft:quartz":7,"minecraft:dandelion":4,"born_in_chaos_v1:dark_rod":6,"minecraft:blast_furnace":3,"mores:moissanite_gem":5,"minecraft:white_bed":4,"minecraft:spider_eye":4,"minecraft:spruce_door":1,"minecraft:pumpkin_seeds":4,"tombstone:magic_scroll":4,"minecraft:damaged_anvil":1,"minecraft:coal":279},"minecraft:mined":{"minecraft:dark_oak_planks":4,"minecraft:white_bed":3,"minecraft:obsidian":14,"minecraft:red_sand":10,"born_in_chaos_v1:dark_metal_deposit":2,"minecraft:coal_block":18,"minecraft:spawner":11,"minecraft:polished_blackstone_bricks":2,"epicpaladins:moonlight_ore":27,"minecraft:magma_block":21,"mores:deepslate_tourmaline_ore":21,"mores:nether_tanzanite_ore":40,"minecraft:fire":37,"minecraft:cobbled_deepslate":10,"minecraft:deepslate_lapis_ore":1,"minecraft:sculk_shrieker":1,"minecraft:cave_vines":4,"minecraft:oak_sign":1,"minecraft:oak_stairs":2,"minecraft:iron_block":10,"create:limestone":2,"minecraft:smoker":5,"mores:deepslate_anthracite_ore":5,"minecraft:torch":11,"minecraft:blast_furnace":3,"minecraft:white_stained_glass_pane":1,"create:scoria":2,"minecraft:damaged_anvil":1,"minecraft:amethyst_block":5,"minecraft:chain":1,"minecraft:wheat":41,"minecraft:lilac":12,"biomesoplenty:large_rose_quartz_bud":1,"minecraft:grass":91,"mores:silver_ore":5,"minecraft:smooth_basalt":2,"minecraft:deepslate":59,"create:zinc_ore":1,"minecraft:mossy_cobblestone":1,"mores:nether_moissanite_ore":4,"minecraft:dark_oak_log":2,"minecraft:spruce_fence":1,"born_in_chaos_v1:black_argillite":5,"minecraft:crimson_roots":1,"born_in_chaos_v1:flaming_evil_pumpkin":1,"born_in_chaos_v1:gnawed_bones":1,"epicpaladins:deepslate_arclight_ore":3,"minecraft:red_sandstone":42,"minecraft:andesite":20,"mores:deepslate_cobalt_ore":14,"biomesoplenty:high_grass":10,"minecraft:white_wool":1,"minecraft:glass_pane":4,"minecraft:dandelion":3,"minecraft:campfire":4,"biomesoplenty:high_grass_plant":23,"minecraft:tall_grass":25,"minecraft:deepslate_gold_ore":1,"mores:tin_ore":12,"epicpaladins:bloodstone_ore":6,"minecraft:red_terracotta":12,"minecraft:spruce_log":57,"minecraft:white_carpet":1,"mores:deepslate_tin_ore":1,"minecraft:cobweb":22,"minecraft:fern":8,"create:deepslate_zinc_ore":1,"minecraft:spruce_planks":5,"minecraft:sculk_vein":2,"mores:nether_anthracite_ore":9,"minecraft:grass_block":4,"minecraft:cracked_polished_blackstone_bricks":2,"comforts:sleeping_bag_white":1,"minecraft:iron_ore":65,"born_in_chaos_v1:black_argillite_brick_stairs":2,"biomesoplenty:medium_rose_quartz_bud":1,"minecraft:blackstone":87,"minecraft:calcite":2,"minecraft:poppy":1,"minecraft:chest":2,"minecraft:nether_quartz_ore":22,"minecraft:cobblestone":101,"mores:nether_sapphire_ore":4,"minecraft:oak_planks":5,"minecraft:iron_door":1,"minecraft:wall_torch":8,"minecraft:warped_nylium":7,"minecraft:dark_oak_slab":1,"epicpaladins:deepslate_cryorium_ore":9,"dynamictrees:birch_leaves":5,"biomesoplenty:maple_leaves":2,"minecraft:orange_tulip":10,"minecraft:oak_log":5,"minecraft:sand":21,"minecraft:dirt":13,"minecraft:netherrack":11692,"minecraft:ancient_debris":12,"mores:deepslate_topaz_ore":20,"create:crimsite":3,"minecraft:nether_gold_ore":1,"minecraft:tuff":24,"minecraft:deepslate_diamond_ore":30,"minecraft:blackstone_wall":1,"born_in_chaos_v1:infected_diamond_ore":4,"minecraft:spruce_leaves":6,"minecraft:large_fern":4,"minecraft:hay_block":25,"minecraft:furnace":17,"minecraft:carrots":1,"minecraft:polished_basalt":3,"minecraft:detector_rail":4,"minecraft:gold_block":2,"minecraft:deepslate_iron_ore":1,"minecraft:stone":674,"mores:cobalt_ore":20,"epicpaladins:deepslate_bloodstone_ore":24,"minecraft:oak_fence":2,"minecraft:crafting_table":19,"minecraft:sculk_sensor":1,"mores:nether_silver_ore":5,"minecraft:deepslate_coal_ore":4,"born_in_chaos_v1:chipped_black_argillite_brick":1,"minecraft:lapis_ore":1,"biomesoplenty:sprout":5,"minecraft:sculk":7,"minecraft:blue_bed":3,"mores:deepslate_ruby_ore":6,"minecraft:sweet_berry_bush":7,"minecraft:yellow_bed":1,"minecraft:coal_ore":118}},"DataVersion":3465}