{
  "securitycraft:recipes/securitycraft/universal_block_remover": {
    "criteria": {
      "has_iron": "2024-10-24 17:50:17 +0000"
    },
    "done": true
  },
  "minecraft:recipes/tools/fishing_rod": {
    "criteria": {
      "has_string": "2024-10-24 18:13:18 +0000"
    },
    "done": true
  },
  "minecraft:recipes/decorations/smoker": {
    "criteria": {
      "has_furnace": "2024-10-24 17:56:09 +0000"
    },
    "done": true
  },
  "extradelight:recipes/extradelight.items/wooden_spoon": {
    "criteria": {
      "Recipes": "2024-10-24 17:52:56 +0000"
    },
    "done": true
  },
  "create:recipes/create.base/blasting/zinc_ingot_from_raw_ore": {
    "criteria": {
      "has_item": "2024-10-24 18:04:15 +0000"
    },
    "done": true
  },
  "smallships:recipes/transportation/birch_drakkar": {
    "criteria": {
      "in_water": "2024-10-24 17:48:23 +0000"
    },
    "done": true
  },
  "minecraft:recipes/redstone/lever": {
    "criteria": {
      "has_cobblestone": "2024-10-24 17:54:22 +0000"
    },
    "done": true
  },
  "design_decor:recipes/design_decor/veridium_castel_tile_wall_from_stone_types_veridium_stonecutting": {
    "criteria": {
      "has_stone_types_veridium": "2024-10-24 17:54:58 +0000"
    },
    "done": true
  },
  "createindustry:recipes/createindustry.building/small_galena_brick_stairs_from_stone_types_galena_stonecutting": {
    "criteria": {
      "has_stone_types_galena": "2024-10-24 18:04:07 +0000"
    },
    "done": true
  },
  "farmersdelight:recipes/farmersdelight/organic_compost_from_rotten_flesh": {
    "criteria": {
      "has_rotten_flesh": "2024-10-24 18:05:47 +0000"
    },
    "done": true
  },
  "minecraft:recipes/redstone/acacia_button": {
    "criteria": {
      "has_planks": "2024-10-24 17:52:56 +0000"
    },
    "done": true
  },
  "minecraft:recipes/combat/iron_sword": {
    "criteria": {
      "has_iron_ingot": "2024-10-24 17:50:18 +0000"
    },
    "done": true
  },
  "extradelight:recipes/extradelight.aesthetic/crimson_step_stool": {
    "criteria": {
      "crimson_step_stool": "2024-10-24 17:50:18 +0000"
    },
    "done": true
  },
  "create:recipes/create.palettes/cut_andesite_slab_from_stone_types_andesite_stonecutting": {
    "criteria": {
      "has_stone_types_andesite": "2024-10-24 17:55:16 +0000"
    },
    "done": true
  },
  "design_decor:recipes/design_decor/metal_plate_slab_from_ingots_iron_stonecutting": {
    "criteria": {
      "has_ingots_iron": "2024-10-24 17:50:18 +0000"
    },
    "done": true
  },
  "minecraft:recipes/building_blocks/polished_deepslate": {
    "criteria": {
      "has_cobbled_deepslate": "2024-10-24 18:04:36 +0000"
    },
    "done": true
  },
  "minecraft:recipes/building_blocks/chiseled_deepslate_from_cobbled_deepslate_stonecutting": {
    "criteria": {
      "has_cobbled_deepslate": "2024-10-24 18:04:36 +0000"
    },
    "done": true
  },
  "minecraft:recipes/building_blocks/lime_concrete_powder": {
    "criteria": {
      "has_sand": "2024-10-24 17:48:36 +0000"
    },
    "done": true
  },
  "securitycraft:recipes/securitycraft/sentry": {
    "criteria": {
      "has_iron": "2024-10-24 17:50:18 +0000"
    },
    "done": true
  },
  "minecraft:recipes/tools/iron_pickaxe": {
    "criteria": {
      "has_iron_ingot": "2024-10-24 17:50:18 +0000"
    },
    "done": true
  },
  "vinery:big_table": {
    "criteria": {
      "has_iron_ingot": "2024-10-24 17:50:18 +0000"
    },
    "done": true
  },
  "minecraft:recipes/building_blocks/yellow_concrete_powder": {
    "criteria": {
      "has_sand": "2024-10-24 17:48:36 +0000"
    },
    "done": true
  },
  "minecraft:recipes/decorations/crafting_table": {
    "criteria": {
      "has_planks": "2024-10-24 17:52:56 +0000"
    },
    "done": true
  },
  "smallships:recipes/transportation/birch_cog": {
    "criteria": {
      "in_water": "2024-10-24 17:48:23 +0000"
    },
    "done": true
  },
  "vinery:cherry_fence": {
    "criteria": {
      "has_stick": "2024-10-24 17:50:18 +0000"
    },
    "done": true
  },
  "minecraft:recipes/decorations/ladder": {
    "criteria": {
      "has_stick": "2024-10-24 17:50:18 +0000"
    },
    "done": true
  },
  "minecraft:recipes/decorations/chest": {
    "criteria": {
      "has_lots_of_items": "2024-10-24 17:54:08 +0000"
    },
    "done": true
  },
  "minecraft:recipes/building_blocks/cobbled_deepslate_slab": {
    "criteria": {
      "has_cobbled_deepslate": "2024-10-24 18:04:36 +0000"
    },
    "done": true
  },
  "minecraft:recipes/transportation/mangrove_boat": {
    "criteria": {
      "in_water": "2024-10-24 17:48:23 +0000"
    },
    "done": true
  },
  "extradelight:recipes/extradelight.aesthetic/spruce_step_stool": {
    "criteria": {
      "spruce_step_stool": "2024-10-24 17:50:18 +0000"
    },
    "done": true
  },
  "minecraft:recipes/tools/wooden_shovel": {
    "criteria": {
      "has_stick": "2024-10-24 17:50:18 +0000"
    },
    "done": true
  },
  "minecraft:recipes/decorations/torch": {
    "criteria": {
      "has_the_recipe": "2024-10-24 17:54:16 +0000"
    },
    "done": true
  },
  "farmersdelight:recipes/farmersdelight/cooking/vegetable_soup": {
    "criteria": {
      "has_any_ingredient": "2024-10-24 17:50:06 +0000"
    },
    "done": true
  },
  "create:recipes/create.palettes/industrial_iron_block_from_ingots_iron_stonecutting": {
    "criteria": {
      "has_ingots_iron": "2024-10-24 17:50:17 +0000"
    },
    "done": true
  },
  "mcwfences:recipes/stone": {
    "criteria": {
      "has_stone": "2024-10-24 17:48:36 +0000"
    },
    "done": true
  },
  "minecraft:recipes/tools/shears": {
    "criteria": {
      "has_iron_ingot": "2024-10-24 17:50:18 +0000"
    },
    "done": true
  },
  "minecraft:recipes/misc/stick": {
    "criteria": {
      "has_planks": "2024-10-24 17:52:56 +0000"
    },
    "done": true
  },
  "smallships:recipes/transportation/acacia_galley": {
    "criteria": {
      "in_water": "2024-10-24 17:48:23 +0000"
    },
    "done": true
  },
  "create:recipes/create.palettes/small_granite_brick_stairs_from_stone_types_granite_stonecutting": {
    "criteria": {
      "has_stone_types_granite": "2024-10-24 17:55:42 +0000"
    },
    "done": true
  },
  "vinery:oak_wine_rack_small": {
    "criteria": {
      "has_oak_planks": "2024-10-24 18:12:30 +0000"
    },
    "done": true
  },
  "biomesoplenty:recipes/building_blocks/orange_sandstone_stairs": {
    "criteria": {
      "has_sandstone": "2024-10-24 17:53:54 +0000"
    },
    "done": true
  },
  "mcwfences:recipes/jungle": {
    "criteria": {
      "has_jungle": "2024-10-24 17:48:36 +0000"
    },
    "done": true
  },
  "travelersbackpack:recipes/travelersbackpack/creeper": {
    "criteria": {
      "has_gunpowder": "2024-10-24 18:14:34 +0000"
    },
    "done": true
  },
  "securitycraft:recipes/securitycraft/electrified_iron_fence": {
    "criteria": {
      "has_iron": "2024-10-24 17:50:18 +0000"
    },
    "done": true
  },
  "minecraft:recipes/building_blocks/emerald_block": {
    "criteria": {
      "has_emerald": "2024-10-24 18:41:39 +0000"
    },
    "done": true
  },
  "minecraft:recipes/transportation/detector_rail": {
    "criteria": {
      "has_rail": "2024-10-24 18:15:46 +0000"
    },
    "done": true
  },
  "extradelight:recipes/extradelight.items/mixing_bowl": {
    "criteria": {
      "Recipes": "2024-10-24 17:52:56 +0000"
    },
    "done": true
  },
  "mcwfences:recipes/oak": {
    "criteria": {
      "has_oak": "2024-10-24 17:48:36 +0000"
    },
    "done": true
  },
  "minecraft:recipes/combat/iron_leggings": {
    "criteria": {
      "has_iron_ingot": "2024-10-24 17:50:17 +0000"
    },
    "done": true
  },
  "travelersbackpack:recipes/travelersbackpack/emerald": {
    "criteria": {
      "has_emerald": "2024-10-24 18:41:39 +0000"
    },
    "done": true
  },
  "create:recipes/create.palettes/ornate_iron_window": {
    "criteria": {
      "has_ingredient": "2024-10-24 18:41:36 +0000"
    },
    "done": true
  },
  "mcwfences:recipes/end": {
    "criteria": {
      "has_end_brick": "2024-10-24 17:48:36 +0000"
    },
    "done": true
  },
  "minecraft:recipes/combat/shield": {
    "criteria": {
      "has_iron_ingot": "2024-10-24 17:50:18 +0000"
    },
    "done": true
  },
  "minecraft:recipes/building_blocks/cobblestone_slab": {
    "criteria": {
      "has_cobblestone": "2024-10-24 17:54:22 +0000"
    },
    "done": true
  },
  "vinery:grapevine_lattice": {
    "criteria": {
      "has_stick": "2024-10-24 17:50:18 +0000"
    },
    "done": true
  },
  "biomesoplenty:recipes/building_blocks/orange_sandstone_slab_from_orange_sandstone_stonecutting": {
    "criteria": {
      "has_orange_sandstone": "2024-10-24 17:53:54 +0000"
    },
    "done": true
  },
  "design_decor:recipes/design_decor/diagonal_metal_support_from_ingots_iron_stonecutting": {
    "criteria": {
      "has_ingots_iron": "2024-10-24 17:50:18 +0000"
    },
    "done": true
  },
  "create:recipes/create.palettes/cut_tuff_bricks_from_stone_types_tuff_stonecutting": {
    "criteria": {
      "has_stone_types_tuff": "2024-10-24 17:55:13 +0000"
    },
    "done": true
  },
  "minecraft:recipes/redstone/hopper": {
    "criteria": {
      "has_iron_ingot": "2024-10-24 17:50:17 +0000"
    },
    "done": true
  },
  "minecraft:recipes/decorations/cobbled_deepslate_wall_from_cobbled_deepslate_stonecutting": {
    "criteria": {
      "has_cobbled_deepslate": "2024-10-24 18:04:36 +0000"
    },
    "done": true
  },
  "create:recipes/create.palettes/polished_cut_veridium_from_stone_types_veridium_stonecutting": {
    "criteria": {
      "has_stone_types_veridium": "2024-10-24 17:54:58 +0000"
    },
    "done": true
  },
  "create:recipes/building_blocks/andesite_from_stone_types_andesite_stonecutting": {
    "criteria": {
      "has_stone_types_andesite": "2024-10-24 17:55:16 +0000"
    },
    "done": true
  },
  "farmersdelight:recipes/farmersdelight/cooking/beef_stew": {
    "criteria": {
      "has_any_ingredient": "2024-10-24 17:50:06 +0000"
    },
    "done": true
  },
  "extradelight:recipes/extradelight.items/offset_spatula_wood": {
    "criteria": {
      "Recipes": "2024-10-24 17:52:56 +0000"
    },
    "done": true
  },
  "naturalist:recipes/food/cooked_egg": {
    "criteria": {
      "has_eggs": "2024-10-24 17:48:36 +0000"
    },
    "done": true
  },
  "minecraft:recipes/building_blocks/deepslate_tile_stairs_from_cobbled_deepslate_stonecutting": {
    "criteria": {
      "has_cobbled_deepslate": "2024-10-24 18:04:36 +0000"
    },
    "done": true
  },
  "minecraft:recipes/building_blocks/light_gray_concrete_powder": {
    "criteria": {
      "has_sand": "2024-10-24 17:48:36 +0000"
    },
    "done": true
  },
  "design_decor:recipes/design_decor/veridium_castel_bricks_from_stone_types_veridium_stonecutting": {
    "criteria": {
      "has_stone_types_veridium": "2024-10-24 17:54:58 +0000"
    },
    "done": true
  },
  "farmersdelight:recipes/farmersdelight/cooking/vegetable_noodles": {
    "criteria": {
      "has_any_ingredient": "2024-10-24 17:50:06 +0000"
    },
    "done": true
  },
  "biomesoplenty:recipes/transportation/cherry_boat": {
    "criteria": {
      "in_water": "2024-10-24 17:48:23 +0000"
    },
    "done": true
  },
  "biomesoplenty:recipes/building_blocks/cut_orange_sandstone_slab_from_orange_sandstone_stonecutting": {
    "criteria": {
      "has_orange_sandstone": "2024-10-24 17:53:54 +0000"
    },
    "done": true
  },
  "create:recipes/create.palettes/cut_tuff_slab_from_stone_types_tuff_stonecutting": {
    "criteria": {
      "has_stone_types_tuff": "2024-10-24 17:55:13 +0000"
    },
    "done": true
  },
  "biomesoplenty:recipes/transportation/fir_boat": {
    "criteria": {
      "in_water": "2024-10-24 17:48:23 +0000"
    },
    "done": true
  },
  "minecraft:recipes/misc/gold_ingot_from_smelting_raw_gold": {
    "criteria": {
      "has_raw_gold": "2024-10-24 18:04:26 +0000"
    },
    "done": true
  },
  "create:recipes/create.palettes/cut_granite_slab_from_stone_types_granite_stonecutting": {
    "criteria": {
      "has_stone_types_granite": "2024-10-24 17:55:42 +0000"
    },
    "done": true
  },
  "minecraft:recipes/building_blocks/pink_concrete_powder": {
    "criteria": {
      "has_sand": "2024-10-24 17:48:36 +0000"
    },
    "done": true
  },
  "securitycraft:recipes/securitycraft/security_camera": {
    "criteria": {
      "has_iron": "2024-10-24 17:50:17 +0000"
    },
    "done": true
  },
  "securitycraft:recipes/securitycraft/door_indestructible_iron_item": {
    "criteria": {
      "has_iron": "2024-10-24 17:50:18 +0000"
    },
    "done": true
  },
  "incendium:technical/using/trailblazer": {
    "criteria": {
      "log_spam_fixer": "2024-10-24 17:48:08 +0000"
    },
    "done": false
  },
  "design_decor:recipes/design_decor/metal_plate_from_ingots_iron_stonecutting": {
    "criteria": {
      "has_ingots_iron": "2024-10-24 17:50:18 +0000"
    },
    "done": true
  },
  "create:recipes/create.palettes/cut_andesite_bricks_from_stone_types_andesite_stonecutting": {
    "criteria": {
      "has_stone_types_andesite": "2024-10-24 17:55:16 +0000"
    },
    "done": true
  },
  "minecraft:recipes/decorations/acacia_fence": {
    "criteria": {
      "has_planks": "2024-10-24 17:52:56 +0000"
    },
    "done": true
  },
  "extradelight:recipes/extradelight.items/oven": {
    "criteria": {
      "Recipes": "2024-10-24 17:56:09 +0000"
    },
    "done": true
  },
  "minecraft:recipes/decorations/iron_bars": {
    "criteria": {
      "has_iron_ingot": "2024-10-24 17:50:17 +0000"
    },
    "done": true
  },
  "minecraft:recipes/building_blocks/andesite_stairs_from_andesite_stonecutting": {
    "criteria": {
      "has_andesite": "2024-10-24 17:55:16 +0000"
    },
    "done": true
  },
  "smallships:recipes/transportation/oak_brigg": {
    "criteria": {
      "in_water": "2024-10-24 17:48:23 +0000"
    },
    "done": true
  },
  "incendium:technical/scroll_of_returning": {
    "criteria": {
      "log_spam_fixer": "2024-10-24 17:48:08 +0000"
    },
    "done": false
  },
  "smallships:recipes/transportation/birch_galley": {
    "criteria": {
      "in_water": "2024-10-24 17:48:23 +0000"
    },
    "done": true
  },
  "minecraft:story/obtain_armor": {
    "criteria": {
      "iron_chestplate": "2024-10-24 18:01:40 +0000"
    },
    "done": true
  },
  "biomesoplenty:biomesoplenty/all_biomes": {
    "criteria": {
      "lush_desert": "2024-10-24 17:49:35 +0000",
      "grassland": "2024-10-24 17:49:32 +0000"
    },
    "done": false
  },
  "create:recipes/create.base/smelting/zinc_ingot_from_raw_ore": {
    "criteria": {
      "has_item": "2024-10-24 18:04:15 +0000"
    },
    "done": true
  },
  "minecraft:recipes/decorations/deepslate_brick_wall_from_cobbled_deepslate_stonecutting": {
    "criteria": {
      "has_cobbled_deepslate": "2024-10-24 18:04:36 +0000"
    },
    "done": true
  },
  "extradelight:recipes/extradelight.items/omelette_mix_veg_cheese": {
    "criteria": {
      "Recipes": "2024-10-24 17:50:06 +0000"
    },
    "done": true
  },
  "minecraft:recipes/brewing/cauldron": {
    "criteria": {
      "has_water_bucket": "2024-10-24 18:40:43 +0000"
    },
    "done": true
  },
  "minecraft:recipes/combat/diamond_leggings": {
    "criteria": {
      "has_diamond": "2024-10-24 18:42:05 +0000"
    },
    "done": true
  },
  "minecraft:recipes/building_blocks/sandstone": {
    "criteria": {
      "has_sand": "2024-10-24 17:48:36 +0000"
    },
    "done": true
  },
  "design_decor:recipes/design_decor/tuff_castel_brick_wall_from_stone_types_tuff_stonecutting": {
    "criteria": {
      "has_stone_types_tuff": "2024-10-24 17:55:13 +0000"
    },
    "done": true
  },
  "minecraft:recipes/building_blocks/cobblestone_slab_from_cobblestone_stonecutting": {
    "criteria": {
      "has_cobblestone": "2024-10-24 17:54:22 +0000"
    },
    "done": true
  },
  "design_decor:recipes/design_decor/andesite_castel_brick_slab_from_stone_types_andesite_stonecutting": {
    "criteria": {
      "has_stone_types_andesite": "2024-10-24 17:55:16 +0000"
    },
    "done": true
  },
  "minecraft:recipes/building_blocks/oak_stairs": {
    "criteria": {
      "has_planks": "2024-10-24 18:12:30 +0000"
    },
    "done": true
  },
  "minecraft:recipes/building_blocks/polished_andesite_slab_from_andesite_stonecutting": {
    "criteria": {
      "has_andesite": "2024-10-24 17:55:16 +0000"
    },
    "done": true
  },
  "create:recipes/create.palettes/polished_cut_andesite_from_stone_types_andesite_stonecutting": {
    "criteria": {
      "has_stone_types_andesite": "2024-10-24 17:55:16 +0000"
    },
    "done": true
  },
  "minecraft:recipes/transportation/acacia_boat": {
    "criteria": {
      "in_water": "2024-10-24 17:48:23 +0000"
    },
    "done": true
  },
  "extradelight:recipes/extradelight.aesthetic/warped_step_stool": {
    "criteria": {
      "warped_step_stool": "2024-10-24 17:50:18 +0000"
    },
    "done": true
  },
  "minecraft:recipes/redstone/iron_trapdoor": {
    "criteria": {
      "has_iron_ingot": "2024-10-24 17:50:18 +0000"
    },
    "done": true
  },
  "create:recipes/create.palettes/layered_tuff_from_stone_types_tuff_stonecutting": {
    "criteria": {
      "has_stone_types_tuff": "2024-10-24 17:55:13 +0000"
    },
    "done": true
  },
  "farmersdelight:recipes/farmersdelight/cutting_board": {
    "criteria": {
      "has_stick": "2024-10-24 17:50:18 +0000"
    },
    "done": true
  },
  "design_decor:recipes/design_decor/andesite_castel_tile_slab_from_stone_types_andesite_stonecutting": {
    "criteria": {
      "has_stone_types_andesite": "2024-10-24 17:55:16 +0000"
    },
    "done": true
  },
  "minecraft:adventure/root": {
    "criteria": {
      "killed_something": "2024-10-24 18:01:22 +0000"
    },
    "done": true
  },
  "mcwfences:recipes/bamboo": {
    "criteria": {
      "has_bamboo": "2024-10-24 17:48:36 +0000"
    },
    "done": true
  },
  "securitycraft:recipes/securitycraft/storage_module": {
    "criteria": {
      "has_iron": "2024-10-24 17:50:17 +0000"
    },
    "done": true
  },
  "travelersbackpack:recipes/travelersbackpack/squid": {
    "criteria": {
      "has_ink_sac": "2024-10-24 18:30:04 +0000"
    },
    "done": true
  },
  "minecraft:recipes/building_blocks/white_concrete_powder": {
    "criteria": {
      "has_sand": "2024-10-24 17:48:36 +0000"
    },
    "done": true
  },
  "create:recipes/building_blocks/granite_from_stone_types_granite_stonecutting": {
    "criteria": {
      "has_stone_types_granite": "2024-10-24 17:55:42 +0000"
    },
    "done": true
  },
  "minecraft:recipes/building_blocks/white_wool_from_string": {
    "criteria": {
      "has_string": "2024-10-24 18:13:18 +0000"
    },
    "done": true
  },
  "create:recipes/create.palettes/small_andesite_brick_stairs_from_stone_types_andesite_stonecutting": {
    "criteria": {
      "has_stone_types_andesite": "2024-10-24 17:55:16 +0000"
    },
    "done": true
  },
  "minecraft:recipes/tools/diamond_pickaxe": {
    "criteria": {
      "has_diamond": "2024-10-24 18:42:05 +0000"
    },
    "done": true
  },
  "minecraft:adventure/kill_all_mobs": {
    "criteria": {
      "minecraft:skeleton": "2024-10-24 18:14:31 +0000",
      "minecraft:spider": "2024-10-24 18:35:25 +0000",
      "minecraft:creeper": "2024-10-24 18:01:22 +0000",
      "minecraft:husk": "2024-10-24 18:34:12 +0000",
      "minecraft:cave_spider": "2024-10-24 18:13:17 +0000",
      "minecraft:zombie": "2024-10-24 18:05:32 +0000"
    },
    "done": false
  },
  "incendium:technical/sentrys_wrath": {
    "criteria": {
      "log_spam_fixer": "2024-10-24 18:42:59 +0000"
    },
    "done": false
  },
  "farmersdelight:recipes/farmersdelight/cooking_pot": {
    "criteria": {
      "has_iron_ingot": "2024-10-24 17:50:18 +0000"
    },
    "done": true
  },
  "minecraft:recipes/building_blocks/polished_deepslate_from_cobbled_deepslate_stonecutting": {
    "criteria": {
      "has_cobbled_deepslate": "2024-10-24 18:04:36 +0000"
    },
    "done": true
  },
  "smallships:recipes/transportation/spruce_brigg": {
    "criteria": {
      "in_water": "2024-10-24 17:48:23 +0000"
    },
    "done": true
  },
  "createindustry:recipes/createindustry.building/lead_bars_from_ingots_lead_stonecutting": {
    "criteria": {
      "has_ingots_lead": "2024-10-24 18:34:05 +0000"
    },
    "done": true
  },
  "minecraft:recipes/misc/iron_nugget_from_smelting": {
    "criteria": {
      "has_iron_axe": "2024-10-24 17:50:25 +0000"
    },
    "done": true
  },
  "minecraft:recipes/building_blocks/polished_deepslate_slab_from_cobbled_deepslate_stonecutting": {
    "criteria": {
      "has_cobbled_deepslate": "2024-10-24 18:04:36 +0000"
    },
    "done": true
  },
  "minecraft:recipes/decorations/granite_wall_from_granite_stonecutting": {
    "criteria": {
      "has_granite": "2024-10-24 17:55:42 +0000"
    },
    "done": true
  },
  "create:recipes/create.palettes/polished_cut_veridium_stairs_from_stone_types_veridium_stonecutting": {
    "criteria": {
      "has_stone_types_veridium": "2024-10-24 17:54:58 +0000"
    },
    "done": true
  },
  "minecraft:recipes/decorations/chain": {
    "criteria": {
      "has_iron_ingot": "2024-10-24 17:50:18 +0000"
    },
    "done": true
  },
  "biomesoplenty:recipes/building_blocks/orange_sandstone_stairs_from_orange_sandstone_stonecutting": {
    "criteria": {
      "has_orange_sandstone": "2024-10-24 17:53:54 +0000"
    },
    "done": true
  },
  "create:recipes/create.palettes/layered_granite_from_stone_types_granite_stonecutting": {
    "criteria": {
      "has_stone_types_granite": "2024-10-24 17:55:42 +0000"
    },
    "done": true
  },
  "create:recipes/create.palettes/cut_andesite_brick_wall_from_stone_types_andesite_stonecutting": {
    "criteria": {
      "has_stone_types_andesite": "2024-10-24 17:55:16 +0000"
    },
    "done": true
  },
  "extradelight:recipes/extradelight.items/mortar_granite": {
    "criteria": {
      "Recipes": "2024-10-24 17:55:42 +0000"
    },
    "done": true
  },
  "create:recipes/create.palettes/cut_tuff_stairs_from_stone_types_tuff_stonecutting": {
    "criteria": {
      "has_stone_types_tuff": "2024-10-24 17:55:13 +0000"
    },
    "done": true
  },
  "minecraft:recipes/decorations/oak_fence": {
    "criteria": {
      "has_planks": "2024-10-24 18:12:30 +0000"
    },
    "done": true
  },
  "createindustry:recipes/createindustry.building/small_galena_bricks_from_stone_types_galena_stonecutting": {
    "criteria": {
      "has_stone_types_galena": "2024-10-24 18:04:07 +0000"
    },
    "done": true
  },
  "design_decor:recipes/design_decor/metal_sheet_wall_from_ingots_iron_stonecutting": {
    "criteria": {
      "has_ingots_iron": "2024-10-24 17:50:18 +0000"
    },
    "done": true
  },
  "smallships:recipes/transportation/spruce_cog": {
    "criteria": {
      "in_water": "2024-10-24 17:48:23 +0000"
    },
    "done": true
  },
  "supplementaries:adventure/way_sign": {
    "criteria": {
      "bastion": "2024-10-24 17:51:00 +0000"
    },
    "done": true
  },
  "minecraft:recipes/food/cooked_cod_from_campfire_cooking": {
    "criteria": {
      "has_cod": "2024-10-24 18:29:33 +0000"
    },
    "done": true
  },
  "smallships:recipes/transportation/mangrove_drakkar": {
    "criteria": {
      "in_water": "2024-10-24 17:48:23 +0000"
    },
    "done": true
  },
  "design_decor:recipes/design_decor/veridium_castel_brick_wall_from_stone_types_veridium_stonecutting": {
    "criteria": {
      "has_stone_types_veridium": "2024-10-24 17:54:58 +0000"
    },
    "done": true
  },
  "extradelight:recipes/misc/mortar/black_dye": {
    "criteria": {
      "Recipes": "2024-10-24 18:30:04 +0000"
    },
    "done": true
  },
  "minecraft:recipes/building_blocks/orange_concrete_powder": {
    "criteria": {
      "has_sand": "2024-10-24 17:48:36 +0000"
    },
    "done": true
  },
  "minecraft:recipes/building_blocks/oak_slab": {
    "criteria": {
      "has_planks": "2024-10-24 18:12:30 +0000"
    },
    "done": true
  },
  "minecraft:recipes/building_blocks/granite_stairs": {
    "criteria": {
      "has_granite": "2024-10-24 17:55:42 +0000"
    },
    "done": true
  },
  "mcwfences:recipes/deepslate": {
    "criteria": {
      "has_deepslate": "2024-10-24 17:48:36 +0000"
    },
    "done": true
  },
  "create:recipes/create.palettes/cut_veridium_brick_slab_from_stone_types_veridium_stonecutting": {
    "criteria": {
      "has_stone_types_veridium": "2024-10-24 17:54:58 +0000"
    },
    "done": true
  },
  "design_decor:recipes/design_decor/andesite_castel_bricks_from_stone_types_andesite_stonecutting": {
    "criteria": {
      "has_stone_types_andesite": "2024-10-24 17:55:16 +0000"
    },
    "done": true
  },
  "smallships:recipes/transportation/acacia_cog": {
    "criteria": {
      "in_water": "2024-10-24 17:48:23 +0000"
    },
    "done": true
  },
  "biomesoplenty:recipes/transportation/umbran_boat": {
    "criteria": {
      "in_water": "2024-10-24 17:48:23 +0000"
    },
    "done": true
  },
  "biomesoplenty:recipes/decorations/orange_sandstone_wall": {
    "criteria": {
      "has_orange_sandstone": "2024-10-24 17:53:54 +0000"
    },
    "done": true
  },
  "create:recipes/create.palettes/cut_granite_brick_slab_from_stone_types_granite_stonecutting": {
    "criteria": {
      "has_stone_types_granite": "2024-10-24 17:55:42 +0000"
    },
    "done": true
  },
  "minecraft:recipes/food/cooked_salmon_from_smoking": {
    "criteria": {
      "has_salmon": "2024-10-24 18:22:12 +0000"
    },
    "done": true
  },
  "minecraft:recipes/decorations/deepslate_tile_wall_from_cobbled_deepslate_stonecutting": {
    "criteria": {
      "has_cobbled_deepslate": "2024-10-24 18:04:36 +0000"
    },
    "done": true
  },
  "minecraft:recipes/misc/iron_ingot_from_blasting_raw_iron": {
    "criteria": {
      "has_raw_iron": "2024-10-24 17:55:51 +0000"
    },
    "done": true
  },
  "biomesoplenty:recipes/building_blocks/chiseled_orange_sandstone": {
    "criteria": {
      "has_orange_sandstone": "2024-10-24 17:53:54 +0000"
    },
    "done": true
  },
  "minecraft:recipes/redstone/acacia_pressure_plate": {
    "criteria": {
      "has_planks": "2024-10-24 17:52:56 +0000"
    },
    "done": true
  },
  "extradelight:recipes/extradelight.aesthetic/oak_step_stool": {
    "criteria": {
      "oak_step_stool": "2024-10-24 17:50:18 +0000"
    },
    "done": true
  },
  "travelersbackpack:recipes/travelersbackpack/diamond_tier_upgrade": {
    "criteria": {
      "has_diamond": "2024-10-24 18:42:05 +0000"
    },
    "done": true
  },
  "mcwfences:recipes/mud_brick": {
    "criteria": {
      "has_qq": "2024-10-24 17:48:36 +0000"
    },
    "done": true
  },
  "createindustry:recipes/createindustry.building/galena_pillar_from_stone_types_galena_stonecutting": {
    "criteria": {
      "has_stone_types_galena": "2024-10-24 18:04:07 +0000"
    },
    "done": true
  },
  "design_decor:recipes/design_decor/tuff_castel_brick_stairs_from_stone_types_tuff_stonecutting": {
    "criteria": {
      "has_stone_types_tuff": "2024-10-24 17:55:13 +0000"
    },
    "done": true
  },
  "farmersdelight:recipes/farmersdelight/cooking/baked_cod_stew": {
    "criteria": {
      "has_any_ingredient": "2024-10-24 18:29:33 +0000"
    },
    "done": true
  },
  "vinery:dirt_slab": {
    "criteria": {
      "has_dirt": "2024-10-24 17:53:45 +0000"
    },
    "done": true
  },
  "smallships:recipes/transportation/oak_cog": {
    "criteria": {
      "in_water": "2024-10-24 17:48:23 +0000"
    },
    "done": true
  },
  "minecraft:recipes/building_blocks/iron_block": {
    "criteria": {
      "has_iron_ingot": "2024-10-24 17:50:18 +0000"
    },
    "done": true
  },
  "createindustry:recipes/createindustry.building/cut_galena_stairs_from_stone_types_galena_stonecutting": {
    "criteria": {
      "has_stone_types_galena": "2024-10-24 18:04:07 +0000"
    },
    "done": true
  },
  "incendium:technical/inventory/sentrys_wrath": {
    "criteria": {
      "log_spam_fixer": "2024-10-24 18:42:59 +0000"
    },
    "done": false
  },
  "design_decor:recipes/design_decor/metal_sheet_from_ingots_iron_stonecutting": {
    "criteria": {
      "has_ingots_iron": "2024-10-24 17:50:18 +0000"
    },
    "done": true
  },
  "minecraft:recipes/building_blocks/acacia_wood": {
    "criteria": {
      "has_log": "2024-10-24 17:50:43 +0000"
    },
    "done": true
  },
  "mcwfences:recipes/mangrove": {
    "criteria": {
      "has_mangrove": "2024-10-24 17:48:36 +0000"
    },
    "done": true
  },
  "mcwfences:recipes/warped": {
    "criteria": {
      "has_warped": "2024-10-24 17:48:36 +0000"
    },
    "done": true
  },
  "create:recipes/create.palettes/cut_tuff_brick_stairs_from_stone_types_tuff_stonecutting": {
    "criteria": {
      "has_stone_types_tuff": "2024-10-24 17:55:13 +0000"
    },
    "done": true
  },
  "create:recipes/create.palettes/cut_granite_from_stone_types_granite_stonecutting": {
    "criteria": {
      "has_stone_types_granite": "2024-10-24 17:55:42 +0000"
    },
    "done": true
  },
  "create:recipes/create.base/crafting/materials/andesite_alloy": {
    "criteria": {
      "has_item": "2024-10-24 17:50:18 +0000"
    },
    "done": true
  },
  "minecraft:recipes/combat/wooden_sword": {
    "criteria": {
      "has_stick": "2024-10-24 17:50:18 +0000"
    },
    "done": true
  },
  "create:recipes/create.palettes/polished_cut_tuff_wall_from_stone_types_tuff_stonecutting": {
    "criteria": {
      "has_stone_types_tuff": "2024-10-24 17:55:13 +0000"
    },
    "done": true
  },
  "design_decor:recipes/design_decor/metal_plate_stairs_from_ingots_iron_stonecutting": {
    "criteria": {
      "has_ingots_iron": "2024-10-24 17:50:17 +0000"
    },
    "done": true
  },
  "minecraft:recipes/building_blocks/gray_concrete_powder": {
    "criteria": {
      "has_sand": "2024-10-24 17:48:36 +0000"
    },
    "done": true
  },
  "travelersbackpack:recipes/travelersbackpack/crafting_upgrade": {
    "criteria": {
      "has_crafting_table": "2024-10-24 17:53:20 +0000"
    },
    "done": true
  },
  "design_decor:recipes/design_decor/granite_castel_tiles_from_stone_types_granite_stonecutting": {
    "criteria": {
      "has_stone_types_granite": "2024-10-24 17:55:42 +0000"
    },
    "done": true
  },
  "securitycraft:recipes/securitycraft/smart_module": {
    "criteria": {
      "has_iron": "2024-10-24 17:50:17 +0000"
    },
    "done": true
  },
  "extradelight:recipes/extradelight.items/drying_rack": {
    "criteria": {
      "has_string": "2024-10-24 18:13:18 +0000"
    },
    "done": true
  },
  "minecraft:recipes/tools/iron_axe": {
    "criteria": {
      "has_iron_ingot": "2024-10-24 17:50:17 +0000"
    },
    "done": true
  },
  "securitycraft:recipes/securitycraft/block_change_detector": {
    "criteria": {
      "has_iron": "2024-10-24 17:50:17 +0000"
    },
    "done": true
  },
  "create:recipes/create.palettes/cut_andesite_stairs_from_stone_types_andesite_stonecutting": {
    "criteria": {
      "has_stone_types_andesite": "2024-10-24 17:55:16 +0000"
    },
    "done": true
  },
  "minecraft:recipes/redstone/tripwire_hook": {
    "criteria": {
      "has_string": "2024-10-24 18:13:18 +0000"
    },
    "done": true
  },
  "extradelight:recipes/extradelight.aesthetic/acacia_step_stool": {
    "criteria": {
      "acacia_step_stool": "2024-10-24 17:50:18 +0000"
    },
    "done": true
  },
  "minecraft:recipes/building_blocks/raw_gold_block": {
    "criteria": {
      "has_raw_gold": "2024-10-24 18:04:26 +0000"
    },
    "done": true
  },
  "minecraft:recipes/combat/iron_boots": {
    "criteria": {
      "has_iron_ingot": "2024-10-24 17:50:18 +0000"
    },
    "done": true
  },
  "minecraft:recipes/misc/bone_meal": {
    "criteria": {
      "has_bone": "2024-10-24 18:14:34 +0000"
    },
    "done": true
  },
  "create:recipes/create.palettes/small_veridium_bricks_from_stone_types_veridium_stonecutting": {
    "criteria": {
      "has_stone_types_veridium": "2024-10-24 17:54:58 +0000"
    },
    "done": true
  },
  "minecraft:recipes/building_blocks/black_concrete_powder": {
    "criteria": {
      "has_sand": "2024-10-24 17:48:36 +0000"
    },
    "done": true
  },
  "createindustry:recipes/createindustry.building/cut_galena_brick_slab_from_stone_types_galena_stonecutting": {
    "criteria": {
      "has_stone_types_galena": "2024-10-24 18:04:07 +0000"
    },
    "done": true
  },
  "minecraft:story/iron_tools": {
    "criteria": {
      "iron_pickaxe": "2024-10-24 17:57:18 +0000"
    },
    "done": true
  },
  "farmersdelight:recipes/farmersdelight/iron_knife": {
    "criteria": {
      "has_iron_ingot": "2024-10-24 17:50:18 +0000"
    },
    "done": true
  },
  "createindustry:recipes/createindustry.building/cut_galena_brick_wall_from_stone_types_galena_stonecutting": {
    "criteria": {
      "has_stone_types_galena": "2024-10-24 18:04:07 +0000"
    },
    "done": true
  },
  "minecraft:recipes/combat/iron_chestplate": {
    "criteria": {
      "has_iron_ingot": "2024-10-24 17:50:18 +0000"
    },
    "done": true
  },
  "minecraft:recipes/combat/crossbow": {
    "criteria": {
      "has_iron_ingot": "2024-10-24 17:50:18 +0000"
    },
    "done": true
  },
  "minecraft:recipes/decorations/cobbled_deepslate_wall": {
    "criteria": {
      "has_cobbled_deepslate": "2024-10-24 18:04:36 +0000"
    },
    "done": true
  },
  "create:recipes/create.palettes/polished_cut_andesite_stairs_from_stone_types_andesite_stonecutting": {
    "criteria": {
      "has_stone_types_andesite": "2024-10-24 17:55:16 +0000"
    },
    "done": true
  },
  "design_decor:recipes/design_decor/veridium_castel_brick_stairs_from_stone_types_veridium_stonecutting": {
    "criteria": {
      "has_stone_types_veridium": "2024-10-24 17:54:58 +0000"
    },
    "done": true
  },
  "design_decor:recipes/design_decor/tuff_castel_tile_slab_from_stone_types_tuff_stonecutting": {
    "criteria": {
      "has_stone_types_tuff": "2024-10-24 17:55:13 +0000"
    },
    "done": true
  },
  "minecraft:recipes/decorations/oak_sign": {
    "criteria": {
      "has_planks": "2024-10-24 18:12:30 +0000"
    },
    "done": true
  },
  "farmersdelight:recipes/farmersdelight/cooking/fish_stew": {
    "criteria": {
      "has_any_ingredient": "2024-10-24 18:22:12 +0000"
    },
    "done": true
  },
  "minecraft:recipes/redstone/oak_trapdoor": {
    "criteria": {
      "has_planks": "2024-10-24 18:12:30 +0000"
    },
    "done": true
  },
  "minecraft:recipes/building_blocks/granite_stairs_from_granite_stonecutting": {
    "criteria": {
      "has_granite": "2024-10-24 17:55:42 +0000"
    },
    "done": true
  },
  "travelersbackpack:recipes/travelersbackpack/backpack_tank": {
    "criteria": {
      "has_iron": "2024-10-24 17:50:18 +0000"
    },
    "done": true
  },
  "extradelight:recipes/extradelight.items/offset_spatula_iron": {
    "criteria": {
      "Recipes": "2024-10-24 17:50:18 +0000"
    },
    "done": true
  },
  "vinery:acacia_wine_rack_big": {
    "criteria": {
      "has_acacia_planks": "2024-10-24 17:52:56 +0000"
    },
    "done": true
  },
  "create:recipes/create.base/crafting/kinetics/empty_blaze_burner": {
    "criteria": {
      "has_item": "2024-10-24 17:50:18 +0000"
    },
    "done": true
  },
  "minecraft:recipes/building_blocks/red_concrete_powder": {
    "criteria": {
      "has_sand": "2024-10-24 17:48:36 +0000"
    },
    "done": true
  },
  "minecraft:recipes/misc/iron_nugget_from_blasting": {
    "criteria": {
      "has_iron_axe": "2024-10-24 17:50:25 +0000"
    },
    "done": true
  },
  "betterdungeons:root": {
    "criteria": {
      "always": "2024-10-24 17:48:06 +0000"
    },
    "done": true
  },
  "minecraft:recipes/decorations/polished_deepslate_wall_from_cobbled_deepslate_stonecutting": {
    "criteria": {
      "has_cobbled_deepslate": "2024-10-24 18:04:36 +0000"
    },
    "done": true
  },
  "biomesoplenty:recipes/building_blocks/cut_orange_sandstone_from_orange_sandstone_stonecutting": {
    "criteria": {
      "has_orange_sandstone": "2024-10-24 17:53:54 +0000"
    },
    "done": true
  },
  "spore:spore": {
    "criteria": {
      "requirement": "2024-10-24 18:19:37 +0000"
    },
    "done": true
  },
  "securitycraft:recipes/securitycraft/reinforced_diorite": {
    "criteria": {
      "has_cobblestone": "2024-10-24 17:54:22 +0000"
    },
    "done": true
  },
  "securitycraft:recipes/securitycraft/trophy_system": {
    "criteria": {
      "has_iron": "2024-10-24 17:50:18 +0000"
    },
    "done": true
  },
  "minecraft:adventure/kill_a_mob": {
    "criteria": {
      "minecraft:creeper": "2024-10-24 18:01:22 +0000"
    },
    "done": true
  },
  "securitycraft:recipes/securitycraft/camera_monitor": {
    "criteria": {
      "has_iron": "2024-10-24 17:50:17 +0000"
    },
    "done": true
  },
  "create:recipes/create.palettes/granite_pillar_from_stone_types_granite_stonecutting": {
    "criteria": {
      "has_stone_types_granite": "2024-10-24 17:55:42 +0000"
    },
    "done": true
  },
  "create:recipes/create.palettes/small_andesite_bricks_from_stone_types_andesite_stonecutting": {
    "criteria": {
      "has_stone_types_andesite": "2024-10-24 17:55:16 +0000"
    },
    "done": true
  },
  "incendium:technical/multiplex_crossbow": {
    "criteria": {
      "log_spam_fixer": "2024-10-24 18:42:59 +0000"
    },
    "done": false
  },
  "securitycraft:recipes/securitycraft/limited_use_keycard": {
    "criteria": {
      "has_iron": "2024-10-24 17:50:17 +0000"
    },
    "done": true
  },
  "design_decor:recipes/design_decor/tuff_castel_tiles_from_stone_types_tuff_stonecutting": {
    "criteria": {
      "has_stone_types_tuff": "2024-10-24 17:55:13 +0000"
    },
    "done": true
  },
  "gothic:adv_root": {
    "criteria": {
      "adv_root": "2024-10-24 17:48:06 +0000"
    },
    "done": true
  },
  "mcwfences:recipes/blackstone": {
    "criteria": {
      "has_blackstone": "2024-10-24 17:48:36 +0000"
    },
    "done": true
  },
  "minecraft:recipes/building_blocks/stone": {
    "criteria": {
      "has_cobblestone": "2024-10-24 17:54:22 +0000"
    },
    "done": true
  },
  "incendium:technical/firestorm": {
    "criteria": {
      "log_spam_fixer": "2024-10-24 18:42:59 +0000"
    },
    "done": false
  },
  "smallships:recipes/transportation/oak_drakkar": {
    "criteria": {
      "in_water": "2024-10-24 17:48:23 +0000"
    },
    "done": true
  },
  "biomesoplenty:recipes/transportation/hellbark_boat": {
    "criteria": {
      "in_water": "2024-10-24 17:48:23 +0000"
    },
    "done": true
  },
  "minecraft:recipes/building_blocks/deepslate_bricks_from_cobbled_deepslate_stonecutting": {
    "criteria": {
      "has_cobbled_deepslate": "2024-10-24 18:04:36 +0000"
    },
    "done": true
  },
  "minecraft:adventure/adventuring_time": {
    "criteria": {
      "minecraft:beach": "2024-10-24 17:48:08 +0000",
      "minecraft:river": "2024-10-24 17:53:44 +0000",
      "minecraft:desert": "2024-10-24 18:20:56 +0000"
    },
    "done": false
  },
  "minecraft:recipes/building_blocks/deepslate_brick_stairs_from_cobbled_deepslate_stonecutting": {
    "criteria": {
      "has_cobbled_deepslate": "2024-10-24 18:04:36 +0000"
    },
    "done": true
  },
  "extradelight:food": {
    "criteria": {
      "food": "2024-10-24 17:50:08 +0000"
    },
    "done": true
  },
  "extradelight:recipes/extradelight.items/fish_flakes": {
    "criteria": {
      "has_fish": "2024-10-24 18:20:34 +0000"
    },
    "done": true
  },
  "incendium:technical/using/ragnarok": {
    "criteria": {
      "log_spam_fixer": "2024-10-24 17:48:08 +0000"
    },
    "done": false
  },
  "smallships:recipes/transportation/dark_oak_drakkar": {
    "criteria": {
      "in_water": "2024-10-24 17:48:23 +0000"
    },
    "done": true
  },
  "vintageimprovements:root": {
    "criteria": {
      "0": "2024-10-24 17:48:36 +0000"
    },
    "done": true
  },
  "securitycraft:recipes/securitycraft/whitelist_module": {
    "criteria": {
      "has_iron": "2024-10-24 17:50:18 +0000"
    },
    "done": true
  },
  "design_decor:recipes/design_decor/wood_support_from_planks_stonecutting": {
    "criteria": {
      "has_planks": "2024-10-24 17:52:56 +0000"
    },
    "done": true
  },
  "create:recipes/create.palettes/small_andesite_brick_slab_from_stone_types_andesite_stonecutting": {
    "criteria": {
      "has_stone_types_andesite": "2024-10-24 17:55:16 +0000"
    },
    "done": true
  },
  "minecraft:recipes/combat/stone_sword": {
    "criteria": {
      "has_cobblestone": "2024-10-24 17:54:22 +0000"
    },
    "done": true
  },
  "minecraft:recipes/decorations/barrel": {
    "criteria": {
      "has_planks": "2024-10-24 17:52:56 +0000"
    },
    "done": true
  },
  "minecraft:recipes/decorations/cobblestone_wall": {
    "criteria": {
      "has_cobblestone": "2024-10-24 17:54:22 +0000"
    },
    "done": true
  },
  "create:recipes/create.palettes/cut_veridium_bricks_from_stone_types_veridium_stonecutting": {
    "criteria": {
      "has_stone_types_veridium": "2024-10-24 17:54:58 +0000"
    },
    "done": true
  },
  "minecraft:recipes/misc/iron_ingot_from_smelting_raw_iron": {
    "criteria": {
      "has_raw_iron": "2024-10-24 17:55:51 +0000"
    },
    "done": true
  },
  "minecraft:recipes/brewing/fermented_spider_eye": {
    "criteria": {
      "has_spider_eye": "2024-10-24 18:30:55 +0000"
    },
    "done": true
  },
  "minecraft:recipes/tools/stone_pickaxe": {
    "criteria": {
      "has_cobblestone": "2024-10-24 17:54:22 +0000"
    },
    "done": true
  },
  "minecraft:recipes/decorations/smithing_table": {
    "criteria": {
      "has_iron_ingot": "2024-10-24 17:50:18 +0000"
    },
    "done": true
  },
  "vinery:oak_wine_rack_big": {
    "criteria": {
      "has_oak_planks": "2024-10-24 18:12:30 +0000"
    },
    "done": true
  },
  "incendium:technical/holy_wrath": {
    "criteria": {
      "log_spam_fixer": "2024-10-24 18:42:59 +0000"
    },
    "done": false
  },
  "minecraft:recipes/building_blocks/deepslate_brick_slab_from_cobbled_deepslate_stonecutting": {
    "criteria": {
      "has_cobbled_deepslate": "2024-10-24 18:04:36 +0000"
    },
    "done": true
  },
  "smallships:recipes/misc/sail": {
    "criteria": {
      "in_water": "2024-10-24 17:48:23 +0000"
    },
    "done": true
  },
  "create:recipes/create.palettes/cut_granite_bricks_from_stone_types_granite_stonecutting": {
    "criteria": {
      "has_stone_types_granite": "2024-10-24 17:55:42 +0000"
    },
    "done": true
  },
  "create:recipes/create.palettes/cut_andesite_wall_from_stone_types_andesite_stonecutting": {
    "criteria": {
      "has_stone_types_andesite": "2024-10-24 17:55:16 +0000"
    },
    "done": true
  },
  "minecraft:recipes/decorations/cobblestone_wall_from_cobblestone_stonecutting": {
    "criteria": {
      "has_cobblestone": "2024-10-24 17:54:22 +0000"
    },
    "done": true
  },
  "create:recipes/create.palettes/polished_cut_andesite_slab_from_stone_types_andesite_stonecutting": {
    "criteria": {
      "has_stone_types_andesite": "2024-10-24 17:55:16 +0000"
    },
    "done": true
  },
  "design_decor:recipes/design_decor/veridium_castel_tile_slab_from_stone_types_veridium_stonecutting": {
    "criteria": {
      "has_stone_types_veridium": "2024-10-24 17:54:58 +0000"
    },
    "done": true
  },
  "create:recipes/create.palettes/layered_veridium_from_stone_types_veridium_stonecutting": {
    "criteria": {
      "has_stone_types_veridium": "2024-10-24 17:54:58 +0000"
    },
    "done": true
  },
  "createindustry:recipes/createindustry.building/galena_from_stone_types_galena_stonecutting": {
    "criteria": {
      "has_stone_types_galena": "2024-10-24 18:04:07 +0000"
    },
    "done": true
  },
  "minecraft:recipes/misc/black_dye": {
    "criteria": {
      "has_ink_sac": "2024-10-24 18:30:04 +0000"
    },
    "done": true
  },
  "minecraft:recipes/building_blocks/diamond_block": {
    "criteria": {
      "has_diamond": "2024-10-24 18:42:05 +0000"
    },
    "done": true
  },
  "smallships:recipes/transportation/oak_galley": {
    "criteria": {
      "in_water": "2024-10-24 17:48:23 +0000"
    },
    "done": true
  },
  "create:recipes/create.palettes/small_veridium_brick_stairs_from_stone_types_veridium_stonecutting": {
    "criteria": {
      "has_stone_types_veridium": "2024-10-24 17:54:58 +0000"
    },
    "done": true
  },
  "createindustry:recipes/createindustry.building/polished_cut_galena_from_stone_types_galena_stonecutting": {
    "criteria": {
      "has_stone_types_galena": "2024-10-24 18:04:07 +0000"
    },
    "done": true
  },
  "create:recipes/create.palettes/polished_cut_granite_stairs_from_stone_types_granite_stonecutting": {
    "criteria": {
      "has_stone_types_granite": "2024-10-24 17:55:42 +0000"
    },
    "done": true
  },
  "extradelight:recipes/extradelight.aesthetic/dark_oak_step_stool": {
    "criteria": {
      "dark_oak_step_stool": "2024-10-24 17:50:18 +0000"
    },
    "done": true
  },
  "extradelight:recipes/extradelight.aesthetic/cinnamon_step_stool": {
    "criteria": {
      "cinnamon_step_stool": "2024-10-24 17:50:18 +0000"
    },
    "done": true
  },
  "minecraft:husbandry/fishy_business": {
    "criteria": {
      "salmon": "2024-10-24 18:22:11 +0000"
    },
    "done": true
  },
  "minecraft:recipes/decorations/acacia_sign": {
    "criteria": {
      "has_planks": "2024-10-24 17:52:56 +0000"
    },
    "done": true
  },
  "dungeons_arise:wda_root": {
    "criteria": {
      "WDA": "2024-10-24 17:48:06 +0000"
    },
    "done": true
  },
  "create:recipes/create.palettes/cut_granite_wall_from_stone_types_granite_stonecutting": {
    "criteria": {
      "has_stone_types_granite": "2024-10-24 17:55:42 +0000"
    },
    "done": true
  },
  "smallships:recipes/transportation/mangrove_brigg": {
    "criteria": {
      "in_water": "2024-10-24 17:48:23 +0000"
    },
    "done": true
  },
  "vinery:campfire": {
    "criteria": {
      "has_stick": "2024-10-24 17:50:18 +0000"
    },
    "done": true
  },
  "minecraft:recipes/food/cooked_cod_from_smoking": {
    "criteria": {
      "has_cod": "2024-10-24 18:29:33 +0000"
    },
    "done": true
  },
  "minecraft:recipes/decorations/lantern": {
    "criteria": {
      "has_iron_ingot": "2024-10-24 17:50:17 +0000"
    },
    "done": true
  },
  "mcwfences:recipes/dark_oak": {
    "criteria": {
      "has_dark_oak": "2024-10-24 17:48:36 +0000"
    },
    "done": true
  },
  "biomesoplenty:recipes/transportation/jacaranda_boat": {
    "criteria": {
      "in_water": "2024-10-24 17:48:23 +0000"
    },
    "done": true
  },
  "create:recipes/create.palettes/small_tuff_brick_stairs_from_stone_types_tuff_stonecutting": {
    "criteria": {
      "has_stone_types_tuff": "2024-10-24 17:55:13 +0000"
    },
    "done": true
  },
  "create:recipes/create.palettes/cut_veridium_stairs_from_stone_types_veridium_stonecutting": {
    "criteria": {
      "has_stone_types_veridium": "2024-10-24 17:54:58 +0000"
    },
    "done": true
  },
  "create:recipes/create.palettes/cut_tuff_wall_from_stone_types_tuff_stonecutting": {
    "criteria": {
      "has_stone_types_tuff": "2024-10-24 17:55:13 +0000"
    },
    "done": true
  },
  "design_decor:recipes/design_decor/metal_sheet_slab_from_ingots_iron_stonecutting": {
    "criteria": {
      "has_ingots_iron": "2024-10-24 17:50:17 +0000"
    },
    "done": true
  },
  "travelersbackpack:recipes/travelersbackpack/ocelot": {
    "criteria": {
      "has_cod": "2024-10-24 18:29:33 +0000"
    },
    "done": true
  },
  "createindustry:recipes/createindustry.building/cut_galena_wall_from_stone_types_galena_stonecutting": {
    "criteria": {
      "has_stone_types_galena": "2024-10-24 18:04:07 +0000"
    },
    "done": true
  },
  "minecraft:recipes/building_blocks/cobbled_deepslate_slab_from_cobbled_deepslate_stonecutting": {
    "criteria": {
      "has_cobbled_deepslate": "2024-10-24 18:04:36 +0000"
    },
    "done": true
  },
  "minecraft:recipes/decorations/andesite_wall": {
    "criteria": {
      "has_andesite": "2024-10-24 17:55:16 +0000"
    },
    "done": true
  },
  "minecraft:recipes/building_blocks/andesite_slab": {
    "criteria": {
      "has_andesite": "2024-10-24 17:55:16 +0000"
    },
    "done": true
  },
  "minecraft:recipes/building_blocks/acacia_stairs": {
    "criteria": {
      "has_planks": "2024-10-24 17:52:56 +0000"
    },
    "done": true
  },
  "minecraft:recipes/tools/stone_axe": {
    "criteria": {
      "has_cobblestone": "2024-10-24 17:54:22 +0000"
    },
    "done": true
  },
  "minecraft:recipes/building_blocks/raw_iron_block": {
    "criteria": {
      "has_raw_iron": "2024-10-24 17:55:51 +0000"
    },
    "done": true
  },
  "global:ps": {
    "criteria": {
      "trigger": "2024-10-24 17:48:06 +0000"
    },
    "done": true
  },
  "securitycraft:recipes/securitycraft/disguise_module": {
    "criteria": {
      "has_iron": "2024-10-24 17:50:17 +0000"
    },
    "done": true
  },
  "create:recipes/create.palettes/cut_veridium_slab_from_stone_types_veridium_stonecutting": {
    "criteria": {
      "has_stone_types_veridium": "2024-10-24 17:54:58 +0000"
    },
    "done": true
  },
  "create:recipes/create.palettes/small_veridium_brick_wall_from_stone_types_veridium_stonecutting": {
    "criteria": {
      "has_stone_types_veridium": "2024-10-24 17:54:58 +0000"
    },
    "done": true
  },
  "create:recipes/create.palettes/cut_granite_brick_stairs_from_stone_types_granite_stonecutting": {
    "criteria": {
      "has_stone_types_granite": "2024-10-24 17:55:42 +0000"
    },
    "done": true
  },
  "create:recipes/create.palettes/cut_andesite_brick_stairs_from_stone_types_andesite_stonecutting": {
    "criteria": {
      "has_stone_types_andesite": "2024-10-24 17:55:16 +0000"
    },
    "done": true
  },
  "vinery:cherry_fence_gate": {
    "criteria": {
      "has_stick": "2024-10-24 17:50:18 +0000"
    },
    "done": true
  },
  "createoreexcavation:recipes/createoreexcavation.tab/drill": {
    "criteria": {
      "iron": "2024-10-24 17:50:18 +0000"
    },
    "done": true
  },
  "create:recipes/create.palettes/polished_cut_tuff_slab_from_stone_types_tuff_stonecutting": {
    "criteria": {
      "has_stone_types_tuff": "2024-10-24 17:55:13 +0000"
    },
    "done": true
  },
  "incendium:technical/on_block": {
    "criteria": {
      "log_spam_fixer": "2024-10-24 18:42:59 +0000"
    },
    "done": false
  },
  "create:recipes/create.palettes/small_tuff_brick_slab_from_stone_types_tuff_stonecutting": {
    "criteria": {
      "has_stone_types_tuff": "2024-10-24 17:55:13 +0000"
    },
    "done": true
  },
  "create:recipes/create.palettes/cut_tuff_from_stone_types_tuff_stonecutting": {
    "criteria": {
      "has_stone_types_tuff": "2024-10-24 17:55:13 +0000"
    },
    "done": true
  },
  "design_decor:recipes/design_decor/tuff_castel_bricks_from_stone_types_tuff_stonecutting": {
    "criteria": {
      "has_stone_types_tuff": "2024-10-24 17:55:13 +0000"
    },
    "done": true
  },
  "farmersdelight:recipes/farmersdelight/cooking/chicken_soup": {
    "criteria": {
      "has_any_ingredient": "2024-10-24 17:50:06 +0000"
    },
    "done": true
  },
  "minecraft:recipes/building_blocks/cobblestone_stairs_from_cobblestone_stonecutting": {
    "criteria": {
      "has_cobblestone": "2024-10-24 17:54:22 +0000"
    },
    "done": true
  },
  "minecraft:recipes/building_blocks/magenta_concrete_powder": {
    "criteria": {
      "has_sand": "2024-10-24 17:48:36 +0000"
    },
    "done": true
  },
  "smallships:recipes/transportation/jungle_drakkar": {
    "criteria": {
      "in_water": "2024-10-24 17:48:23 +0000"
    },
    "done": true
  },
  "biomesoplenty:recipes/transportation/willow_boat": {
    "criteria": {
      "in_water": "2024-10-24 17:48:23 +0000"
    },
    "done": true
  },
  "minecraft:recipes/building_blocks/polished_andesite_stairs_from_andesite_stonecutting": {
    "criteria": {
      "has_andesite": "2024-10-24 17:55:16 +0000"
    },
    "done": true
  },
  "createindustry:recipes/createindustry.building/cut_galena_from_stone_types_galena_stonecutting": {
    "criteria": {
      "has_stone_types_galena": "2024-10-24 18:04:07 +0000"
    },
    "done": true
  },
  "create:recipes/create.palettes/polished_cut_veridium_wall_from_stone_types_veridium_stonecutting": {
    "criteria": {
      "has_stone_types_veridium": "2024-10-24 17:54:58 +0000"
    },
    "done": true
  },
  "design_decor:recipes/design_decor/andesite_castel_tile_wall_from_stone_types_andesite_stonecutting": {
    "criteria": {
      "has_stone_types_andesite": "2024-10-24 17:55:16 +0000"
    },
    "done": true
  },
  "minecraft:recipes/decorations/campfire": {
    "criteria": {
      "has_stick": "2024-10-24 17:50:18 +0000",
      "has_the_recipe": "2024-10-24 17:50:18 +0000"
    },
    "done": true
  },
  "minecraft:recipes/decorations/candle": {
    "criteria": {
      "has_string": "2024-10-24 18:13:18 +0000"
    },
    "done": true
  },
  "biomesoplenty:recipes/transportation/mahogany_boat": {
    "criteria": {
      "in_water": "2024-10-24 17:48:23 +0000"
    },
    "done": true
  },
  "minecraft:recipes/misc/iron_nugget": {
    "criteria": {
      "has_iron_ingot": "2024-10-24 17:50:18 +0000"
    },
    "done": true
  },
  "minecraft:recipes/building_blocks/brown_concrete_powder": {
    "criteria": {
      "has_sand": "2024-10-24 17:48:36 +0000"
    },
    "done": true
  },
  "create:recipes/create.palettes/cut_tuff_brick_slab_from_stone_types_tuff_stonecutting": {
    "criteria": {
      "has_stone_types_tuff": "2024-10-24 17:55:13 +0000"
    },
    "done": true
  },
  "travelersbackpack:recipes/travelersbackpack/wolf": {
    "criteria": {
      "has_bone": "2024-10-24 18:14:34 +0000"
    },
    "done": true
  },
  "minecraft:recipes/building_blocks/deepslate_tile_slab_from_cobbled_deepslate_stonecutting": {
    "criteria": {
      "has_cobbled_deepslate": "2024-10-24 18:04:36 +0000"
    },
    "done": true
  },
  "exposure:recipes/tools/camera": {
    "criteria": {
      "has_iron": "2024-10-24 17:48:36 +0000"
    },
    "done": true
  },
  "securitycraft:recipes/securitycraft/track_mine": {
    "criteria": {
      "has_iron": "2024-10-24 17:50:18 +0000"
    },
    "done": true
  },
  "travelersbackpack:recipes/travelersbackpack/spider": {
    "criteria": {
      "has_string": "2024-10-24 18:13:18 +0000"
    },
    "done": true
  },
  "create:recipes/create.palettes/cut_tuff_brick_wall_from_stone_types_tuff_stonecutting": {
    "criteria": {
      "has_stone_types_tuff": "2024-10-24 17:55:13 +0000"
    },
    "done": true
  },
  "minecraft:recipes/combat/diamond_sword": {
    "criteria": {
      "has_diamond": "2024-10-24 18:42:05 +0000"
    },
    "done": true
  },
  "biomesoplenty:recipes/transportation/dead_boat": {
    "criteria": {
      "in_water": "2024-10-24 17:48:23 +0000"
    },
    "done": true
  },
  "minecraft:recipes/transportation/spruce_boat": {
    "criteria": {
      "in_water": "2024-10-24 17:48:23 +0000"
    },
    "done": true
  },
  "minecraft:recipes/decorations/jukebox": {
    "criteria": {
      "has_diamond": "2024-10-24 18:42:05 +0000"
    },
    "done": true
  },
  "create:recipes/building_blocks/tuff_from_stone_types_tuff_stonecutting": {
    "criteria": {
      "has_stone_types_tuff": "2024-10-24 17:55:13 +0000"
    },
    "done": true
  },
  "securitycraft:recipes/securitycraft/blacklist_module": {
    "criteria": {
      "has_iron": "2024-10-24 17:50:18 +0000"
    },
    "done": true
  },
  "create:recipes/create.palettes/oak_window": {
    "criteria": {
      "has_ingredient": "2024-10-24 18:12:30 +0000"
    },
    "done": true
  },
  "securitycraft:recipes/securitycraft/speed_module": {
    "criteria": {
      "has_iron": "2024-10-24 17:50:17 +0000"
    },
    "done": true
  },
  "minecraft:recipes/misc/firework_rocket_simple": {
    "criteria": {
      "has_gunpowder": "2024-10-24 18:14:34 +0000"
    },
    "done": true
  },
  "create:recipes/create.palettes/cut_veridium_brick_wall_from_stone_types_veridium_stonecutting": {
    "criteria": {
      "has_stone_types_veridium": "2024-10-24 17:54:58 +0000"
    },
    "done": true
  },
  "securitycraft:recipes/securitycraft/harming_module": {
    "criteria": {
      "has_iron": "2024-10-24 17:50:18 +0000"
    },
    "done": true
  },
  "create:recipes/create.palettes/small_tuff_brick_wall_from_stone_types_tuff_stonecutting": {
    "criteria": {
      "has_stone_types_tuff": "2024-10-24 17:55:13 +0000"
    },
    "done": true
  },
  "minecraft:recipes/building_blocks/polished_granite_from_granite_stonecutting": {
    "criteria": {
      "has_granite": "2024-10-24 17:55:42 +0000"
    },
    "done": true
  },
  "mcwfences:recipes/spruce": {
    "criteria": {
      "has_spruce": "2024-10-24 17:48:36 +0000"
    },
    "done": true
  },
  "mcwfences:recipes/hedge": {
    "criteria": {
      "has_birch": "2024-10-24 17:48:36 +0000"
    },
    "done": true
  },
  "minecraft:husbandry/balanced_diet": {
    "criteria": {
      "cooked_cod": "2024-10-24 18:20:39 +0000",
      "cooked_salmon": "2024-10-24 18:35:48 +0000",
      "carrot": "2024-10-24 17:50:08 +0000"
    },
    "done": false
  },
  "minecraft:recipes/tools/wooden_hoe": {
    "criteria": {
      "has_stick": "2024-10-24 17:50:18 +0000"
    },
    "done": true
  },
  "createindustry:recipes/createindustry.building/small_galena_brick_slab_from_stone_types_galena_stonecutting": {
    "criteria": {
      "has_stone_types_galena": "2024-10-24 18:04:07 +0000"
    },
    "done": true
  },
  "smallships:recipes/transportation/jungle_galley": {
    "criteria": {
      "in_water": "2024-10-24 17:48:23 +0000"
    },
    "done": true
  },
  "design_decor:recipes/design_decor/metal_plate_wall_from_ingots_iron_stonecutting": {
    "criteria": {
      "has_ingots_iron": "2024-10-24 17:50:17 +0000"
    },
    "done": true
  },
  "travelersbackpack:recipes/travelersbackpack/iron_tier_upgrade": {
    "criteria": {
      "has_iron_ingot": "2024-10-24 17:50:18 +0000"
    },
    "done": true
  },
  "minecraft:recipes/food/cooked_cod": {
    "criteria": {
      "has_cod": "2024-10-24 18:29:33 +0000"
    },
    "done": true
  },
  "minecraft:recipes/misc/bucket": {
    "criteria": {
      "has_iron_ingot": "2024-10-24 17:50:18 +0000"
    },
    "done": true
  },
  "design_decor:recipes/design_decor/metal_sheet_stairs_from_ingots_iron_stonecutting": {
    "criteria": {
      "has_ingots_iron": "2024-10-24 17:50:18 +0000"
    },
    "done": true
  },
  "smallships:recipes/transportation/acacia_brigg": {
    "criteria": {
      "in_water": "2024-10-24 17:48:23 +0000"
    },
    "done": true
  },
  "minecraft:recipes/building_blocks/cobblestone_stairs": {
    "criteria": {
      "has_cobblestone": "2024-10-24 17:54:22 +0000"
    },
    "done": true
  },
  "biomesoplenty:recipes/transportation/magic_boat": {
    "criteria": {
      "in_water": "2024-10-24 17:48:23 +0000"
    },
    "done": true
  },
  "createindustry:recipes/createindustry.building/cut_galena_brick_stairs_from_stone_types_galena_stonecutting": {
    "criteria": {
      "has_stone_types_galena": "2024-10-24 18:04:07 +0000"
    },
    "done": true
  },
  "sliceanddice:recipes/tools/slicer": {
    "criteria": {
      "has_tool": "2024-10-24 17:50:25 +0000"
    },
    "done": true
  },
  "createindustry:recipes/createindustry.building/lead_frame_from_ingots_lead_stonecutting": {
    "criteria": {
      "has_ingots_lead": "2024-10-24 18:34:05 +0000"
    },
    "done": true
  },
  "farmersdelight:recipes/food/cooking/rabbit_stew": {
    "criteria": {
      "has_any_ingredient": "2024-10-24 17:50:06 +0000"
    },
    "done": true
  },
  "minecraft:recipes/decorations/granite_wall": {
    "criteria": {
      "has_granite": "2024-10-24 17:55:42 +0000"
    },
    "done": true
  },
  "createindustry:recipes/createindustry.building/small_galena_brick_wall_from_stone_types_galena_stonecutting": {
    "criteria": {
      "has_stone_types_galena": "2024-10-24 18:04:07 +0000"
    },
    "done": true
  },
  "smallships:recipes/transportation/dark_oak_galley": {
    "criteria": {
      "in_water": "2024-10-24 17:48:23 +0000"
    },
    "done": true
  },
  "farmersdelight:recipes/farmersdelight/grilled_salmon": {
    "criteria": {
      "has_salmon": "2024-10-24 18:22:12 +0000"
    },
    "done": true
  },
  "create:recipes/create.palettes/polished_cut_tuff_from_stone_types_tuff_stonecutting": {
    "criteria": {
      "has_stone_types_tuff": "2024-10-24 17:55:13 +0000"
    },
    "done": true
  },
  "securitycraft:recipes/securitycraft/redstone_module": {
    "criteria": {
      "has_iron": "2024-10-24 17:50:18 +0000"
    },
    "done": true
  },
  "create:recipes/create.palettes/polished_cut_tuff_stairs_from_stone_types_tuff_stonecutting": {
    "criteria": {
      "has_stone_types_tuff": "2024-10-24 17:55:13 +0000"
    },
    "done": true
  },
  "extradelight:recipes/extradelight.items/stone_spoon": {
    "criteria": {
      "Recipes": "2024-10-24 17:55:13 +0000"
    },
    "done": true
  },
  "design_decor:recipes/design_decor/andesite_castel_brick_stairs_from_stone_types_andesite_stonecutting": {
    "criteria": {
      "has_stone_types_andesite": "2024-10-24 17:55:16 +0000"
    },
    "done": true
  },
  "create:recipes/create.palettes/layered_andesite_from_stone_types_andesite_stonecutting": {
    "criteria": {
      "has_stone_types_andesite": "2024-10-24 17:55:16 +0000"
    },
    "done": true
  },
  "minecraft:recipes/building_blocks/light_blue_concrete_powder": {
    "criteria": {
      "has_sand": "2024-10-24 17:48:36 +0000"
    },
    "done": true
  },
  "minecraft:recipes/building_blocks/deepslate_tiles_from_cobbled_deepslate_stonecutting": {
    "criteria": {
      "has_cobbled_deepslate": "2024-10-24 18:04:36 +0000"
    },
    "done": true
  },
  "create:recipes/create.palettes/small_granite_brick_wall_from_stone_types_granite_stonecutting": {
    "criteria": {
      "has_stone_types_granite": "2024-10-24 17:55:42 +0000"
    },
    "done": true
  },
  "incendium:technical/using/shield": {
    "criteria": {
      "log_spam_fixer": "2024-10-24 17:48:08 +0000"
    },
    "done": false
  },
  "create_central_kitchen:recipes/crafting/tomato_sauce_bucket_from_bowls": {
    "criteria": {
      "has_bucket": "2024-10-24 18:01:44 +0000"
    },
    "done": true
  },
  "minecraft:recipes/building_blocks/glass": {
    "criteria": {
      "has_sand": "2024-10-24 17:48:36 +0000"
    },
    "done": true
  },
  "minecraft:recipes/combat/iron_helmet": {
    "criteria": {
      "has_iron_ingot": "2024-10-24 17:50:18 +0000"
    },
    "done": true
  },
  "minecraft:recipes/combat/bow": {
    "criteria": {
      "has_string": "2024-10-24 18:13:18 +0000"
    },
    "done": true
  },
  "biomesoplenty:recipes/building_blocks/orange_sandstone_slab": {
    "criteria": {
      "has_sandstone": "2024-10-24 17:53:54 +0000"
    },
    "done": true
  },
  "minecraft:recipes/redstone/oak_fence_gate": {
    "criteria": {
      "has_planks": "2024-10-24 18:12:30 +0000"
    },
    "done": true
  },
  "minecraft:recipes/redstone/tnt": {
    "criteria": {
      "has_gunpowder": "2024-10-24 18:14:34 +0000"
    },
    "done": true
  },
  "create:recipes/create.palettes/cut_granite_brick_wall_from_stone_types_granite_stonecutting": {
    "criteria": {
      "has_stone_types_granite": "2024-10-24 17:55:42 +0000"
    },
    "done": true
  },
  "minecraft:recipes/building_blocks/acacia_slab": {
    "criteria": {
      "has_planks": "2024-10-24 17:52:56 +0000"
    },
    "done": true
  },
  "minecraft:recipes/building_blocks/purple_concrete_powder": {
    "criteria": {
      "has_sand": "2024-10-24 17:48:36 +0000"
    },
    "done": true
  },
  "create:recipes/create.palettes/polished_cut_granite_from_stone_types_granite_stonecutting": {
    "criteria": {
      "has_stone_types_granite": "2024-10-24 17:55:42 +0000"
    },
    "done": true
  },
  "create_connected:root": {
    "criteria": {
      "0": "2024-10-24 17:48:36 +0000"
    },
    "done": true
  },
  "travelersbackpack:recipes/travelersbackpack/skeleton": {
    "criteria": {
      "has_arrow": "2024-10-24 18:14:35 +0000"
    },
    "done": true
  },
  "minecraft:recipes/combat/diamond_chestplate": {
    "criteria": {
      "has_diamond": "2024-10-24 18:42:05 +0000"
    },
    "done": true
  },
  "minecraft:story/mine_stone": {
    "criteria": {
      "get_stone": "2024-10-24 17:54:22 +0000"
    },
    "done": true
  },
  "minecraft:recipes/transportation/minecart": {
    "criteria": {
      "has_iron_ingot": "2024-10-24 17:50:17 +0000"
    },
    "done": true
  },
  "minecraft:recipes/decorations/furnace": {
    "criteria": {
      "has_cobblestone": "2024-10-24 17:54:22 +0000"
    },
    "done": true
  },
  "createindustry:recipes/createindustry.building/cut_galena_slab_from_stone_types_galena_stonecutting": {
    "criteria": {
      "has_stone_types_galena": "2024-10-24 18:04:07 +0000"
    },
    "done": true
  },
  "smallships:recipes/transportation/birch_brigg": {
    "criteria": {
      "in_water": "2024-10-24 17:48:23 +0000"
    },
    "done": true
  },
  "minecraft:recipes/misc/charcoal": {
    "criteria": {
      "has_log": "2024-10-24 17:50:43 +0000"
    },
    "done": true
  },
  "minecraft:recipes/building_blocks/andesite_stairs": {
    "criteria": {
      "has_andesite": "2024-10-24 17:55:16 +0000"
    },
    "done": true
  },
  "minecraft:recipes/tools/iron_hoe": {
    "criteria": {
      "has_iron_ingot": "2024-10-24 17:50:17 +0000"
    },
    "done": true
  },
  "minecraft:recipes/tools/wooden_pickaxe": {
    "criteria": {
      "has_stick": "2024-10-24 17:50:18 +0000"
    },
    "done": true
  },
  "minecraft:recipes/building_blocks/cobbled_deepslate_stairs": {
    "criteria": {
      "has_cobbled_deepslate": "2024-10-24 18:04:36 +0000"
    },
    "done": true
  },
  "minecraft:husbandry/root": {
    "criteria": {
      "consumed_item": "2024-10-24 17:50:08 +0000"
    },
    "done": true
  },
  "createindustry:recipes/createindustry.building/polished_cut_galena_slab_from_stone_types_galena_stonecutting": {
    "criteria": {
      "has_stone_types_galena": "2024-10-24 18:04:07 +0000"
    },
    "done": true
  },
  "minecraft:recipes/transportation/birch_boat": {
    "criteria": {
      "in_water": "2024-10-24 17:48:23 +0000"
    },
    "done": true
  },
  "mcwfences:recipes/nether": {
    "criteria": {
      "has_nether_brick": "2024-10-24 17:48:36 +0000"
    },
    "done": true
  },
  "minecraft:recipes/misc/gold_ingot_from_blasting_raw_gold": {
    "criteria": {
      "has_raw_gold": "2024-10-24 18:04:26 +0000"
    },
    "done": true
  },
  "securitycraft:recipes/securitycraft/sonic_security_system": {
    "criteria": {
      "has_stick": "2024-10-24 17:50:18 +0000"
    },
    "done": true
  },
  "create:recipes/create.palettes/veridium_pillar_from_stone_types_veridium_stonecutting": {
    "criteria": {
      "has_stone_types_veridium": "2024-10-24 17:54:58 +0000"
    },
    "done": true
  },
  "minecraft:recipes/building_blocks/polished_granite_slab_from_granite_stonecutting": {
    "criteria": {
      "has_granite": "2024-10-24 17:55:42 +0000"
    },
    "done": true
  },
  "minecraft:recipes/building_blocks/green_concrete_powder": {
    "criteria": {
      "has_sand": "2024-10-24 17:48:36 +0000"
    },
    "done": true
  },
  "minecraft:recipes/building_blocks/polished_andesite_from_andesite_stonecutting": {
    "criteria": {
      "has_andesite": "2024-10-24 17:55:16 +0000"
    },
    "done": true
  },
  "minecraft:recipes/building_blocks/cobbled_deepslate_stairs_from_cobbled_deepslate_stonecutting": {
    "criteria": {
      "has_cobbled_deepslate": "2024-10-24 18:04:36 +0000"
    },
    "done": true
  },
  "extradelight:recipes/extradelight.items/pestle_andesite": {
    "criteria": {
      "Recipes": "2024-10-24 17:55:16 +0000"
    },
    "done": true
  },
  "minecraft:recipes/tools/iron_shovel": {
    "criteria": {
      "has_iron_ingot": "2024-10-24 17:50:18 +0000"
    },
    "done": true
  },
  "extradelight:recipes/extradelight.items/pestle_granite": {
    "criteria": {
      "Recipes": "2024-10-24 17:55:42 +0000"
    },
    "done": true
  },
  "mcwfences:recipes/crimson": {
    "criteria": {
      "has_crimson": "2024-10-24 17:48:36 +0000"
    },
    "done": true
  },
  "minecraft:recipes/redstone/acacia_door": {
    "criteria": {
      "has_planks": "2024-10-24 17:52:56 +0000"
    },
    "done": true
  },
  "design_decor:recipes/design_decor/veridium_castel_tile_stairs_from_stone_types_veridium_stonecutting": {
    "criteria": {
      "has_stone_types_veridium": "2024-10-24 17:54:58 +0000"
    },
    "done": true
  },
  "incendium:technical/inventory/firestorm": {
    "criteria": {
      "log_spam_fixer": "2024-10-24 18:42:59 +0000"
    },
    "done": false
  },
  "mcwfences:recipes/prismarine": {
    "criteria": {
      "has_qq": "2024-10-24 17:48:36 +0000"
    },
    "done": true
  },
  "design_decor:recipes/design_decor/metal_support_from_ingots_iron_stonecutting": {
    "criteria": {
      "has_ingots_iron": "2024-10-24 17:50:18 +0000"
    },
    "done": true
  },
  "minecraft:recipes/food/cooked_salmon_from_campfire_cooking": {
    "criteria": {
      "has_salmon": "2024-10-24 18:22:12 +0000"
    },
    "done": true
  },
  "createindustry:recipes/createindustry.building/lead_ladder_from_ingots_lead_stonecutting": {
    "criteria": {
      "has_ingots_lead": "2024-10-24 18:34:05 +0000"
    },
    "done": true
  },
  "farmersdelight:main/root": {
    "criteria": {
      "seeds": "2024-10-24 17:48:36 +0000"
    },
    "done": true
  },
  "extradelight:recipes/extradelight.aesthetic/mangrove_step_stool": {
    "criteria": {
      "mangrove_step_stool": "2024-10-24 17:50:18 +0000"
    },
    "done": true
  },
  "minecraft:recipes/tools/stone_hoe": {
    "criteria": {
      "has_cobblestone": "2024-10-24 17:54:22 +0000"
    },
    "done": true
  },
  "biomesoplenty:recipes/decorations/orange_sandstone_wall_from_orange_sandstone_stonecutting": {
    "criteria": {
      "has_orange_sandstone": "2024-10-24 17:53:54 +0000"
    },
    "done": true
  },
  "minecraft:recipes/tools/diamond_hoe": {
    "criteria": {
      "has_diamond": "2024-10-24 18:42:05 +0000"
    },
    "done": true
  },
  "minecraft:recipes/transportation/activator_rail": {
    "criteria": {
      "has_rail": "2024-10-24 18:15:46 +0000"
    },
    "done": true
  },
  "design_decor:recipes/design_decor/tuff_castel_tile_stairs_from_stone_types_tuff_stonecutting": {
    "criteria": {
      "has_stone_types_tuff": "2024-10-24 17:55:13 +0000"
    },
    "done": true
  },
  "minecraft:recipes/tools/diamond_shovel": {
    "criteria": {
      "has_diamond": "2024-10-24 18:42:05 +0000"
    },
    "done": true
  },
  "mcwfences:recipes/quartz": {
    "criteria": {
      "has_qq": "2024-10-24 17:48:36 +0000"
    },
    "done": true
  },
  "biomesoplenty:recipes/building_blocks/cut_orange_sandstone_slab_from_cut_orange_sandstone_stonecutting": {
    "criteria": {
      "has_cut_orange_sandstone": "2024-10-24 17:53:54 +0000"
    },
    "done": true
  },
  "extradelight:recipes/extradelight.items/omelette_mix_mix": {
    "criteria": {
      "Recipes": "2024-10-24 17:50:06 +0000"
    },
    "done": true
  },
  "create:recipes/create.palettes/crafting/materials/raw_zinc_block": {
    "criteria": {
      "has_item": "2024-10-24 18:04:15 +0000"
    },
    "done": true
  },
  "create:recipes/create.palettes/small_granite_bricks_from_stone_types_granite_stonecutting": {
    "criteria": {
      "has_stone_types_granite": "2024-10-24 17:55:42 +0000"
    },
    "done": true
  },
  "farmersdelight:recipes/farmersdelight/cooking/dog_food": {
    "criteria": {
      "has_any_ingredient": "2024-10-24 18:05:47 +0000"
    },
    "done": true
  },
  "create:recipes/create.palettes/cut_andesite_brick_slab_from_stone_types_andesite_stonecutting": {
    "criteria": {
      "has_stone_types_andesite": "2024-10-24 17:55:16 +0000"
    },
    "done": true
  },
  "minecraft:recipes/building_blocks/deepslate": {
    "criteria": {
      "has_cobbled_deepslate": "2024-10-24 18:04:36 +0000"
    },
    "done": true
  },
  "minecraft:recipes/building_blocks/granite_slab": {
    "criteria": {
      "has_granite": "2024-10-24 17:55:42 +0000"
    },
    "done": true
  },
  "smallships:recipes/transportation/acacia_drakkar": {
    "criteria": {
      "in_water": "2024-10-24 17:48:23 +0000"
    },
    "done": true
  },
  "creategoggles:recipes/combat/iron_backtank": {
    "criteria": {
      "has_backtank": "2024-10-24 18:01:40 +0000"
    },
    "done": true
  },
  "travelersbackpack:recipes/travelersbackpack/diamond": {
    "criteria": {
      "has_diamond": "2024-10-24 18:42:05 +0000"
    },
    "done": true
  },
  "smallships:recipes/transportation/jungle_brigg": {
    "criteria": {
      "in_water": "2024-10-24 17:48:23 +0000"
    },
    "done": true
  },
  "design_decor:recipes/design_decor/granite_castel_tile_stairs_from_stone_types_granite_stonecutting": {
    "criteria": {
      "has_stone_types_granite": "2024-10-24 17:55:42 +0000"
    },
    "done": true
  },
  "create:root": {
    "criteria": {
      "0": "2024-10-24 17:48:36 +0000"
    },
    "done": true
  },
  "create:recipes/create.palettes/tuff_pillar_from_stone_types_tuff_stonecutting": {
    "criteria": {
      "has_stone_types_tuff": "2024-10-24 17:55:13 +0000"
    },
    "done": true
  },
  "create:recipes/create.palettes/polished_cut_granite_slab_from_stone_types_granite_stonecutting": {
    "criteria": {
      "has_stone_types_granite": "2024-10-24 17:55:42 +0000"
    },
    "done": true
  },
  "incendium:technical/feed_ghastling": {
    "criteria": {
      "log_spam_fixer": "2024-10-24 18:42:59 +0000"
    },
    "done": false
  },
  "minecraft:story/mine_diamond": {
    "criteria": {
      "diamond": "2024-10-24 18:42:05 +0000"
    },
    "done": true
  },
  "minecraft:story/upgrade_tools": {
    "criteria": {
      "stone_pickaxe": "2024-10-24 17:54:46 +0000"
    },
    "done": true
  },
  "design_decor:recipes/design_decor/tuff_castel_tile_wall_from_stone_types_tuff_stonecutting": {
    "criteria": {
      "has_stone_types_tuff": "2024-10-24 17:55:13 +0000"
    },
    "done": true
  },
  "minecraft:recipes/building_blocks/polished_granite_stairs_from_granite_stonecutting": {
    "criteria": {
      "has_granite": "2024-10-24 17:55:42 +0000"
    },
    "done": true
  },
  "design_decor:recipes/design_decor/granite_castel_bricks_from_stone_types_granite_stonecutting": {
    "criteria": {
      "has_stone_types_granite": "2024-10-24 17:55:42 +0000"
    },
    "done": true
  },
  "minecraft:recipes/combat/diamond_helmet": {
    "criteria": {
      "has_diamond": "2024-10-24 18:42:05 +0000"
    },
    "done": true
  },
  "minecraft:recipes/transportation/oak_boat": {
    "criteria": {
      "in_water": "2024-10-24 17:48:23 +0000"
    },
    "done": true
  },
  "global:root": {
    "criteria": {
      "trigger": "2024-10-24 17:48:06 +0000"
    },
    "done": true
  },
  "design_decor:recipes/design_decor/granite_castel_tile_wall_from_stone_types_granite_stonecutting": {
    "criteria": {
      "has_stone_types_granite": "2024-10-24 17:55:42 +0000"
    },
    "done": true
  },
  "extradelight:recipes/extradelight.items/grater": {
    "criteria": {
      "Recipes": "2024-10-24 17:50:17 +0000"
    },
    "done": true
  },
  "extradelight:recipes/extradelight.aesthetic/birch_step_stool": {
    "criteria": {
      "birch_step_stool": "2024-10-24 17:50:18 +0000"
    },
    "done": true
  },
  "design_decor:recipes/design_decor/veridium_castel_tiles_from_stone_types_veridium_stonecutting": {
    "criteria": {
      "has_stone_types_veridium": "2024-10-24 17:54:58 +0000"
    },
    "done": true
  },
  "minecraft:recipes/building_blocks/cyan_concrete_powder": {
    "criteria": {
      "has_sand": "2024-10-24 17:48:36 +0000"
    },
    "done": true
  },
  "incendium:technical/on_inventory_change": {
    "criteria": {
      "log_spam_fixer": "2024-10-24 18:42:59 +0000"
    },
    "done": false
  },
  "extradelight:recipes/extradelight.items/iron_spoon": {
    "criteria": {
      "Recipes": "2024-10-24 17:50:18 +0000"
    },
    "done": true
  },
  "create:recipes/create.palettes/cut_andesite_from_stone_types_andesite_stonecutting": {
    "criteria": {
      "has_stone_types_andesite": "2024-10-24 17:55:16 +0000"
    },
    "done": true
  },
  "create:recipes/create.palettes/cut_veridium_brick_stairs_from_stone_types_veridium_stonecutting": {
    "criteria": {
      "has_stone_types_veridium": "2024-10-24 17:54:58 +0000"
    },
    "done": true
  },
  "minecraft:recipes/tools/wooden_axe": {
    "criteria": {
      "has_stick": "2024-10-24 17:50:18 +0000"
    },
    "done": true
  },
  "extradelight:recipes/extradelight.items/offset_spatula_diamond": {
    "criteria": {
      "Recipes": "2024-10-24 18:42:05 +0000"
    },
    "done": true
  },
  "securitycraft:recipes/securitycraft/keycard_lv2": {
    "criteria": {
      "has_iron": "2024-10-24 17:50:18 +0000"
    },
    "done": true
  },
  "securitycraft:recipes/securitycraft/keycard_lv1": {
    "criteria": {
      "has_iron": "2024-10-24 17:50:18 +0000"
    },
    "done": true
  },
  "extradelight:start": {
    "criteria": {
      "start": "2024-10-24 17:48:36 +0000"
    },
    "done": true
  },
  "create:recipes/create.palettes/small_granite_brick_slab_from_stone_types_granite_stonecutting": {
    "criteria": {
      "has_stone_types_granite": "2024-10-24 17:55:42 +0000"
    },
    "done": true
  },
  "createindustry:recipes/createindustry.building/cut_galena_bricks_from_stone_types_galena_stonecutting": {
    "criteria": {
      "has_stone_types_galena": "2024-10-24 18:04:07 +0000"
    },
    "done": true
  },
  "createoreexcavation:recipes/createoreexcavation.tab/diamond_drill": {
    "criteria": {
      "diamond": "2024-10-24 18:42:05 +0000"
    },
    "done": true
  },
  "create:recipes/create.palettes/cut_granite_stairs_from_stone_types_granite_stonecutting": {
    "criteria": {
      "has_stone_types_granite": "2024-10-24 17:55:42 +0000"
    },
    "done": true
  },
  "minecraft:recipes/decorations/loom": {
    "criteria": {
      "has_string": "2024-10-24 18:13:18 +0000"
    },
    "done": true
  },
  "biomesoplenty:recipes/transportation/palm_boat": {
    "criteria": {
      "in_water": "2024-10-24 17:48:23 +0000"
    },
    "done": true
  },
  "farmersdelight:recipes/farmersdelight/cooking/fried_rice": {
    "criteria": {
      "has_any_ingredient": "2024-10-24 17:50:06 +0000"
    },
    "done": true
  },
  "securitycraft:recipes/securitycraft/bouncing_betty": {
    "criteria": {
      "has_iron": "2024-10-24 17:50:18 +0000"
    },
    "done": true
  },
  "minecraft:recipes/tools/diamond_axe": {
    "criteria": {
      "has_diamond": "2024-10-24 18:42:05 +0000"
    },
    "done": true
  },
  "design_decor:recipes/design_decor/tuff_castel_brick_slab_from_stone_types_tuff_stonecutting": {
    "criteria": {
      "has_stone_types_tuff": "2024-10-24 17:55:13 +0000"
    },
    "done": true
  },
  "mcwfences:recipes/sandstone": {
    "criteria": {
      "has_sand": "2024-10-24 17:48:36 +0000"
    },
    "done": true
  },
  "biomesoplenty:recipes/transportation/redwood_boat": {
    "criteria": {
      "in_water": "2024-10-24 17:48:23 +0000"
    },
    "done": true
  },
  "aquamirae:adventure/root": {
    "criteria": {
      "crafting_table": "2024-10-24 17:53:20 +0000"
    },
    "done": true
  },
  "smallships:recipes/transportation/spruce_drakkar": {
    "criteria": {
      "in_water": "2024-10-24 17:48:23 +0000"
    },
    "done": true
  },
  "biomesoplenty:recipes/building_blocks/smooth_orange_sandstone": {
    "criteria": {
      "has_sandstone": "2024-10-24 17:53:54 +0000"
    },
    "done": true
  },
  "create:recipes/create.palettes/cut_veridium_from_stone_types_veridium_stonecutting": {
    "criteria": {
      "has_stone_types_veridium": "2024-10-24 17:54:58 +0000"
    },
    "done": true
  },
  "design_decor:recipes/design_decor/veridium_castel_brick_slab_from_stone_types_veridium_stonecutting": {
    "criteria": {
      "has_stone_types_veridium": "2024-10-24 17:54:58 +0000"
    },
    "done": true
  },
  "securitycraft:recipes/securitycraft/keycard_lv4": {
    "criteria": {
      "has_iron": "2024-10-24 17:50:17 +0000"
    },
    "done": true
  },
  "securitycraft:recipes/securitycraft/sc_manual": {
    "criteria": {
      "has_wood": "2024-10-24 17:50:43 +0000"
    },
    "done": true
  },
  "create:recipes/create.palettes/veridium_from_stone_types_veridium_stonecutting": {
    "criteria": {
      "has_stone_types_veridium": "2024-10-24 17:54:58 +0000"
    },
    "done": true
  },
  "securitycraft:recipes/securitycraft/keycard_lv3": {
    "criteria": {
      "has_iron": "2024-10-24 17:50:18 +0000"
    },
    "done": true
  },
  "securitycraft:recipes/securitycraft/keycard_lv5": {
    "criteria": {
      "has_iron": "2024-10-24 17:50:18 +0000"
    },
    "done": true
  },
  "minecraft:recipes/redstone/acacia_fence_gate": {
    "criteria": {
      "has_planks": "2024-10-24 17:52:56 +0000"
    },
    "done": true
  },
  "minecraft:recipes/building_blocks/andesite_slab_from_andesite_stonecutting": {
    "criteria": {
      "has_andesite": "2024-10-24 17:55:16 +0000"
    },
    "done": true
  },
  "minecraft:recipes/building_blocks/coal_block": {
    "criteria": {
      "has_coal": "2024-10-24 17:54:08 +0000"
    },
    "done": true
  },
  "extradelight:recipes/extradelight.aesthetic/jungle_step_stool": {
    "criteria": {
      "jungle_step_stool": "2024-10-24 17:50:18 +0000"
    },
    "done": true
  },
  "minecraft:recipes/tools/stone_shovel": {
    "criteria": {
      "has_cobblestone": "2024-10-24 17:54:22 +0000"
    },
    "done": true
  },
  "smallships:recipes/transportation/mangrove_cog": {
    "criteria": {
      "in_water": "2024-10-24 17:48:23 +0000"
    },
    "done": true
  },
  "minecraft:recipes/building_blocks/blue_concrete_powder": {
    "criteria": {
      "has_sand": "2024-10-24 17:48:36 +0000"
    },
    "done": true
  },
  "farmersdelight:recipes/farmersdelight/cooking/bone_broth": {
    "criteria": {
      "has_bone": "2024-10-24 18:14:34 +0000"
    },
    "done": true
  },
  "createindustry:recipes/createindustry.building/polished_cut_galena_stairs_from_stone_types_galena_stonecutting": {
    "criteria": {
      "has_stone_types_galena": "2024-10-24 18:04:07 +0000"
    },
    "done": true
  },
  "create:recipes/create.palettes/polished_cut_veridium_slab_from_stone_types_veridium_stonecutting": {
    "criteria": {
      "has_stone_types_veridium": "2024-10-24 17:54:58 +0000"
    },
    "done": true
  },
  "minecraft:recipes/building_blocks/granite_slab_from_granite_stonecutting": {
    "criteria": {
      "has_granite": "2024-10-24 17:55:42 +0000"
    },
    "done": true
  },
  "securitycraft:recipes/securitycraft/reinforced_andesite": {
    "criteria": {
      "has_cobblestone": "2024-10-24 17:54:22 +0000"
    },
    "done": true
  },
  "extradelight:recipes/extradelight.items/punch": {
    "criteria": {
      "Recipes": "2024-10-24 18:40:43 +0000"
    },
    "done": true
  },
  "irons_spellbooks:grant_patchouli": {
    "criteria": {
      "tick": "2024-10-24 17:48:06 +0000"
    },
    "done": true
  },
  "design_decor:recipes/design_decor/granite_castel_brick_wall_from_stone_types_granite_stonecutting": {
    "criteria": {
      "has_stone_types_granite": "2024-10-24 17:55:42 +0000"
    },
    "done": true
  },
  "create:recipes/create.palettes/polished_cut_granite_wall_from_stone_types_granite_stonecutting": {
    "criteria": {
      "has_stone_types_granite": "2024-10-24 17:55:42 +0000"
    },
    "done": true
  },
  "vinery:acacia_wine_rack_small": {
    "criteria": {
      "has_acacia_planks": "2024-10-24 17:52:56 +0000"
    },
    "done": true
  },
  "mcwfences:recipes/birch": {
    "criteria": {
      "has_birch": "2024-10-24 17:48:36 +0000"
    },
    "done": true
  },
  "minecraft:recipes/redstone/acacia_trapdoor": {
    "criteria": {
      "has_planks": "2024-10-24 17:52:56 +0000"
    },
    "done": true
  },
  "minecraft:recipes/redstone/oak_pressure_plate": {
    "criteria": {
      "has_planks": "2024-10-24 18:12:30 +0000"
    },
    "done": true
  },
  "biomesoplenty:biomesoplenty/root": {
    "criteria": {
      "grassland": "2024-10-24 17:49:32 +0000"
    },
    "done": true
  },
  "biomesoplenty:recipes/building_blocks/orange_sandstone": {
    "criteria": {
      "has_sand": "2024-10-24 17:51:57 +0000"
    },
    "done": true
  },
  "minecraft:recipes/building_blocks/polished_deepslate_stairs_from_cobbled_deepslate_stonecutting": {
    "criteria": {
      "has_cobbled_deepslate": "2024-10-24 18:04:36 +0000"
    },
    "done": true
  },
  "securitycraft:recipes/securitycraft/laser_block": {
    "criteria": {
      "has_stone": "2024-10-24 17:55:13 +0000"
    },
    "done": true
  },
  "design_decor:recipes/design_decor/granite_castel_tile_slab_from_stone_types_granite_stonecutting": {
    "criteria": {
      "has_stone_types_granite": "2024-10-24 17:55:42 +0000"
    },
    "done": true
  },
  "create:recipes/create.palettes/acacia_window": {
    "criteria": {
      "has_ingredient": "2024-10-24 17:52:56 +0000"
    },
    "done": true
  },
  "design_decor:recipes/design_decor/andesite_castel_brick_wall_from_stone_types_andesite_stonecutting": {
    "criteria": {
      "has_stone_types_andesite": "2024-10-24 17:55:16 +0000"
    },
    "done": true
  },
  "travelersbackpack:recipes/travelersbackpack/coal": {
    "criteria": {
      "has_coal": "2024-10-24 17:54:08 +0000"
    },
    "done": true
  },
  "minecraft:recipes/food/cooked_salmon": {
    "criteria": {
      "has_salmon": "2024-10-24 18:22:12 +0000"
    },
    "done": true
  },
  "minecraft:story/root": {
    "criteria": {
      "crafting_table": "2024-10-24 17:53:20 +0000"
    },
    "done": true
  },
  "createindustry:recipes/createindustry.building/lead_truss_from_ingots_lead_stonecutting": {
    "criteria": {
      "has_ingots_lead": "2024-10-24 18:34:05 +0000"
    },
    "done": true
  },
  "extradelight:recipes/extradelight.items/mortar_andesite": {
    "criteria": {
      "Recipes": "2024-10-24 17:55:16 +0000"
    },
    "done": true
  },
  "smallships:recipes/transportation/jungle_cog": {
    "criteria": {
      "in_water": "2024-10-24 17:48:23 +0000"
    },
    "done": true
  },
  "global:ps/book_of_experience": {
    "criteria": {
      "trigger": "2024-10-24 17:48:06 +0000"
    },
    "done": true
  },
  "travelersbackpack:recipes/travelersbackpack/hose_nozzle": {
    "criteria": {
      "has_iron": "2024-10-24 17:50:18 +0000"
    },
    "done": true
  },
  "create:recipes/create.palettes/small_veridium_brick_slab_from_stone_types_veridium_stonecutting": {
    "criteria": {
      "has_stone_types_veridium": "2024-10-24 17:54:58 +0000"
    },
    "done": true
  },
  "extradelight:recipes/extradelight.items/omelette_mix_veg": {
    "criteria": {
      "Recipes": "2024-10-24 17:50:06 +0000"
    },
    "done": true
  },
  "minecraft:recipes/building_blocks/acacia_planks": {
    "criteria": {
      "has_log": "2024-10-24 17:50:43 +0000"
    },
    "done": true
  },
  "design_decor:recipes/design_decor/andesite_castel_tile_stairs_from_stone_types_andesite_stonecutting": {
    "criteria": {
      "has_stone_types_andesite": "2024-10-24 17:55:16 +0000"
    },
    "done": true
  },
  "create:recipes/create.base/crafting/appliances/crafting_blueprint": {
    "criteria": {
      "has_item": "2024-10-24 17:53:20 +0000"
    },
    "done": true
  },
  "minecraft:recipes/redstone/oak_button": {
    "criteria": {
      "has_planks": "2024-10-24 18:12:30 +0000"
    },
    "done": true
  },
  "biomesoplenty:recipes/building_blocks/chiseled_orange_sandstone_from_orange_sandstone_stonecutting": {
    "criteria": {
      "has_orange_sandstone": "2024-10-24 17:53:54 +0000"
    },
    "done": true
  },
  "farmersdelight:recipes/farmersdelight/flint_knife": {
    "criteria": {
      "has_stick": "2024-10-24 17:50:18 +0000"
    },
    "done": true
  },
  "create:recipes/create.palettes/polished_cut_andesite_wall_from_stone_types_andesite_stonecutting": {
    "criteria": {
      "has_stone_types_andesite": "2024-10-24 17:55:16 +0000"
    },
    "done": true
  },
  "minecraft:recipes/building_blocks/polished_andesite": {
    "criteria": {
      "has_andesite": "2024-10-24 17:55:16 +0000"
    },
    "done": true
  },
  "create:recipes/create.palettes/small_tuff_bricks_from_stone_types_tuff_stonecutting": {
    "criteria": {
      "has_stone_types_tuff": "2024-10-24 17:55:13 +0000"
    },
    "done": true
  },
  "create:recipes/create.palettes/andesite_pillar_from_stone_types_andesite_stonecutting": {
    "criteria": {
      "has_stone_types_andesite": "2024-10-24 17:55:16 +0000"
    },
    "done": true
  },
  "minecraft:recipes/redstone/iron_door": {
    "criteria": {
      "has_iron_ingot": "2024-10-24 17:50:18 +0000"
    },
    "done": true
  },
  "create:recipes/create.palettes/small_andesite_brick_wall_from_stone_types_andesite_stonecutting": {
    "criteria": {
      "has_stone_types_andesite": "2024-10-24 17:55:16 +0000"
    },
    "done": true
  },
  "immersive_aircraft:misc/aircraftery": {
    "criteria": {
      "has_item": "2024-10-24 17:50:18 +0000"
    },
    "done": true
  },
  "minecraft:recipes/transportation/powered_rail": {
    "criteria": {
      "has_rail": "2024-10-24 18:15:46 +0000"
    },
    "done": true
  },
  "incendium:technical/new_player": {
    "criteria": {
      "requirement": "2024-10-24 17:48:06 +0000"
    },
    "done": true
  },
  "design_decor:recipes/design_decor/granite_castel_brick_stairs_from_stone_types_granite_stonecutting": {
    "criteria": {
      "has_stone_types_granite": "2024-10-24 17:55:42 +0000"
    },
    "done": true
  },
  "travelersbackpack:recipes/travelersbackpack/iron": {
    "criteria": {
      "has_iron_ingot": "2024-10-24 17:50:18 +0000"
    },
    "done": true
  },
  "minecraft:recipes/misc/iron_ingot_from_nuggets": {
    "criteria": {
      "has_iron_nugget": "2024-10-24 18:41:36 +0000"
    },
    "done": true
  },
  "minecraft:recipes/redstone/oak_door": {
    "criteria": {
      "has_planks": "2024-10-24 18:12:30 +0000"
    },
    "done": true
  },
  "farmersdelight:recipes/farmersdelight/diamond_knife": {
    "criteria": {
      "has_diamond": "2024-10-24 18:42:05 +0000"
    },
    "done": true
  },
  "smallships:recipes/transportation/mangrove_galley": {
    "criteria": {
      "in_water": "2024-10-24 17:48:23 +0000"
    },
    "done": true
  },
  "securitycraft:recipes/securitycraft/motion_activated_light": {
    "criteria": {
      "has_stick": "2024-10-24 17:50:18 +0000"
    },
    "done": true
  },
  "minecraft:recipes/transportation/jungle_boat": {
    "criteria": {
      "in_water": "2024-10-24 17:48:23 +0000"
    },
    "done": true
  },
  "createindustry:recipes/createindustry.building/polished_cut_galena_wall_from_stone_types_galena_stonecutting": {
    "criteria": {
      "has_stone_types_galena": "2024-10-24 18:04:07 +0000"
    },
    "done": true
  },
  "incendium:technical/give_ghastling": {
    "criteria": {
      "log_spam_fixer": "2024-10-24 18:42:59 +0000"
    },
    "done": false
  },
  "mcwfences:recipes/acacia": {
    "criteria": {
      "has_acacia": "2024-10-24 17:48:36 +0000"
    },
    "done": true
  },
  "securitycraft:recipes/securitycraft/mine": {
    "criteria": {
      "has_iron": "2024-10-24 17:50:18 +0000"
    },
    "done": true
  },
  "design_decor:recipes/design_decor/granite_castel_brick_slab_from_stone_types_granite_stonecutting": {
    "criteria": {
      "has_stone_types_granite": "2024-10-24 17:55:42 +0000"
    },
    "done": true
  },
  "minecraft:recipes/redstone/heavy_weighted_pressure_plate": {
    "criteria": {
      "has_iron_ingot": "2024-10-24 17:50:17 +0000"
    },
    "done": true
  },
  "incendium:technical/on_kill": {
    "criteria": {
      "log_spam_fixer": "2024-10-24 18:42:59 +0000"
    },
    "done": false
  },
  "minecraft:recipes/transportation/dark_oak_boat": {
    "criteria": {
      "in_water": "2024-10-24 17:48:23 +0000"
    },
    "done": true
  },
  "minecraft:recipes/transportation/carrot_on_a_stick": {
    "criteria": {
      "has_carrot": "2024-10-24 17:50:06 +0000"
    },
    "done": true
  },
  "extradelight:recipes/extradelight.items/omelette_mix_mix_cheese": {
    "criteria": {
      "Recipes": "2024-10-24 17:50:06 +0000"
    },
    "done": true
  },
  "minecraft:recipes/decorations/andesite_wall_from_andesite_stonecutting": {
    "criteria": {
      "has_andesite": "2024-10-24 17:55:16 +0000"
    },
    "done": true
  },
  "incendium:technical/on_player_hurt": {
    "criteria": {
      "log_spam_fixer": "2024-10-24 18:42:59 +0000"
    },
    "done": false
  },
  "extradelight:recipes/extradelight.items/diamond_spoon": {
    "criteria": {
      "Recipes": "2024-10-24 18:42:05 +0000"
    },
    "done": true
  },
  "create:recipes/create.palettes/cut_veridium_wall_from_stone_types_veridium_stonecutting": {
    "criteria": {
      "has_stone_types_veridium": "2024-10-24 17:54:58 +0000"
    },
    "done": true
  },
  "smallships:recipes/transportation/spruce_galley": {
    "criteria": {
      "in_water": "2024-10-24 17:48:23 +0000"
    },
    "done": true
  },
  "minecraft:recipes/building_blocks/polished_granite": {
    "criteria": {
      "has_granite": "2024-10-24 17:55:42 +0000"
    },
    "done": true
  },
  "securitycraft:recipes/securitycraft/briefcase": {
    "criteria": {
      "has_iron": "2024-10-24 17:50:18 +0000"
    },
    "done": true
  },
  "smallships:recipes/transportation/dark_oak_brigg": {
    "criteria": {
      "in_water": "2024-10-24 17:48:23 +0000"
    },
    "done": true
  },
  "createindustry:recipes/createindustry.building/layered_galena_from_stone_types_galena_stonecutting": {
    "criteria": {
      "has_stone_types_galena": "2024-10-24 18:04:07 +0000"
    },
    "done": true
  },
  "minecraft:recipes/combat/diamond_boots": {
    "criteria": {
      "has_diamond": "2024-10-24 18:42:05 +0000"
    },
    "done": true
  },
  "securitycraft:recipes/securitycraft/reinforced_fence_gate": {
    "criteria": {
      "has_iron": "2024-10-24 17:50:17 +0000"
    },
    "done": true
  },
  "smallships:recipes/transportation/dark_oak_cog": {
    "criteria": {
      "in_water": "2024-10-24 17:48:23 +0000"
    },
    "done": true
  },
  "minecraft:recipes/decorations/soul_campfire": {
    "criteria": {
      "has_stick": "2024-10-24 17:50:18 +0000"
    },
    "done": true
  },
  "farmersdelight:recipes/farmersdelight/cooking/squid_ink_pasta": {
    "criteria": {
      "has_any_ingredient": "2024-10-24 18:30:04 +0000"
    },
    "done": true
  },
  "minecraft:story/smelt_iron": {
    "criteria": {
      "iron": "2024-10-24 17:50:18 +0000"
    },
    "done": true
  },
  "design_decor:recipes/design_decor/andesite_castel_tiles_from_stone_types_andesite_stonecutting": {
    "criteria": {
      "has_stone_types_andesite": "2024-10-24 17:55:16 +0000"
    },
    "done": true
  },
  "creategoggles:recipes/combat/goggle_iron_helmet": {
    "criteria": {
      "has_helmet": "2024-10-24 18:06:10 +0000"
    },
    "done": true
  },
  "DataVersion": 3120
}