{
  "minecraft:recipes/misc/charcoal": {
    "criteria": {
      "has_log": "2024-09-11 04:07:27 +0000"
    },
    "done": true
  },
  "minecraft:recipes/building_blocks/acacia_wood": {
    "criteria": {
      "has_log": "2024-09-11 04:07:27 +0000"
    },
    "done": true
  },
  "minecraft:recipes/building_blocks/acacia_planks": {
    "criteria": {
      "has_log": "2024-09-11 04:07:27 +0000"
    },
    "done": true
  },
  "minecraft:adventure/adventuring_time": {
    "criteria": {
      "minecraft:savanna": "2024-09-11 04:07:03 +0000"
    },
    "done": false
  },
  "DataVersion": 3120
}