{
  "minecraft:recipes/transportation/acacia_boat": {
    "criteria": {
      "in_water": "2024-09-10 21:03:52 +0000"
    },
    "done": true
  },
  "minecraft:recipes/transportation/oak_boat": {
    "criteria": {
      "in_water": "2024-09-10 21:03:52 +0000"
    },
    "done": true
  },
  "minecraft:recipes/transportation/dark_oak_boat": {
    "criteria": {
      "in_water": "2024-09-10 21:03:52 +0000"
    },
    "done": true
  },
  "minecraft:recipes/transportation/birch_boat": {
    "criteria": {
      "in_water": "2024-09-10 21:03:52 +0000"
    },
    "done": true
  },
  "minecraft:recipes/transportation/jungle_boat": {
    "criteria": {
      "in_water": "2024-09-10 21:03:52 +0000"
    },
    "done": true
  },
  "minecraft:recipes/transportation/mangrove_boat": {
    "criteria": {
      "in_water": "2024-09-10 21:03:52 +0000"
    },
    "done": true
  },
  "minecraft:recipes/transportation/spruce_boat": {
    "criteria": {
      "in_water": "2024-09-10 21:03:52 +0000"
    },
    "done": true
  },
  "minecraft:adventure/adventuring_time": {
    "criteria": {
      "minecraft:beach": "2024-09-10 21:00:21 +0000",
      "minecraft:lukewarm_ocean": "2024-09-10 21:00:56 +0000",
      "minecraft:river": "2024-09-10 21:01:58 +0000",
      "minecraft:forest": "2024-09-10 21:01:25 +0000",
      "minecraft:ocean": "2024-09-10 21:01:27 +0000",
      "minecraft:savanna": "2024-09-10 20:59:56 +0000",
      "minecraft:plains": "2024-09-10 21:00:22 +0000"
    },
    "done": false
  },
  "DataVersion": 3120
}