{
  "minecraft:recipes/decorations/crafting_table": {
    "criteria": {
      "unlock_right_away": "2024-06-26 22:33:16 +0000"
    },
    "done": true
  },
  "parcool:grant_parcool_guide": {
    "criteria": {
      "tick": "2024-06-26 22:33:16 +0000"
    },
    "done": true
  },
  "tombstone:adventure/root": {
    "criteria": {
      "auto": "2024-06-26 22:33:17 +0000"
    },
    "done": true
  },
  "minecraft:adventure/adventuring_time": {
    "criteria": {
      "minecraft:beach": "2024-06-26 23:32:16 +0000",
      "minecraft:river": "2024-06-26 23:32:25 +0000",
      "minecraft:plains": "2024-06-26 22:33:17 +0000"
    },
    "done": false
  },
  "create:root": {
    "criteria": {
      "0": "2024-06-26 22:35:10 +0000"
    },
    "done": true
  },
  "naturalist:recipes/food/cooked_egg": {
    "criteria": {
      "has_eggs": "2024-06-26 22:35:10 +0000"
    },
    "done": true
  },
  "sophisticatedbackpacks:recipes/misc/netherite_backpack": {
    "criteria": {
      "has_diamond_backpack": "2024-06-26 22:35:10 +0000"
    },
    "done": true
  },
  "mores:craft_full_sapphire_armor": {
    "criteria": {
      "obtain_ruby": "2024-06-26 22:35:14 +0000"
    },
    "done": true
  },
  "minecraft:recipes/decorations/chest": {
    "criteria": {
      "has_lots_of_items": "2024-06-26 22:35:16 +0000"
    },
    "done": true
  },
  "create:recipes/misc/crafting/appliances/crafting_blueprint": {
    "criteria": {
      "has_item": "2024-06-26 22:35:17 +0000"
    },
    "done": true
  },
  "mores:root": {
    "criteria": {
      "crafting_table": "2024-06-26 22:35:17 +0000"
    },
    "done": true
  },
  "mores:craft_shield": {
    "criteria": {
      "obtain_tanzanite_shield": "2024-06-26 22:35:17 +0000"
    },
    "done": true
  },
  "mores:craft_all_shields": {
    "criteria": {
      "obtain_tanzanite_shield": "2024-06-26 22:35:17 +0000"
    },
    "done": false
  },
  "minecraft:story/root": {
    "criteria": {
      "crafting_table": "2024-06-26 22:35:17 +0000"
    },
    "done": true
  },
  "vampirism:recipes/food/general/garlic_bread": {
    "criteria": {
      "has_bread": "2024-06-26 22:35:19 +0000"
    },
    "done": true
  },
  "minecraft:recipes/food/cooked_beef_from_smoking": {
    "criteria": {
      "has_beef": "2024-06-26 22:36:21 +0000"
    },
    "done": true
  },
  "minecraft:recipes/food/cooked_beef": {
    "criteria": {
      "has_beef": "2024-06-26 22:36:21 +0000"
    },
    "done": true
  },
  "minecraft:recipes/food/cooked_beef_from_campfire_cooking": {
    "criteria": {
      "has_beef": "2024-06-26 22:36:21 +0000"
    },
    "done": true
  },
  "minecraft:adventure/root": {
    "criteria": {
      "killed_something": "2024-06-26 22:37:47 +0000"
    },
    "done": true
  },
  "minecraft:husbandry/root": {
    "criteria": {
      "consumed_item": "2024-06-26 22:38:56 +0000"
    },
    "done": true
  },
  "minecraft:husbandry/balanced_diet": {
    "criteria": {
      "bread": "2024-06-26 22:38:56 +0000",
      "golden_apple": "2024-06-26 22:43:12 +0000"
    },
    "done": false
  },
  "minecraft:adventure/kill_all_mobs": {
    "criteria": {
      "minecraft:skeleton": "2024-06-26 22:45:31 +0000",
      "minecraft:spider": "2024-06-26 22:39:15 +0000",
      "minecraft:enderman": "2024-06-26 22:39:04 +0000",
      "minecraft:zombie": "2024-06-26 22:40:28 +0000"
    },
    "done": false
  },
  "minecraft:adventure/kill_a_mob": {
    "criteria": {
      "minecraft:enderman": "2024-06-26 22:39:04 +0000"
    },
    "done": true
  },
  "minecraft:recipes/redstone/tripwire_hook": {
    "criteria": {
      "has_string": "2024-06-26 22:39:16 +0000"
    },
    "done": true
  },
  "minecraft:recipes/decorations/candle": {
    "criteria": {
      "has_string": "2024-06-26 22:39:16 +0000"
    },
    "done": true
  },
  "vampirism:recipes/decorations/vampire/chandelier": {
    "criteria": {
      "has_string": "2024-06-26 22:39:16 +0000"
    },
    "done": true
  },
  "minecraft:recipes/combat/crossbow": {
    "criteria": {
      "has_string": "2024-06-26 22:39:16 +0000"
    },
    "done": true
  },
  "minecraft:recipes/combat/bow": {
    "criteria": {
      "has_string": "2024-06-26 22:39:16 +0000"
    },
    "done": true
  },
  "minecraft:recipes/tools/fishing_rod": {
    "criteria": {
      "has_string": "2024-06-26 22:39:16 +0000"
    },
    "done": true
  },
  "vampirism:recipes/decorations/vampire/candelabra": {
    "criteria": {
      "has_string": "2024-06-26 22:39:16 +0000"
    },
    "done": true
  },
  "minecraft:recipes/brewing/fermented_spider_eye": {
    "criteria": {
      "has_spider_eye": "2024-06-26 22:39:16 +0000"
    },
    "done": true
  },
  "minecraft:recipes/building_blocks/white_wool_from_string": {
    "criteria": {
      "has_string": "2024-06-26 22:39:16 +0000"
    },
    "done": true
  },
  "minecraft:recipes/decorations/loom": {
    "criteria": {
      "has_string": "2024-06-26 22:39:16 +0000"
    },
    "done": true
  },
  "minecraft:adventure/sleep_in_bed": {
    "criteria": {
      "slept_in_bed": "2024-06-26 22:39:19 +0000"
    },
    "done": true
  },
  "vampirism:recipes/alchemy_table/alchemy_table/plant_oil": {
    "criteria": {
      "has_wheat_seeds": "2024-06-26 22:41:06 +0000"
    },
    "done": true
  },
  "vampirism:recipes/decorations/hunter/hunter_table": {
    "criteria": {
      "has_fang": "2024-06-26 22:41:57 +0000"
    },
    "done": true
  },
  "vampirism:main/root": {
    "criteria": {
      "main": "2024-06-26 22:41:57 +0000"
    },
    "done": true
  },
  "vampirism:recipes/decorations/general/vampire_rack": {
    "criteria": {
      "has_fangs": "2024-06-26 22:41:57 +0000"
    },
    "done": true
  },
  "tombstone:adventure/discreet_search": {
    "criteria": {
      "coded_trigger": "2024-06-26 22:42:03 +0000"
    },
    "done": true
  },
  "tombstone:recipes/from_grave_dust": {
    "criteria": {
      "has_ingredient": "2024-06-26 22:44:11 +0000"
    },
    "done": true
  },
  "minecraft:recipes/misc/bone_meal": {
    "criteria": {
      "has_bone": "2024-06-26 22:45:32 +0000"
    },
    "done": true
  },
  "vampirism:hunter/betrayal": {
    "criteria": {
      "kill": "2024-06-26 23:44:50 +0000"
    },
    "done": false
  },
  "vampirism:recipes/combat/vampire/vampire_clothing_crown": {
    "criteria": {
      "has_heart": "2024-06-26 22:50:12 +0000"
    },
    "done": true
  },
  "vampirism:recipes/combat/vampire/vampire_clothing_hat": {
    "criteria": {
      "has_heart": "2024-06-26 22:50:12 +0000"
    },
    "done": true
  },
  "vampirism:recipes/combat/vampire/vampire_clothing_boots": {
    "criteria": {
      "has_heart": "2024-06-26 22:50:12 +0000"
    },
    "done": true
  },
  "vampirism:recipes/combat/vampire/vampire_clothing_legs": {
    "criteria": {
      "has_heart": "2024-06-26 22:50:12 +0000"
    },
    "done": true
  },
  "minecraft:recipes/decorations/oak_sign": {
    "criteria": {
      "has_planks": "2024-06-26 22:51:12 +0000"
    },
    "done": true
  },
  "another_furniture:recipes/oak_chair": {
    "criteria": {
      "has_planks": "2024-06-26 22:51:12 +0000"
    },
    "done": true
  },
  "mcwwindows:recipes/blinds": {
    "criteria": {
      "has_wood": "2024-06-26 22:51:12 +0000",
      "has_the_recipe": "2024-06-26 22:51:12 +0000"
    },
    "done": true
  },
  "minecraft:recipes/misc/stick": {
    "criteria": {
      "has_planks": "2024-06-26 22:51:12 +0000"
    },
    "done": true
  },
  "mcwwindows:recipes/parapets": {
    "criteria": {
      "has_wood": "2024-06-26 22:51:12 +0000"
    },
    "done": true
  },
  "mcwbridges:recipes/oak_log_bridge_middle": {
    "criteria": {
      "has_planks": "2024-06-26 22:51:12 +0000"
    },
    "done": true
  },
  "vampirism:recipes/decorations/general/throne": {
    "criteria": {
      "has_planks": "2024-06-26 22:51:12 +0000"
    },
    "done": true
  },
  "design_decor:recipes/building_blocks/wood_support_from_planks_stonecutting": {
    "criteria": {
      "has_planks": "2024-06-26 22:51:12 +0000"
    },
    "done": true
  },
  "minecraft:recipes/building_blocks/oak_slab": {
    "criteria": {
      "has_planks": "2024-06-26 22:51:12 +0000"
    },
    "done": true
  },
  "minecraft:recipes/redstone/oak_fence_gate": {
    "criteria": {
      "has_planks": "2024-06-26 22:51:12 +0000"
    },
    "done": true
  },
  "mcwtrpdoors:recipes/oak/oak_blossom_trapdoor": {
    "criteria": {
      "has_plankss": "2024-06-26 22:51:12 +0000"
    },
    "done": true
  },
  "minecraft:recipes/redstone/oak_door": {
    "criteria": {
      "has_planks": "2024-06-26 22:51:12 +0000"
    },
    "done": true
  },
  "vampirism:recipes/combat/hunter/crucifix": {
    "criteria": {
      "planks": "2024-06-26 22:51:12 +0000"
    },
    "done": true
  },
  "minecraft:recipes/decorations/barrel": {
    "criteria": {
      "has_planks": "2024-06-26 22:51:12 +0000"
    },
    "done": true
  },
  "mcwbridges:recipes/asian_red_bridge_pier": {
    "criteria": {
      "has_planks": "2024-06-26 22:51:12 +0000"
    },
    "done": true
  },
  "minecraft:recipes/redstone/oak_trapdoor": {
    "criteria": {
      "has_planks": "2024-06-26 22:51:12 +0000"
    },
    "done": true
  },
  "minecraft:recipes/building_blocks/oak_stairs": {
    "criteria": {
      "has_planks": "2024-06-26 22:51:12 +0000"
    },
    "done": true
  },
  "minecraft:recipes/decorations/oak_fence": {
    "criteria": {
      "has_planks": "2024-06-26 22:51:12 +0000"
    },
    "done": true
  },
  "vampirism:recipes/decorations/vampire/altar_inspiration": {
    "criteria": {
      "has_planks": "2024-06-26 22:51:12 +0000"
    },
    "done": true
  },
  "mcwbridges:recipes/asian_red_bridge": {
    "criteria": {
      "has_planks": "2024-06-26 22:51:12 +0000"
    },
    "done": true
  },
  "mcwwindows:recipes/shutters": {
    "criteria": {
      "has_wood": "2024-06-26 22:51:12 +0000"
    },
    "done": true
  },
  "mcwbridges:recipes/rope_oak_bridge": {
    "criteria": {
      "has_planks": "2024-06-26 22:51:12 +0000"
    },
    "done": true
  },
  "minecraft:recipes/redstone/oak_button": {
    "criteria": {
      "has_planks": "2024-06-26 22:51:12 +0000"
    },
    "done": true
  },
  "mcwbridges:recipes/oak_rail_bridge": {
    "criteria": {
      "has_planks": "2024-06-26 22:51:12 +0000"
    },
    "done": true
  },
  "another_furniture:recipes/oak_shelf": {
    "criteria": {
      "has_planks": "2024-06-26 22:51:12 +0000"
    },
    "done": true
  },
  "vampirism:recipes/decorations/hunter/cross": {
    "criteria": {
      "has_planks": "2024-06-26 22:51:12 +0000"
    },
    "done": true
  },
  "vampirism:recipes/decorations/bat_cage": {
    "criteria": {
      "has_planks": "2024-06-26 22:51:12 +0000"
    },
    "done": true
  },
  "minecraft:recipes/redstone/oak_pressure_plate": {
    "criteria": {
      "has_planks": "2024-06-26 22:51:12 +0000"
    },
    "done": true
  },
  "another_furniture:recipes/oak_table": {
    "criteria": {
      "has_planks": "2024-06-26 22:51:12 +0000"
    },
    "done": true
  },
  "vampirism:recipes/combat/alchemy_table": {
    "criteria": {
      "has_planks": "2024-06-26 22:51:12 +0000"
    },
    "done": true
  },
  "create:recipes/building_blocks/oak_window": {
    "criteria": {
      "has_ingredient": "2024-06-26 22:51:12 +0000"
    },
    "done": true
  },
  "vampirism:recipes/decorations/general/altar_cleansing": {
    "criteria": {
      "has_vampire_book": "2024-06-26 22:51:12 +0000"
    },
    "done": true
  },
  "minecraft:recipes/decorations/ladder": {
    "criteria": {
      "has_stick": "2024-06-26 22:51:29 +0000"
    },
    "done": true
  },
  "securitycraft:recipes/redstone/reinforced_birch_fence_gate": {
    "criteria": {
      "has_stick": "2024-06-26 22:51:29 +0000"
    },
    "done": true
  },
  "securitycraft:recipes/redstone/reinforced_crimson_fence_gate": {
    "criteria": {
      "has_stick": "2024-06-26 22:51:29 +0000"
    },
    "done": true
  },
  "securitycraft:recipes/misc/motion_activated_light": {
    "criteria": {
      "has_stick": "2024-06-26 22:51:29 +0000"
    },
    "done": true
  },
  "securitycraft:recipes/redstone/reinforced_jungle_fence_gate": {
    "criteria": {
      "has_stick": "2024-06-26 22:51:29 +0000"
    },
    "done": true
  },
  "another_furniture:recipes/oak_drawer": {
    "criteria": {
      "has_planks": "2024-06-26 22:51:29 +0000"
    },
    "done": true
  },
  "minecraft:recipes/tools/wooden_axe": {
    "criteria": {
      "has_stick": "2024-06-26 22:51:29 +0000"
    },
    "done": true
  },
  "securitycraft:recipes/redstone/reinforced_spruce_fence_gate": {
    "criteria": {
      "has_stick": "2024-06-26 22:51:29 +0000"
    },
    "done": true
  },
  "another_furniture:recipes/dark_oak_drawer": {
    "criteria": {
      "has_planks": "2024-06-26 22:51:29 +0000"
    },
    "done": true
  },
  "securitycraft:recipes/misc/reinforced_acacia_fence": {
    "criteria": {
      "has_stick": "2024-06-26 22:51:29 +0000"
    },
    "done": true
  },
  "another_furniture:recipes/acacia_drawer": {
    "criteria": {
      "has_planks": "2024-06-26 22:51:29 +0000"
    },
    "done": true
  },
  "securitycraft:recipes/redstone/reinforced_bamboo_fence_gate": {
    "criteria": {
      "has_stick": "2024-06-26 22:51:29 +0000"
    },
    "done": true
  },
  "another_furniture:recipes/spruce_drawer": {
    "criteria": {
      "has_planks": "2024-06-26 22:51:29 +0000"
    },
    "done": true
  },
  "minecraft:recipes/decorations/campfire": {
    "criteria": {
      "has_stick": "2024-06-26 22:51:29 +0000"
    },
    "done": true
  },
  "minecraft:recipes/tools/wooden_hoe": {
    "criteria": {
      "has_stick": "2024-06-26 22:51:29 +0000"
    },
    "done": true
  },
  "securitycraft:recipes/misc/sonic_security_system": {
    "criteria": {
      "has_stick": "2024-06-26 22:51:29 +0000"
    },
    "done": true
  },
  "minecraft:recipes/tools/wooden_shovel": {
    "criteria": {
      "has_stick": "2024-06-26 22:51:29 +0000"
    },
    "done": true
  },
  "another_furniture:recipes/cherry_drawer": {
    "criteria": {
      "has_planks": "2024-06-26 22:51:29 +0000"
    },
    "done": true
  },
  "securitycraft:recipes/redstone/reinforced_dark_oak_fence_gate": {
    "criteria": {
      "has_stick": "2024-06-26 22:51:29 +0000"
    },
    "done": true
  },
  "another_furniture:recipes/bamboo_drawer": {
    "criteria": {
      "has_planks": "2024-06-26 22:51:29 +0000"
    },
    "done": true
  },
  "minecraft:recipes/combat/wooden_sword": {
    "criteria": {
      "has_stick": "2024-06-26 22:51:29 +0000"
    },
    "done": true
  },
  "securitycraft:recipes/misc/reinforced_birch_fence": {
    "criteria": {
      "has_stick": "2024-06-26 22:51:29 +0000"
    },
    "done": true
  },
  "securitycraft:recipes/misc/reinforced_dark_oak_fence": {
    "criteria": {
      "has_stick": "2024-06-26 22:51:29 +0000"
    },
    "done": true
  },
  "securitycraft:recipes/misc/reinforced_oak_fence": {
    "criteria": {
      "has_stick": "2024-06-26 22:51:29 +0000"
    },
    "done": true
  },
  "securitycraft:recipes/redstone/reinforced_oak_fence_gate": {
    "criteria": {
      "has_stick": "2024-06-26 22:51:29 +0000"
    },
    "done": true
  },
  "securitycraft:recipes/misc/reinforced_bamboo_fence": {
    "criteria": {
      "has_stick": "2024-06-26 22:51:29 +0000"
    },
    "done": true
  },
  "securitycraft:recipes/misc/reinforced_crimson_fence": {
    "criteria": {
      "has_stick": "2024-06-26 22:51:29 +0000"
    },
    "done": true
  },
  "vampirism:recipes/combat/hunter/stake": {
    "criteria": {
      "has_sticks": "2024-06-26 22:51:29 +0000"
    },
    "done": true
  },
  "securitycraft:recipes/misc/reinforced_jungle_fence": {
    "criteria": {
      "has_stick": "2024-06-26 22:51:29 +0000"
    },
    "done": true
  },
  "securitycraft:recipes/misc/reinforced_warped_fence": {
    "criteria": {
      "has_stick": "2024-06-26 22:51:29 +0000"
    },
    "done": true
  },
  "another_furniture:recipes/warped_drawer": {
    "criteria": {
      "has_planks": "2024-06-26 22:51:29 +0000"
    },
    "done": true
  },
  "securitycraft:recipes/redstone/reinforced_cherry_fence_gate": {
    "criteria": {
      "has_stick": "2024-06-26 22:51:29 +0000"
    },
    "done": true
  },
  "securitycraft:recipes/redstone/reinforced_acacia_fence_gate": {
    "criteria": {
      "has_stick": "2024-06-26 22:51:29 +0000"
    },
    "done": true
  },
  "securitycraft:recipes/misc/reinforced_cherry_fence": {
    "criteria": {
      "has_stick": "2024-06-26 22:51:29 +0000"
    },
    "done": true
  },
  "securitycraft:recipes/redstone/reinforced_warped_fence_gate": {
    "criteria": {
      "has_stick": "2024-06-26 22:51:29 +0000"
    },
    "done": true
  },
  "another_furniture:recipes/jungle_drawer": {
    "criteria": {
      "has_planks": "2024-06-26 22:51:29 +0000"
    },
    "done": true
  },
  "another_furniture:recipes/crimson_drawer": {
    "criteria": {
      "has_planks": "2024-06-26 22:51:29 +0000"
    },
    "done": true
  },
  "minecraft:recipes/tools/wooden_pickaxe": {
    "criteria": {
      "has_stick": "2024-06-26 22:51:29 +0000"
    },
    "done": true
  },
  "securitycraft:recipes/redstone/reinforced_mangrove_fence_gate": {
    "criteria": {
      "has_stick": "2024-06-26 22:51:29 +0000"
    },
    "done": true
  },
  "securitycraft:recipes/misc/reinforced_mangrove_fence": {
    "criteria": {
      "has_stick": "2024-06-26 22:51:29 +0000"
    },
    "done": true
  },
  "another_furniture:recipes/mangrove_drawer": {
    "criteria": {
      "has_planks": "2024-06-26 22:51:29 +0000"
    },
    "done": true
  },
  "another_furniture:recipes/furniture_hammer": {
    "criteria": {
      "has_stick": "2024-06-26 22:51:29 +0000"
    },
    "done": true
  },
  "another_furniture:recipes/birch_drawer": {
    "criteria": {
      "has_planks": "2024-06-26 22:51:29 +0000"
    },
    "done": true
  },
  "securitycraft:recipes/misc/reinforced_spruce_fence": {
    "criteria": {
      "has_stick": "2024-06-26 22:51:29 +0000"
    },
    "done": true
  },
  "mcwwindows:recipes/diorite": {
    "criteria": {
      "has_the_recipe": "2024-06-26 22:51:38 +0000"
    },
    "done": true
  },
  "mcwwindows:recipes/warped": {
    "criteria": {
      "has_the_recipe": "2024-06-26 22:51:38 +0000"
    },
    "done": true
  },
  "mcwwindows:recipes/dark_oak": {
    "criteria": {
      "has_the_recipe": "2024-06-26 22:51:38 +0000"
    },
    "done": true
  },
  "mcwtrpdoors:recipes/oak/oak_swamp_trapdoor": {
    "criteria": {
      "has_logs": "2024-06-26 22:51:38 +0000"
    },
    "done": true
  },
  "mcwtrpdoors:recipes/oak/oak_paper_trapdoor": {
    "criteria": {
      "has_logs": "2024-06-26 22:51:38 +0000"
    },
    "done": true
  },
  "mcwwindows:recipes/dark_prismarine": {
    "criteria": {
      "has_the_recipe": "2024-06-26 22:51:38 +0000"
    },
    "done": true
  },
  "mcwwindows:recipes/components": {
    "criteria": {
      "has_wood": "2024-06-26 22:51:38 +0000"
    },
    "done": true
  },
  "mcwwindows:recipes/birch": {
    "criteria": {
      "has_the_recipe": "2024-06-26 22:51:38 +0000"
    },
    "done": true
  },
  "mcwtrpdoors:recipes/oak/oak_glass_trapdoor": {
    "criteria": {
      "has_logs": "2024-06-26 22:51:38 +0000"
    },
    "done": true
  },
  "mcwwindows:recipes/cherry": {
    "criteria": {
      "has_the_recipe": "2024-06-26 22:51:38 +0000"
    },
    "done": true
  },
  "mcwtrpdoors:recipes/oak/oak_mystic_trapdoor": {
    "criteria": {
      "has_logs": "2024-06-26 22:51:38 +0000"
    },
    "done": true
  },
  "vampirism:recipes/decorations/general/fire_place": {
    "criteria": {
      "has_logs": "2024-06-26 22:51:38 +0000"
    },
    "done": true
  },
  "mcwtrpdoors:recipes/oak/oak_beach_trapdoor": {
    "criteria": {
      "has_logs": "2024-06-26 22:51:38 +0000"
    },
    "done": true
  },
  "minecraft:recipes/misc/charcoal": {
    "criteria": {
      "has_log": "2024-06-26 22:51:38 +0000"
    },
    "done": true
  },
  "mcwwindows:recipes/spruce": {
    "criteria": {
      "has_the_recipe": "2024-06-26 22:51:38 +0000"
    },
    "done": true
  },
  "mcwtrpdoors:recipes/oak/oak_cottage_trapdoor": {
    "criteria": {
      "has_logs": "2024-06-26 22:51:38 +0000"
    },
    "done": true
  },
  "minecraft:recipes/building_blocks/oak_planks": {
    "criteria": {
      "has_logs": "2024-06-26 22:51:38 +0000"
    },
    "done": true
  },
  "mcwfurnitures:recipes/oak": {
    "criteria": {
      "has_wood": "2024-06-26 22:51:38 +0000"
    },
    "done": true
  },
  "mcwwindows:recipes/stone": {
    "criteria": {
      "has_the_recipe": "2024-06-26 22:51:38 +0000"
    },
    "done": true
  },
  "mcwtrpdoors:recipes/oak/oak_barn_trapdoor": {
    "criteria": {
      "has_logs": "2024-06-26 22:51:38 +0000"
    },
    "done": true
  },
  "mcwwindows:recipes/crimson": {
    "criteria": {
      "has_the_recipe": "2024-06-26 22:51:38 +0000"
    },
    "done": true
  },
  "securitycraft:recipes/misc/sc_manual": {
    "criteria": {
      "has_wood": "2024-06-26 22:51:38 +0000"
    },
    "done": true
  },
  "mcwtrpdoors:recipes/oak/oak_barred_trapdoor": {
    "criteria": {
      "has_logs": "2024-06-26 22:51:38 +0000"
    },
    "done": true
  },
  "minecraft:recipes/building_blocks/oak_wood": {
    "criteria": {
      "has_log": "2024-06-26 22:51:38 +0000"
    },
    "done": true
  },
  "mcwwindows:recipes/jungle": {
    "criteria": {
      "has_the_recipe": "2024-06-26 22:51:38 +0000"
    },
    "done": true
  },
  "mcwwindows:recipes/oak": {
    "criteria": {
      "has_wood": "2024-06-26 22:51:38 +0000",
      "has_the_recipe": "2024-06-26 22:51:38 +0000"
    },
    "done": true
  },
  "mcwwindows:recipes/blackstone": {
    "criteria": {
      "has_the_recipe": "2024-06-26 22:51:38 +0000"
    },
    "done": true
  },
  "mcwtrpdoors:recipes/oak/oak_tropical_trapdoor": {
    "criteria": {
      "has_logs": "2024-06-26 22:51:38 +0000"
    },
    "done": true
  },
  "mcwtrpdoors:recipes/print_classic": {
    "criteria": {
      "has_logs": "2024-06-26 22:51:38 +0000"
    },
    "done": true
  },
  "mcwtrpdoors:recipes/oak/oak_four_panel_trapdoor": {
    "criteria": {
      "has_logs": "2024-06-26 22:51:38 +0000"
    },
    "done": true
  },
  "mcwwindows:recipes/granite": {
    "criteria": {
      "has_the_recipe": "2024-06-26 22:51:38 +0000"
    },
    "done": true
  },
  "mcwwindows:recipes/andesite": {
    "criteria": {
      "has_the_recipe": "2024-06-26 22:51:38 +0000"
    },
    "done": true
  },
  "mcwbridges:recipes/oak_bridge_pier": {
    "criteria": {
      "has_planks": "2024-06-26 22:51:38 +0000"
    },
    "done": true
  },
  "mcwwindows:recipes/mangrove": {
    "criteria": {
      "has_the_recipe": "2024-06-26 22:51:38 +0000"
    },
    "done": true
  },
  "mcwtrpdoors:recipes/acacia/oak_bark_trapdoor": {
    "criteria": {
      "has_logs": "2024-06-26 22:51:38 +0000"
    },
    "done": true
  },
  "mcwtrpdoors:recipes/oak/oak_barrel_trapdoor": {
    "criteria": {
      "has_logs": "2024-06-26 22:51:38 +0000"
    },
    "done": true
  },
  "mcwtrpdoors:recipes/oak/oak_ranch_trapdoor": {
    "criteria": {
      "has_logs": "2024-06-26 22:51:38 +0000"
    },
    "done": true
  },
  "mcwwindows:recipes/acacia": {
    "criteria": {
      "has_the_recipe": "2024-06-26 22:51:38 +0000"
    },
    "done": true
  },
  "mcwdoors:recipes/oak": {
    "criteria": {
      "has_wood": "2024-06-26 22:51:38 +0000"
    },
    "done": true
  },
  "mcwwindows:recipes/prismarine": {
    "criteria": {
      "has_the_recipe": "2024-06-26 22:51:38 +0000"
    },
    "done": true
  },
  "minecraft:story/mine_stone": {
    "criteria": {
      "get_stone": "2024-06-26 22:54:52 +0000"
    },
    "done": true
  },
  "minecraft:recipes/decorations/furnace": {
    "criteria": {
      "has_cobblestone": "2024-06-26 22:54:52 +0000"
    },
    "done": true
  },
  "securitycraft:recipes/building_blocks/reinforced_andesite_with_vanilla_diorite": {
    "criteria": {
      "has_cobblestone": "2024-06-26 22:54:52 +0000"
    },
    "done": true
  },
  "minecraft:recipes/building_blocks/cobblestone_slab_from_cobblestone_stonecutting": {
    "criteria": {
      "has_cobblestone": "2024-06-26 22:54:52 +0000"
    },
    "done": true
  },
  "minecraft:recipes/building_blocks/stone": {
    "criteria": {
      "has_cobblestone": "2024-06-26 22:54:52 +0000"
    },
    "done": true
  },
  "securitycraft:recipes/building_blocks/reinforced_andesite_with_vanilla_cobblestone": {
    "criteria": {
      "has_cobblestone": "2024-06-26 22:54:52 +0000"
    },
    "done": true
  },
  "vampirism:recipes/decorations/general/tombstone2": {
    "criteria": {
      "has_coble": "2024-06-26 22:54:52 +0000"
    },
    "done": true
  },
  "minecraft:recipes/tools/stone_pickaxe": {
    "criteria": {
      "has_cobblestone": "2024-06-26 22:54:52 +0000"
    },
    "done": true
  },
  "minecraft:recipes/building_blocks/cobblestone_slab": {
    "criteria": {
      "has_cobblestone": "2024-06-26 22:54:52 +0000"
    },
    "done": true
  },
  "minecraft:recipes/decorations/cobblestone_wall_from_cobblestone_stonecutting": {
    "criteria": {
      "has_cobblestone": "2024-06-26 22:54:52 +0000"
    },
    "done": true
  },
  "minecraft:recipes/building_blocks/cobblestone_stairs": {
    "criteria": {
      "has_cobblestone": "2024-06-26 22:54:52 +0000"
    },
    "done": true
  },
  "minecraft:recipes/tools/stone_shovel": {
    "criteria": {
      "has_cobblestone": "2024-06-26 22:54:52 +0000"
    },
    "done": true
  },
  "minecraft:recipes/redstone/lever": {
    "criteria": {
      "has_cobblestone": "2024-06-26 22:54:52 +0000"
    },
    "done": true
  },
  "minecraft:recipes/combat/stone_sword": {
    "criteria": {
      "has_cobblestone": "2024-06-26 22:54:52 +0000"
    },
    "done": true
  },
  "minecraft:recipes/decorations/cobblestone_wall": {
    "criteria": {
      "has_cobblestone": "2024-06-26 22:54:52 +0000"
    },
    "done": true
  },
  "minecraft:recipes/tools/stone_axe": {
    "criteria": {
      "has_cobblestone": "2024-06-26 22:54:52 +0000"
    },
    "done": true
  },
  "securitycraft:recipes/redstone/laser_block": {
    "criteria": {
      "has_stone": "2024-06-26 22:54:52 +0000"
    },
    "done": true
  },
  "mcwbridges:recipes/cobblestone_bridge": {
    "criteria": {
      "has_planks": "2024-06-26 22:54:52 +0000"
    },
    "done": true
  },
  "mcwbridges:recipes/cobblestone_bridge_pier": {
    "criteria": {
      "has_planks": "2024-06-26 22:54:52 +0000"
    },
    "done": true
  },
  "securitycraft:recipes/building_blocks/reinforced_andesite": {
    "criteria": {
      "has_cobblestone": "2024-06-26 22:54:52 +0000"
    },
    "done": true
  },
  "mcwbridges:recipes/cobblestone_bridge_stair": {
    "criteria": {
      "has_planks": "2024-06-26 22:54:52 +0000"
    },
    "done": true
  },
  "mcwbridges:recipes/balustrade_cobblestone_bridge": {
    "criteria": {
      "has_planks": "2024-06-26 22:54:52 +0000"
    },
    "done": true
  },
  "securitycraft:recipes/building_blocks/reinforced_diorite": {
    "criteria": {
      "has_cobblestone": "2024-06-26 22:54:52 +0000"
    },
    "done": true
  },
  "minecraft:recipes/building_blocks/cobblestone_stairs_from_cobblestone_stonecutting": {
    "criteria": {
      "has_cobblestone": "2024-06-26 22:54:52 +0000"
    },
    "done": true
  },
  "minecraft:recipes/tools/stone_hoe": {
    "criteria": {
      "has_cobblestone": "2024-06-26 22:54:52 +0000"
    },
    "done": true
  },
  "vampirism:recipes/combat/hunter/crossbow_arrow_from_vanilla": {
    "criteria": {
      "has_arrow": "2024-06-26 23:01:09 +0000"
    },
    "done": true
  },
  "vampirism:vampire/blood_cult": {
    "criteria": {
      "main": "2024-06-26 23:38:52 +0000"
    },
    "done": false
  },
  "vampirism:vampire/freeze_kill": {
    "criteria": {
      "main": "2024-06-26 23:38:52 +0000"
    },
    "done": false
  },
  "minecraft:recipes/building_blocks/red_concrete_powder": {
    "criteria": {
      "has_sand": "2024-06-26 23:33:56 +0000"
    },
    "done": true
  },
  "biomesoplenty:recipes/transportation/willow_boat": {
    "criteria": {
      "in_water": "2024-06-26 23:32:15 +0000"
    },
    "done": true
  },
  "minecraft:recipes/building_blocks/green_concrete_powder": {
    "criteria": {
      "has_sand": "2024-06-26 23:33:56 +0000"
    },
    "done": true
  },
  "minecraft:recipes/building_blocks/blue_concrete_powder": {
    "criteria": {
      "has_sand": "2024-06-26 23:33:56 +0000"
    },
    "done": true
  },
  "vampirism:vampire/first_blood": {
    "criteria": {
      "main": "2024-06-26 23:38:52 +0000",
      "flower": "2024-06-26 23:46:21 +0000"
    },
    "done": true
  },
  "minecraft:recipes/transportation/cherry_boat": {
    "criteria": {
      "in_water": "2024-06-26 23:32:15 +0000"
    },
    "done": true
  },
  "biomesoplenty:recipes/transportation/umbran_boat": {
    "criteria": {
      "in_water": "2024-06-26 23:32:15 +0000"
    },
    "done": true
  },
  "minecraft:recipes/transportation/bamboo_raft": {
    "criteria": {
      "in_water": "2024-06-26 23:32:15 +0000"
    },
    "done": true
  },
  "biomesoplenty:recipes/transportation/dead_boat": {
    "criteria": {
      "in_water": "2024-06-26 23:32:15 +0000"
    },
    "done": true
  },
  "biomesoplenty:recipes/transportation/magic_boat": {
    "criteria": {
      "in_water": "2024-06-26 23:32:15 +0000"
    },
    "done": true
  },
  "minecraft:recipes/building_blocks/lime_concrete_powder": {
    "criteria": {
      "has_sand": "2024-06-26 23:33:56 +0000"
    },
    "done": true
  },
  "minecraft:recipes/building_blocks/orange_concrete_powder": {
    "criteria": {
      "has_sand": "2024-06-26 23:33:56 +0000"
    },
    "done": true
  },
  "minecraft:recipes/building_blocks/magenta_concrete_powder": {
    "criteria": {
      "has_sand": "2024-06-26 23:33:56 +0000"
    },
    "done": true
  },
  "vampirism:vampire/kill_mother": {
    "criteria": {
      "main": "2024-06-26 23:38:52 +0000"
    },
    "done": false
  },
  "vampirism:recipes/alchemy_table/alchemy_table/vampire_blood_oil": {
    "criteria": {
      "has_wheat_seeds": "2024-06-26 23:35:10 +0000"
    },
    "done": true
  },
  "biomesoplenty:biomesoplenty/root": {
    "criteria": {
      "dune_beach": "2024-06-26 23:33:26 +0000"
    },
    "done": true
  },
  "minecraft:recipes/transportation/acacia_boat": {
    "criteria": {
      "in_water": "2024-06-26 23:32:15 +0000"
    },
    "done": true
  },
  "minecraft:recipes/building_blocks/black_concrete_powder": {
    "criteria": {
      "has_sand": "2024-06-26 23:33:56 +0000"
    },
    "done": true
  },
  "vampirism:vampire/resurrect": {
    "criteria": {
      "main": "2024-06-26 23:38:52 +0000"
    },
    "done": false
  },
  "minecraft:recipes/building_blocks/purple_concrete_powder": {
    "criteria": {
      "has_sand": "2024-06-26 23:33:56 +0000"
    },
    "done": true
  },
  "vampirism:vampire/bat": {
    "criteria": {
      "main": "2024-06-26 23:38:52 +0000"
    },
    "done": false
  },
  "minecraft:recipes/building_blocks/cyan_concrete_powder": {
    "criteria": {
      "has_sand": "2024-06-26 23:33:56 +0000"
    },
    "done": true
  },
  "minecraft:recipes/transportation/jungle_boat": {
    "criteria": {
      "in_water": "2024-06-26 23:32:15 +0000"
    },
    "done": true
  },
  "minecraft:recipes/building_blocks/light_gray_concrete_powder": {
    "criteria": {
      "has_sand": "2024-06-26 23:33:56 +0000"
    },
    "done": true
  },
  "minecraft:recipes/building_blocks/pink_concrete_powder": {
    "criteria": {
      "has_sand": "2024-06-26 23:33:56 +0000"
    },
    "done": true
  },
  "minecraft:recipes/building_blocks/brown_concrete_powder": {
    "criteria": {
      "has_sand": "2024-06-26 23:33:56 +0000"
    },
    "done": true
  },
  "minecraft:recipes/building_blocks/light_blue_concrete_powder": {
    "criteria": {
      "has_sand": "2024-06-26 23:33:56 +0000"
    },
    "done": true
  },
  "minecraft:recipes/building_blocks/glass": {
    "criteria": {
      "has_smelts_to_glass": "2024-06-26 23:33:56 +0000"
    },
    "done": true
  },
  "vampirism:vampire/extra_storage": {
    "criteria": {
      "main": "2024-06-26 23:38:52 +0000"
    },
    "done": false
  },
  "biomesoplenty:recipes/transportation/fir_boat": {
    "criteria": {
      "in_water": "2024-06-26 23:32:15 +0000"
    },
    "done": true
  },
  "biomesoplenty:biomesoplenty/all_biomes": {
    "criteria": {
      "dune_beach": "2024-06-26 23:33:26 +0000"
    },
    "done": false
  },
  "minecraft:recipes/building_blocks/white_concrete_powder": {
    "criteria": {
      "has_sand": "2024-06-26 23:33:56 +0000"
    },
    "done": true
  },
  "minecraft:recipes/transportation/spruce_boat": {
    "criteria": {
      "in_water": "2024-06-26 23:32:15 +0000"
    },
    "done": true
  },
  "minecraft:recipes/transportation/birch_boat": {
    "criteria": {
      "in_water": "2024-06-26 23:32:15 +0000"
    },
    "done": true
  },
  "minecraft:recipes/transportation/oak_boat": {
    "criteria": {
      "in_water": "2024-06-26 23:32:15 +0000"
    },
    "done": true
  },
  "vampirism:recipes/transportation/cursed_spruce_boat": {
    "criteria": {
      "in_water": "2024-06-26 23:32:15 +0000"
    },
    "done": true
  },
  "biomesoplenty:recipes/transportation/redwood_boat": {
    "criteria": {
      "in_water": "2024-06-26 23:32:15 +0000"
    },
    "done": true
  },
  "minecraft:recipes/transportation/mangrove_boat": {
    "criteria": {
      "in_water": "2024-06-26 23:32:15 +0000"
    },
    "done": true
  },
  "vampirism:vampire/yuck": {
    "criteria": {
      "main": "2024-06-26 23:38:52 +0000"
    },
    "done": false
  },
  "vampirism:main/ancient_knowledge": {
    "criteria": {
      "blood_container": "2024-06-26 23:42:01 +0000"
    },
    "done": true
  },
  "vampirism:vampire/sniped": {
    "criteria": {
      "main": "2024-06-26 23:38:52 +0000"
    },
    "done": false
  },
  "biomesoplenty:recipes/transportation/hellbark_boat": {
    "criteria": {
      "in_water": "2024-06-26 23:32:15 +0000"
    },
    "done": true
  },
  "biomesoplenty:recipes/transportation/jacaranda_boat": {
    "criteria": {
      "in_water": "2024-06-26 23:32:15 +0000"
    },
    "done": true
  },
  "biomesoplenty:recipes/transportation/mahogany_boat": {
    "criteria": {
      "in_water": "2024-06-26 23:32:15 +0000"
    },
    "done": true
  },
  "vampirism:recipes/transportation/dark_spruce_boat": {
    "criteria": {
      "in_water": "2024-06-26 23:32:15 +0000"
    },
    "done": true
  },
  "biomesoplenty:recipes/transportation/palm_boat": {
    "criteria": {
      "in_water": "2024-06-26 23:32:15 +0000"
    },
    "done": true
  },
  "vampirism:vampire/become_vampire": {
    "criteria": {
      "main": "2024-06-26 23:38:52 +0000"
    },
    "done": true
  },
  "minecraft:recipes/building_blocks/yellow_concrete_powder": {
    "criteria": {
      "has_sand": "2024-06-26 23:33:56 +0000"
    },
    "done": true
  },
  "minecraft:recipes/building_blocks/sandstone": {
    "criteria": {
      "has_sand": "2024-06-26 23:33:56 +0000"
    },
    "done": true
  },
  "minecraft:recipes/building_blocks/gray_concrete_powder": {
    "criteria": {
      "has_sand": "2024-06-26 23:33:56 +0000"
    },
    "done": true
  },
  "minecraft:recipes/transportation/dark_oak_boat": {
    "criteria": {
      "in_water": "2024-06-26 23:32:15 +0000"
    },
    "done": true
  },
  "DataVersion": 3465
}