{
  "farmersdelight:recipes/farmersdelight/cooking/glow_berry_custard": {
    "criteria": {
      "has_any_ingredient": "2024-10-23 18:32:05 +0000"
    },
    "done": true
  },
  "smallships:recipes/transportation/birch_drakkar": {
    "criteria": {
      "in_water": "2024-10-23 06:27:10 +0000"
    },
    "done": true
  },
  "minecraft:recipes/building_blocks/magenta_concrete_powder": {
    "criteria": {
      "has_sand": "2024-10-23 18:26:00 +0000"
    },
    "done": true
  },
  "mcwfences:recipes/deepslate": {
    "criteria": {
      "has_deepslate": "2024-10-23 06:23:51 +0000"
    },
    "done": true
  },
  "minecraft:recipes/misc/paper": {
    "criteria": {
      "has_reeds": "2024-10-23 18:24:59 +0000"
    },
    "done": true
  },
  "smallships:recipes/transportation/jungle_drakkar": {
    "criteria": {
      "in_water": "2024-10-23 06:27:10 +0000"
    },
    "done": true
  },
  "extradelight:start": {
    "criteria": {
      "start": "2024-10-23 06:23:51 +0000"
    },
    "done": true
  },
  "smallships:recipes/transportation/acacia_cog": {
    "criteria": {
      "in_water": "2024-10-23 06:27:10 +0000"
    },
    "done": true
  },
  "biomesoplenty:recipes/transportation/umbran_boat": {
    "criteria": {
      "in_water": "2024-10-23 06:27:10 +0000"
    },
    "done": true
  },
  "biomesoplenty:recipes/transportation/willow_boat": {
    "criteria": {
      "in_water": "2024-10-23 06:27:10 +0000"
    },
    "done": true
  },
  "exposure:adventure/get_photograph": {
    "criteria": {
      "get_photograph": "2024-10-23 18:36:16 +0000"
    },
    "done": true
  },
  "biomesoplenty:recipes/transportation/palm_boat": {
    "criteria": {
      "in_water": "2024-10-23 06:27:10 +0000"
    },
    "done": true
  },
  "minecraft:recipes/building_blocks/lime_concrete_powder": {
    "criteria": {
      "has_sand": "2024-10-23 18:26:00 +0000"
    },
    "done": true
  },
  "minecraft:recipes/building_blocks/yellow_concrete_powder": {
    "criteria": {
      "has_sand": "2024-10-23 18:26:00 +0000"
    },
    "done": true
  },
  "mcwfences:recipes/sandstone": {
    "criteria": {
      "has_sand": "2024-10-23 06:23:51 +0000"
    },
    "done": true
  },
  "mcwfences:recipes/mud_brick": {
    "criteria": {
      "has_qq": "2024-10-23 06:23:51 +0000"
    },
    "done": true
  },
  "smallships:recipes/transportation/birch_cog": {
    "criteria": {
      "in_water": "2024-10-23 06:27:10 +0000"
    },
    "done": true
  },
  "biomesoplenty:recipes/transportation/redwood_boat": {
    "criteria": {
      "in_water": "2024-10-23 06:27:10 +0000"
    },
    "done": true
  },
  "exposure:adventure/expose_film": {
    "criteria": {
      "expose_film": "2024-10-23 18:35:35 +0000"
    },
    "done": true
  },
  "biomesoplenty:recipes/transportation/mahogany_boat": {
    "criteria": {
      "in_water": "2024-10-23 06:27:10 +0000"
    },
    "done": true
  },
  "iceandfire:iceandfire/root": {
    "criteria": {
      "tick": "2024-10-23 06:17:50 +0000"
    },
    "done": true
  },
  "smallships:recipes/transportation/spruce_drakkar": {
    "criteria": {
      "in_water": "2024-10-23 06:27:10 +0000"
    },
    "done": true
  },
  "travelersbackpack:recipes/travelersbackpack/cow": {
    "criteria": {
      "has_milk_bucket": "2024-10-23 18:32:05 +0000"
    },
    "done": true
  },
  "farmersdelight:recipes/farmersdelight/cooking/baked_cod_stew": {
    "criteria": {
      "has_any_ingredient": "2024-10-23 06:30:59 +0000"
    },
    "done": true
  },
  "minecraft:recipes/decorations/chest": {
    "criteria": {
      "has_lots_of_items": "2024-10-23 18:34:28 +0000"
    },
    "done": true
  },
  "minecraft:recipes/building_blocks/brown_concrete_powder": {
    "criteria": {
      "has_sand": "2024-10-23 18:26:00 +0000"
    },
    "done": true
  },
  "smallships:recipes/transportation/oak_cog": {
    "criteria": {
      "in_water": "2024-10-23 06:27:10 +0000"
    },
    "done": true
  },
  "minecraft:recipes/transportation/mangrove_boat": {
    "criteria": {
      "in_water": "2024-10-23 06:27:10 +0000"
    },
    "done": true
  },
  "exposure:recipes/tools/camera": {
    "criteria": {
      "has_iron": "2024-10-23 06:23:51 +0000"
    },
    "done": true
  },
  "extradelight:recipes/extradelight.items/cheesecake": {
    "criteria": {
      "has_any_ingredient": "2024-10-23 18:32:05 +0000"
    },
    "done": true
  },
  "mcwfences:recipes/stone": {
    "criteria": {
      "has_stone": "2024-10-23 06:23:51 +0000"
    },
    "done": true
  },
  "mcwfences:recipes/mangrove": {
    "criteria": {
      "has_mangrove": "2024-10-23 06:23:51 +0000"
    },
    "done": true
  },
  "exposure:recipes/copying_color_photograph": {
    "criteria": {
      "has_photograph": "2024-10-23 18:36:16 +0000"
    },
    "done": true
  },
  "biomesoplenty:recipes/transportation/dead_boat": {
    "criteria": {
      "in_water": "2024-10-23 06:27:10 +0000"
    },
    "done": true
  },
  "mcwfences:recipes/warped": {
    "criteria": {
      "has_warped": "2024-10-23 06:23:51 +0000"
    },
    "done": true
  },
  "smallships:recipes/transportation/acacia_galley": {
    "criteria": {
      "in_water": "2024-10-23 06:27:10 +0000"
    },
    "done": true
  },
  "exposure:recipes/decorations/lightroom": {
    "criteria": {
      "has_developed_film": "2024-10-23 18:35:56 +0000"
    },
    "done": true
  },
  "minecraft:recipes/transportation/spruce_boat": {
    "criteria": {
      "in_water": "2024-10-23 06:27:10 +0000"
    },
    "done": true
  },
  "smallships:recipes/transportation/mangrove_cog": {
    "criteria": {
      "in_water": "2024-10-23 06:27:10 +0000"
    },
    "done": true
  },
  "minecraft:recipes/building_blocks/blue_concrete_powder": {
    "criteria": {
      "has_sand": "2024-10-23 18:26:00 +0000"
    },
    "done": true
  },
  "extradelight:recipes/extradelight.items/coffe_cake_feast": {
    "criteria": {
      "has_any_ingredient": "2024-10-23 18:32:05 +0000"
    },
    "done": true
  },
  "mcwfences:recipes/jungle": {
    "criteria": {
      "has_jungle": "2024-10-23 06:23:51 +0000"
    },
    "done": true
  },
  "minecraft:recipes/building_blocks/gray_concrete_powder": {
    "criteria": {
      "has_sand": "2024-10-23 18:26:00 +0000"
    },
    "done": true
  },
  "travelersbackpack:recipes/travelersbackpack/crafting_upgrade": {
    "criteria": {
      "has_crafting_table": "2024-10-23 18:35:52 +0000"
    },
    "done": true
  },
  "irons_spellbooks:grant_patchouli": {
    "criteria": {
      "tick": "2024-10-23 06:17:50 +0000"
    },
    "done": true
  },
  "minecraft:recipes/misc/sugar_from_sugar_cane": {
    "criteria": {
      "has_sugar_cane": "2024-10-23 18:24:59 +0000"
    },
    "done": true
  },
  "mcwfences:recipes/oak": {
    "criteria": {
      "has_oak": "2024-10-23 06:23:51 +0000"
    },
    "done": true
  },
  "mcwfences:recipes/spruce": {
    "criteria": {
      "has_spruce": "2024-10-23 06:23:51 +0000"
    },
    "done": true
  },
  "mcwfences:recipes/hedge": {
    "criteria": {
      "has_birch": "2024-10-23 06:23:51 +0000"
    },
    "done": true
  },
  "extradelight:recipes/extradelight.items/cheeseburger_burger": {
    "criteria": {
      "Recipes": "2024-10-23 18:32:35 +0000"
    },
    "done": true
  },
  "mcwfences:recipes/end": {
    "criteria": {
      "has_end_brick": "2024-10-23 06:23:51 +0000"
    },
    "done": true
  },
  "mcwfences:recipes/birch": {
    "criteria": {
      "has_birch": "2024-10-23 06:23:51 +0000"
    },
    "done": true
  },
  "smallships:recipes/transportation/jungle_galley": {
    "criteria": {
      "in_water": "2024-10-23 06:27:10 +0000"
    },
    "done": true
  },
  "minecraft:recipes/food/cooked_cod": {
    "criteria": {
      "has_cod": "2024-10-23 06:30:59 +0000"
    },
    "done": true
  },
  "smallships:recipes/transportation/acacia_brigg": {
    "criteria": {
      "in_water": "2024-10-23 06:27:10 +0000"
    },
    "done": true
  },
  "vinery:wine_bottle": {
    "criteria": {
      "has_glass_bottle": "2024-10-23 18:35:56 +0000"
    },
    "done": true
  },
  "biomesoplenty:biomesoplenty/root": {
    "criteria": {
      "grassland": "2024-10-23 06:18:34 +0000"
    },
    "done": true
  },
  "biomesoplenty:recipes/transportation/magic_boat": {
    "criteria": {
      "in_water": "2024-10-23 06:27:10 +0000"
    },
    "done": true
  },
  "minecraft:recipes/building_blocks/black_concrete_powder": {
    "criteria": {
      "has_sand": "2024-10-23 18:26:00 +0000"
    },
    "done": true
  },
  "exposure:recipes/tools/black_and_white_film": {
    "criteria": {
      "has_camera": "2024-10-23 18:34:44 +0000"
    },
    "done": true
  },
  "naturalist:recipes/food/cooked_venison": {
    "criteria": {
      "has_venison": "2024-10-23 18:33:51 +0000",
      "has_the_recipe": "2024-10-23 18:33:51 +0000"
    },
    "done": true
  },
  "smallships:recipes/transportation/dark_oak_galley": {
    "criteria": {
      "in_water": "2024-10-23 06:27:10 +0000"
    },
    "done": true
  },
  "minecraft:story/root": {
    "criteria": {
      "crafting_table": "2024-10-23 18:35:52 +0000"
    },
    "done": true
  },
  "naturalist:recipes/food/cooked_egg": {
    "criteria": {
      "has_eggs": "2024-10-23 06:23:51 +0000"
    },
    "done": true
  },
  "minecraft:recipes/building_blocks/light_gray_concrete_powder": {
    "criteria": {
      "has_sand": "2024-10-23 18:26:00 +0000"
    },
    "done": true
  },
  "minecraft:recipes/building_blocks/light_blue_concrete_powder": {
    "criteria": {
      "has_sand": "2024-10-23 18:26:00 +0000"
    },
    "done": true
  },
  "biomesoplenty:recipes/transportation/cherry_boat": {
    "criteria": {
      "in_water": "2024-10-23 06:27:10 +0000"
    },
    "done": true
  },
  "smallships:recipes/transportation/jungle_cog": {
    "criteria": {
      "in_water": "2024-10-23 06:27:10 +0000"
    },
    "done": true
  },
  "farmersdelight:recipes/farmersdelight/cooking/fish_stew": {
    "criteria": {
      "has_any_ingredient": "2024-10-23 06:30:59 +0000"
    },
    "done": true
  },
  "artifacts:amateur_archaeologist": {
    "criteria": {
      "find_artifact": "2024-10-23 18:38:31 +0000"
    },
    "done": true
  },
  "global:ps/book_of_experience": {
    "criteria": {
      "trigger": "2024-10-23 06:17:50 +0000"
    },
    "done": true
  },
  "incendium:technical/using/shield": {
    "criteria": {
      "log_spam_fixer": "2024-10-23 06:17:51 +0000"
    },
    "done": false
  },
  "biomesoplenty:recipes/transportation/fir_boat": {
    "criteria": {
      "in_water": "2024-10-23 06:27:10 +0000"
    },
    "done": true
  },
  "artifacts:chest_slayer": {
    "criteria": {
      "kill_mimic": "2024-10-23 18:39:13 +0000"
    },
    "done": true
  },
  "naturalist:recipes/food/cooked_venison_from_smoking": {
    "criteria": {
      "has_venison": "2024-10-23 18:33:51 +0000"
    },
    "done": true
  },
  "minecraft:recipes/building_blocks/glass": {
    "criteria": {
      "has_sand": "2024-10-23 18:26:00 +0000"
    },
    "done": true
  },
  "minecraft:recipes/building_blocks/pink_concrete_powder": {
    "criteria": {
      "has_sand": "2024-10-23 18:26:00 +0000"
    },
    "done": true
  },
  "farmersdelight:recipes/farmersdelight/milk_bottle": {
    "criteria": {
      "has_milk_bucket": "2024-10-23 18:32:05 +0000"
    },
    "done": true
  },
  "minecraft:recipes/building_blocks/red_concrete_powder": {
    "criteria": {
      "has_sand": "2024-10-23 18:26:00 +0000"
    },
    "done": true
  },
  "betterdungeons:root": {
    "criteria": {
      "always": "2024-10-23 06:17:50 +0000"
    },
    "done": true
  },
  "incendium:technical/using/trailblazer": {
    "criteria": {
      "log_spam_fixer": "2024-10-23 06:17:51 +0000"
    },
    "done": false
  },
  "minecraft:recipes/building_blocks/purple_concrete_powder": {
    "criteria": {
      "has_sand": "2024-10-23 18:26:00 +0000"
    },
    "done": true
  },
  "create:recipes/create.base/crafting/appliances/crafting_blueprint": {
    "criteria": {
      "has_item": "2024-10-23 18:35:52 +0000"
    },
    "done": true
  },
  "exposure:recipes/developing_color_film": {
    "criteria": {
      "has_color_film": "2024-10-23 18:34:56 +0000"
    },
    "done": true
  },
  "smallships:recipes/transportation/oak_brigg": {
    "criteria": {
      "in_water": "2024-10-23 06:27:10 +0000"
    },
    "done": true
  },
  "smallships:recipes/combat/cannon": {
    "criteria": {
      "has_ship": "2024-10-23 06:29:50 +0000"
    },
    "done": true
  },
  "incendium:technical/scroll_of_returning": {
    "criteria": {
      "log_spam_fixer": "2024-10-23 06:17:51 +0000"
    },
    "done": false
  },
  "create_connected:root": {
    "criteria": {
      "0": "2024-10-23 06:23:51 +0000"
    },
    "done": true
  },
  "smallships:recipes/transportation/birch_galley": {
    "criteria": {
      "in_water": "2024-10-23 06:27:10 +0000"
    },
    "done": true
  },
  "gothic:adv_root": {
    "criteria": {
      "adv_root": "2024-10-23 06:17:50 +0000"
    },
    "done": true
  },
  "mcwfences:recipes/blackstone": {
    "criteria": {
      "has_blackstone": "2024-10-23 06:23:51 +0000"
    },
    "done": true
  },
  "biomesoplenty:biomesoplenty/all_biomes": {
    "criteria": {
      "clover_patch": "2024-10-23 06:23:33 +0000",
      "field": "2024-10-23 18:12:28 +0000",
      "coniferous_forest": "2024-10-23 18:21:42 +0000",
      "seasonal_orchard": "2024-10-23 18:23:13 +0000",
      "rocky_rainforest": "2024-10-23 18:07:21 +0000",
      "fir_clearing": "2024-10-23 18:22:15 +0000",
      "grassland": "2024-10-23 06:18:34 +0000"
    },
    "done": false
  },
  "exposure:recipes/tools/color_film": {
    "criteria": {
      "has_camera": "2024-10-23 18:34:44 +0000"
    },
    "done": true
  },
  "smallships:recipes/transportation/oak_drakkar": {
    "criteria": {
      "in_water": "2024-10-23 06:27:10 +0000"
    },
    "done": true
  },
  "biomesoplenty:recipes/transportation/hellbark_boat": {
    "criteria": {
      "in_water": "2024-10-23 06:27:10 +0000"
    },
    "done": true
  },
  "createbb:p1/obtain_white_meth": {
    "criteria": {
      "requirement": "2024-10-23 06:25:17 +0000"
    },
    "done": true
  },
  "minecraft:adventure/adventuring_time": {
    "criteria": {
      "minecraft:deep_ocean": "2024-10-23 18:45:51 +0000",
      "minecraft:beach": "2024-10-23 06:17:51 +0000",
      "minecraft:river": "2024-10-23 06:23:32 +0000",
      "minecraft:lukewarm_ocean": "2024-10-23 18:07:20 +0000",
      "minecraft:cold_ocean": "2024-10-23 06:28:56 +0000",
      "minecraft:deep_cold_ocean": "2024-10-23 18:45:56 +0000",
      "minecraft:ocean": "2024-10-23 06:18:18 +0000",
      "minecraft:old_growth_birch_forest": "2024-10-23 18:10:32 +0000",
      "minecraft:plains": "2024-10-23 18:22:30 +0000"
    },
    "done": false
  },
  "smallships:recipes/transportation/birch_brigg": {
    "criteria": {
      "in_water": "2024-10-23 06:27:10 +0000"
    },
    "done": true
  },
  "minecraft:recipes/building_blocks/sandstone": {
    "criteria": {
      "has_sand": "2024-10-23 18:26:00 +0000"
    },
    "done": true
  },
  "incendium:technical/using/ragnarok": {
    "criteria": {
      "log_spam_fixer": "2024-10-23 06:17:51 +0000"
    },
    "done": false
  },
  "smallships:recipes/transportation/dark_oak_drakkar": {
    "criteria": {
      "in_water": "2024-10-23 06:27:10 +0000"
    },
    "done": true
  },
  "vintageimprovements:root": {
    "criteria": {
      "0": "2024-10-23 06:23:51 +0000"
    },
    "done": true
  },
  "mcwfences:recipes/nether": {
    "criteria": {
      "has_nether_brick": "2024-10-23 06:23:51 +0000"
    },
    "done": true
  },
  "minecraft:recipes/transportation/birch_boat": {
    "criteria": {
      "in_water": "2024-10-23 06:27:10 +0000"
    },
    "done": true
  },
  "minecraft:recipes/building_blocks/green_concrete_powder": {
    "criteria": {
      "has_sand": "2024-10-23 18:26:00 +0000"
    },
    "done": true
  },
  "incendium:technical/new_player": {
    "criteria": {
      "requirement": "2024-10-23 06:17:50 +0000"
    },
    "done": true
  },
  "minecraft:recipes/transportation/acacia_boat": {
    "criteria": {
      "in_water": "2024-10-23 06:27:10 +0000"
    },
    "done": true
  },
  "mcwfences:recipes/crimson": {
    "criteria": {
      "has_crimson": "2024-10-23 06:23:51 +0000"
    },
    "done": true
  },
  "minecraft:adventure/root": {
    "criteria": {
      "killed_something": "2024-10-23 06:30:58 +0000"
    },
    "done": true
  },
  "smallships:recipes/transportation/mangrove_galley": {
    "criteria": {
      "in_water": "2024-10-23 06:27:10 +0000"
    },
    "done": true
  },
  "smallships:recipes/misc/sail": {
    "criteria": {
      "in_water": "2024-10-23 06:27:10 +0000"
    },
    "done": true
  },
  "extradelight:recipes/extradelight.items/beef_wellington_block_item": {
    "criteria": {
      "has_any_ingredient": "2024-10-23 18:32:05 +0000"
    },
    "done": true
  },
  "mcwfences:recipes/prismarine": {
    "criteria": {
      "has_qq": "2024-10-23 06:23:51 +0000"
    },
    "done": true
  },
  "mcwfences:recipes/bamboo": {
    "criteria": {
      "has_bamboo": "2024-10-23 06:23:51 +0000"
    },
    "done": true
  },
  "minecraft:recipes/transportation/jungle_boat": {
    "criteria": {
      "in_water": "2024-10-23 06:27:10 +0000"
    },
    "done": true
  },
  "farmersdelight:recipes/farmersdelight/cooking/hot_cocoa": {
    "criteria": {
      "has_any_ingredient": "2024-10-23 18:32:05 +0000"
    },
    "done": true
  },
  "mcwfences:recipes/acacia": {
    "criteria": {
      "has_acacia": "2024-10-23 06:23:51 +0000"
    },
    "done": true
  },
  "minecraft:recipes/building_blocks/white_concrete_powder": {
    "criteria": {
      "has_sand": "2024-10-23 18:26:00 +0000"
    },
    "done": true
  },
  "farmersdelight:main/root": {
    "criteria": {
      "seeds": "2024-10-23 06:23:51 +0000"
    },
    "done": true
  },
  "minecraft:recipes/transportation/dark_oak_boat": {
    "criteria": {
      "in_water": "2024-10-23 06:27:10 +0000"
    },
    "done": true
  },
  "smallships:recipes/transportation/oak_galley": {
    "criteria": {
      "in_water": "2024-10-23 06:27:10 +0000"
    },
    "done": true
  },
  "exposure:recipes/copying_black_and_white_photograph": {
    "criteria": {
      "has_photograph": "2024-10-23 18:36:16 +0000"
    },
    "done": true
  },
  "extradelight:recipes/food/cake": {
    "criteria": {
      "has_any_ingredient": "2024-10-23 18:32:05 +0000"
    },
    "done": true
  },
  "farmersdelight:recipes/farmersdelight/cooking/pumpkin_soup": {
    "criteria": {
      "has_any_ingredient": "2024-10-23 18:32:05 +0000"
    },
    "done": true
  },
  "mcwfences:recipes/quartz": {
    "criteria": {
      "has_qq": "2024-10-23 06:23:51 +0000"
    },
    "done": true
  },
  "dungeons_arise:wda_root": {
    "criteria": {
      "WDA": "2024-10-23 06:17:50 +0000"
    },
    "done": true
  },
  "smallships:recipes/transportation/spruce_galley": {
    "criteria": {
      "in_water": "2024-10-23 06:27:10 +0000"
    },
    "done": true
  },
  "smallships:recipes/transportation/mangrove_brigg": {
    "criteria": {
      "in_water": "2024-10-23 06:27:10 +0000"
    },
    "done": true
  },
  "minecraft:recipes/food/cooked_cod_from_smoking": {
    "criteria": {
      "has_cod": "2024-10-23 06:30:59 +0000"
    },
    "done": true
  },
  "smallships:recipes/transportation/acacia_drakkar": {
    "criteria": {
      "in_water": "2024-10-23 06:27:10 +0000"
    },
    "done": true
  },
  "extradelight:recipes/extradelight.items/haggis_block_item": {
    "criteria": {
      "has_any_ingredient": "2024-10-23 18:32:05 +0000"
    },
    "done": true
  },
  "smallships:recipes/transportation/spruce_brigg": {
    "criteria": {
      "in_water": "2024-10-23 06:27:10 +0000"
    },
    "done": true
  },
  "mcwfences:recipes/dark_oak": {
    "criteria": {
      "has_dark_oak": "2024-10-23 06:23:51 +0000"
    },
    "done": true
  },
  "biomesoplenty:recipes/transportation/jacaranda_boat": {
    "criteria": {
      "in_water": "2024-10-23 06:27:10 +0000"
    },
    "done": true
  },
  "extradelight:recipes/extradelight.items/bacon_cheeseburger_burger": {
    "criteria": {
      "Recipes": "2024-10-23 18:32:35 +0000"
    },
    "done": true
  },
  "smallships:recipes/transportation/jungle_brigg": {
    "criteria": {
      "in_water": "2024-10-23 06:27:10 +0000"
    },
    "done": true
  },
  "naturalist:recipes/food/cooked_venison_from_campfire_cooking": {
    "criteria": {
      "has_venison": "2024-10-23 18:33:51 +0000",
      "has_the_recipe": "2024-10-23 18:33:51 +0000"
    },
    "done": true
  },
  "extradelight:recipes/extradelight.items/rack_lamb_block_item": {
    "criteria": {
      "has_any_ingredient": "2024-10-23 18:32:05 +0000"
    },
    "done": true
  },
  "create:root": {
    "criteria": {
      "0": "2024-10-23 06:23:51 +0000"
    },
    "done": true
  },
  "smallships:recipes/transportation/dark_oak_brigg": {
    "criteria": {
      "in_water": "2024-10-23 06:27:10 +0000"
    },
    "done": true
  },
  "travelersbackpack:recipes/travelersbackpack/ocelot": {
    "criteria": {
      "has_cod": "2024-10-23 06:30:59 +0000"
    },
    "done": true
  },
  "smallships:recipes/transportation/dark_oak_cog": {
    "criteria": {
      "in_water": "2024-10-23 06:27:10 +0000"
    },
    "done": true
  },
  "minecraft:recipes/transportation/oak_boat": {
    "criteria": {
      "in_water": "2024-10-23 06:27:10 +0000"
    },
    "done": true
  },
  "global:root": {
    "criteria": {
      "trigger": "2024-10-23 06:17:50 +0000"
    },
    "done": true
  },
  "smallships:recipes/transportation/spruce_cog": {
    "criteria": {
      "in_water": "2024-10-23 06:27:10 +0000"
    },
    "done": true
  },
  "minecraft:recipes/food/cooked_cod_from_campfire_cooking": {
    "criteria": {
      "has_cod": "2024-10-23 06:30:59 +0000"
    },
    "done": true
  },
  "smallships:recipes/transportation/mangrove_drakkar": {
    "criteria": {
      "in_water": "2024-10-23 06:27:10 +0000"
    },
    "done": true
  },
  "global:ps": {
    "criteria": {
      "trigger": "2024-10-23 06:17:50 +0000"
    },
    "done": true
  },
  "minecraft:recipes/building_blocks/orange_concrete_powder": {
    "criteria": {
      "has_sand": "2024-10-23 18:26:00 +0000"
    },
    "done": true
  },
  "minecraft:recipes/building_blocks/cyan_concrete_powder": {
    "criteria": {
      "has_sand": "2024-10-23 18:26:00 +0000"
    },
    "done": true
  },
  "createbb:p1/obtain_sudafed": {
    "criteria": {
      "requirement": "2024-10-23 06:25:45 +0000"
    },
    "done": true
  },
  "extradelight:recipes/extradelight.items/chocolate_milk_bucket": {
    "criteria": {
      "Recipes": "2024-10-23 18:32:05 +0000"
    },
    "done": true
  },
  "DataVersion": 3120
}